bin,density,oe,meth,cond,source,rep
0,1.4114832535885167,0.6435938119793733,0.9525521468926554,M0_ctx,slim,0
10,0.5,0.2635431918008785,0.9525715151515153,M0_ctx,slim,0
20,1.2272727272727273,0.9894136807817588,0.9525676543209876,M0_ctx,slim,0
30,0.7348484848484849,0.23935305135883891,0.9525700206185568,M0_ctx,slim,0
40,2.212121212121212,0.6084178358105292,0.9525717397260273,M0_ctx,slim,0
50,0.7651515151515151,0.4150762467542981,0.9525707326732673,M0_ctx,slim,0
60,0.5606060606060606,0.4026845637583893,0.9525718918918918,M0_ctx,slim,0
70,1.4393939393939394,0.5946143304898693,0.9525727789473684,M0_ctx,slim,0
80,0.8787878787878787,0.39115107546109434,0.9525732758620691,M0_ctx,slim,0
90,0.46969696969696967,0.3183395310482177,0.9525745806451613,M0_ctx,slim,0
100,0.7575757575757576,0.1640570819216553,0.95257447,M0_ctx,slim,0
110,1.2196969696969697,0.29372009519781744,0.9525734596273292,M0_ctx,slim,0
120,0.946969696969697,0.5931411316413832,0.952574136,M0_ctx,slim,0
130,1.1590909090909092,0.8109019658229475,0.9525743137254901,M0_ctx,slim,0
140,0.27548209366391185,0.33878294792495445,0.9525747000000001,M0_ctx,slim,0
0,0.4146730462519936,0.6814797164472509,0.9464810769230769,M0_ctx,slim,1
10,0.7348484848484849,0.25738028520083456,0.9332003711340207,M0_ctx,slim,1
20,1.1818181818181819,1.1791518261048821,0.9501645512820514,M0_ctx,slim,1
30,0.7045454545454546,0.35784245137820064,0.9489356989247313,M0_ctx,slim,1
40,0.0984848484848485,0.028314495503671315,0.9521921538461539,M0_ctx,slim,1
50,0.7121212121212122,0.5762478869053148,0.9523726914893617,M0_ctx,slim,1
60,0.24242424242424243,0.3054053272406513,0.95192625,M0_ctx,slim,1
70,0.8181818181818182,0.29667242419828105,0.9521013703703703,M0_ctx,slim,1
80,1.659090909090909,0.7348507572714841,0.9524071780821918,M0_ctx,slim,1
90,1.3939393939393938,0.7240855021912171,0.9523266902173912,M0_ctx,slim,1
100,1.0606060606060608,0.3992481690323417,0.952495842857143,M0_ctx,slim,1
110,1.196969696969697,1.1123318648732254,0.9523782911392406,M0_ctx,slim,1
120,0.7727272727272727,0.4843792721359601,0.9525024901960785,M0_ctx,slim,1
130,0.9772727272727273,0.4750877467091497,0.9524836434108527,M0_ctx,slim,1
140,0.15151515151515152,0.08827821011673151,0.9525636363636363,M0_ctx,slim,1
0,0.6618819776714514,0.3438989020095297,0.9525249759036145,M0_ctx,slim,2
10,1.8560606060606062,0.6133875532019816,0.9525393591836735,M0_ctx,slim,2
20,1.3560606060606062,0.302072626298268,0.9525505363128492,M0_ctx,slim,2
30,0.8484848484848486,1.0188554416142903,0.9525577500000001,M0_ctx,slim,2
40,1.628787878787879,0.4303808218180936,0.952569488372093,M0_ctx,slim,2
50,1.1287878787878787,0.5297606542010763,0.9525724026845638,M0_ctx,slim,2
60,1.0303030303030303,0.5173755410943508,0.9525725955882353,M0_ctx,slim,2
70,1.0227272727272727,0.25188632039600717,0.9525728740740741,M0_ctx,slim,2
80,1.6136363636363635,0.7167950724800253,0.9525733051643194,M0_ctx,slim,2
90,1.106060606060606,0.7596373669688607,0.9525723561643835,M0_ctx,slim,2
100,0.8712121212121213,0.5900324168007649,0.9525730434782609,M0_ctx,slim,2
110,1.7045454545454544,1.1194029850746268,0.9525737599999999,M0_ctx,slim,2
120,0.5984848484848485,0.21698419436190666,0.9525742658227848,M0_ctx,slim,2
130,1.2727272727272727,0.5693043889014396,0.9525737023809524,M0_ctx,slim,2
140,0.8402203856749311,0.16858025776951485,0.9525749180327869,M0_ctx,slim,2
0,1.0526315789473684,0.3731225025590071,0.9525339393939394,M0_ctx,slim,3
10,1.090909090909091,0.544420321817484,0.9524745208333333,M0_ctx,slim,3
20,0.7803030303030303,0.24559692190971655,0.9525333203883496,M0_ctx,slim,3
30,0.7424242424242424,0.7144987572493786,0.9524912653061225,M0_ctx,slim,3
40,0.6969696969696969,0.7152027703506518,0.9525210217391303,M0_ctx,slim,3
50,1.0227272727272727,0.5094193991023699,0.9525720740740741,M0_ctx,slim,3
60,0.5454545454545455,0.8181113884823964,0.9525624722222223,M0_ctx,slim,3
70,0.4772727272727273,0.8687113488216615,0.9525656031746033,M0_ctx,slim,3
80,1.6969696969696972,0.4706331773469582,0.9525733125000001,M0_ctx,slim,3
90,1.0151515151515151,0.6904358551989571,0.9525743880597015,M0_ctx,slim,3
100,1.3409090909090908,0.5220958918802959,0.9525728305084745,M0_ctx,slim,3
110,0.7954545454545454,0.31140609061782426,0.9525742857142858,M0_ctx,slim,3
120,1.2878787878787878,0.649967559551395,0.9525730529411763,M0_ctx,slim,3
130,0.803030303030303,0.39926493248564676,0.9525727735849057,M0_ctx,slim,3
140,0.7024793388429752,0.17090718917080056,0.9525743137254901,M0_ctx,slim,3
0,1.555023923444976,0.5782580369779614,0.9524504461538461,M0_ctx,slim,4
10,0.6060606060606061,0.31235210601041175,0.9524265,M0_ctx,slim,4
20,0.196969696969697,0.24789090488847804,0.952516230769231,M0_ctx,slim,4
30,0.8409090909090909,0.3370988151386173,0.9525126126126126,M0_ctx,slim,4
40,0.4772727272727273,0.15019505851755527,0.9525357142857144,M0_ctx,slim,4
50,1.1363636363636365,0.42957190339405193,0.9525241466666665,M0_ctx,slim,4
60,2.2196969696969697,0.6673845070714182,0.9525535665529009,M0_ctx,slim,4
70,1.1893939393939394,0.3397822665267576,0.9525652866242038,M0_ctx,slim,4
80,2.3863636363636367,0.8179210877288231,0.9525669206349207,M0_ctx,slim,4
90,1.3863636363636365,0.5964414990543256,0.9525698360655739,M0_ctx,slim,4
100,1.174242424242424,0.8272683163512857,0.9525726645161291,M0_ctx,slim,4
110,1.7727272727272727,0.7646415185887503,0.9525728461538462,M0_ctx,slim,4
120,1.0833333333333335,0.3651699522160531,0.9525717692307691,M0_ctx,slim,4
130,0.9924242424242424,0.4765920854624531,0.9525729007633589,M0_ctx,slim,4
140,0.34435261707988984,0.09385291825695224,0.9525725600000001,M0_ctx,slim,4
0,0.518341307814992,0.2460229162604517,0.9484994153846154,M0_ctx,slim,5
10,1.4015151515151516,0.4329249915790594,0.9506857945945946,M0_ctx,slim,5
20,1.5,0.4961614688930906,0.9508494545454546,M0_ctx,slim,5
30,1.090909090909091,0.4698159096751231,0.9514509166666666,M0_ctx,slim,5
40,0.8181818181818182,0.3446175267600731,0.9522062407407409,M0_ctx,slim,5
50,0.8106060606060607,0.5015090721869119,0.9520715420560748,M0_ctx,slim,5
60,1.196969696969697,0.3524211209343823,0.9523121898734176,M0_ctx,slim,5
70,0.5606060606060606,0.25436572624956383,0.9524388783783783,M0_ctx,slim,5
80,0.43939393939393934,0.2330707127287783,0.9525345344827586,M0_ctx,slim,5
90,1.0757575757575757,0.6835238088292138,0.9524908591549296,M0_ctx,slim,5
100,0.8712121212121213,0.20514899655382118,0.9525025565217392,M0_ctx,slim,5
110,1.0378787878787878,0.6114871947467015,0.9525420437956206,M0_ctx,slim,5
120,1.3333333333333335,0.5788175498916212,0.952555056818182,M0_ctx,slim,5
130,0.7803030303030303,0.217309302935178,0.9525629708737865,M0_ctx,slim,5
140,0.013774104683195591,0.022329735764793447,0.95256,M0_ctx,slim,5
0,0.4066985645933014,0.2911840272671436,0.920953431372549,M0_ctx,slim,6
10,1.0833333333333335,0.33833050136579695,0.9521499650349652,M0_ctx,slim,6
20,1.446969696969697,0.6146330047099435,0.9520901570680629,M0_ctx,slim,6
30,0.23484848484848483,0.10365686840745357,0.9479628064516128,M0_ctx,slim,6
40,0.4015151515151515,0.37793744260169626,0.952331320754717,M0_ctx,slim,6
50,1.0227272727272727,0.2978279617336194,0.952449562962963,M0_ctx,slim,6
60,1.5075757575757576,0.4893497319269589,0.9520341708542713,M0_ctx,slim,6
70,0.3560606060606061,0.42118698149329936,0.9521489574468084,M0_ctx,slim,6
80,0.5606060606060606,0.3225849064081056,0.9524912837837837,M0_ctx,slim,6
90,1.6893939393939394,0.47631530403207806,0.9522698520179372,M0_ctx,slim,6
100,0.9393939393939393,0.510950727967435,0.9523965322580645,M0_ctx,slim,6
110,0.7803030303030303,0.34710060198824616,0.9525153398058251,M0_ctx,slim,6
120,0.9924242424242424,0.46553952186086595,0.9525281679389312,M0_ctx,slim,6
130,1.2803030303030303,0.5607307497021401,0.952557201183432,M0_ctx,slim,6
140,1.184573002754821,1.4448262695685377,0.9525289534883721,M0_ctx,slim,6
0,0.5741626794258373,0.3074752990960795,0.9525359722222224,M0_ctx,slim,7
10,0.8257575757575757,0.2710993201790748,0.9525526605504586,M0_ctx,slim,7
20,0.8409090909090909,0.7605581163572942,0.9524999099099101,M0_ctx,slim,7
30,1.5303030303030303,0.47239742045212946,0.9525483267326734,M0_ctx,slim,7
40,0.5606060606060606,0.2673307972303566,0.952557027027027,M0_ctx,slim,7
50,0.803030303030303,0.271792759963015,0.952553396226415,M0_ctx,slim,7
60,1.7878787878787878,0.5660397928590898,0.9525515805084747,M0_ctx,slim,7
70,1.053030303030303,0.5802399640749618,0.9525712230215827,M0_ctx,slim,7
80,0.8636363636363636,1.1323651140040636,0.9525667894736842,M0_ctx,slim,7
90,1.25,0.37657033981237187,0.9525664727272728,M0_ctx,slim,7
100,1.3409090909090908,0.44244804587340125,0.9525704689265535,M0_ctx,slim,7
110,0.7272727272727273,0.9091169971590094,0.9525731041666665,M0_ctx,slim,7
120,1.3560606060606062,0.5714147521160824,0.9525751620111732,M0_ctx,slim,7
130,1.378787878787879,0.5079628204369191,0.9525741098901098,M0_ctx,slim,7
140,0.8264462809917356,1.3574660633484161,0.9525731666666667,M0_ctx,slim,7
0,0.9569377990430622,0.4093996505629245,0.9525046083333333,M0_ctx,slim,8
10,0.9090909090909091,0.6605559679396826,0.9525479000000001,M0_ctx,slim,8
20,1.8257575757575757,0.5831756786484227,0.9525090331950207,M0_ctx,slim,8
30,0.3106060606060606,0.23243628617321918,0.9525507317073171,M0_ctx,slim,8
40,0.7121212121212122,0.38932433026049085,0.9525447021276596,M0_ctx,slim,8
50,0.75,0.2765761113415677,0.9525620303030303,M0_ctx,slim,8
60,0.8787878787878787,1.0795110052029724,0.9525698620689655,M0_ctx,slim,8
70,0.4924242424242424,0.453876998275479,0.9525711230769232,M0_ctx,slim,8
80,0.8181818181818182,0.2153474320241692,0.9525708703703705,M0_ctx,slim,8
90,1.0378787878787878,0.9413748945872505,0.9525730218978101,M0_ctx,slim,8
100,0.07575757575757576,0.21395921807631213,0.9525737,M0_ctx,slim,8
110,1.2045454545454546,0.40821248521814896,0.9525731823899372,M0_ctx,slim,8
120,0.6590909090909091,0.22832557270272744,0.9525736551724138,M0_ctx,slim,8
130,1.3636363636363635,0.7681564245810055,0.9525736888888889,M0_ctx,slim,8
140,0.4269972451790634,0.24671707122960604,0.9525752903225807,M0_ctx,slim,8
0,0.14354066985645933,0.11158387105863789,0.9525438333333334,M0_ctx,slim,9
10,0.7121212121212122,0.411924838988115,0.952559340425532,M0_ctx,slim,9
20,0.7575757575757576,0.43950482456432427,0.9524680000000001,M0_ctx,slim,9
30,1.3181818181818181,0.2813499111900533,0.9525598275862068,M0_ctx,slim,9
40,0.6818181818181818,0.27842488387244957,0.9525721333333333,M0_ctx,slim,9
50,1.2651515151515151,0.4370548955541105,0.9525688083832335,M0_ctx,slim,9
60,0.6363636363636364,0.42346794582910047,0.9525732976190477,M0_ctx,slim,9
70,1.0075757575757576,0.5523707642450366,0.9525656466165413,M0_ctx,slim,9
80,0.43939393939393934,0.45357062454826585,0.9525752413793104,M0_ctx,slim,9
90,0.10606060606060608,0.42301881609669,0.952574,M0_ctx,slim,9
100,0.34848484848484845,0.40755507228867144,0.9525746304347824,M0_ctx,slim,9
110,0.5227272727272727,0.242671625963839,0.9525733768115943,M0_ctx,slim,9
120,1.174242424242424,0.37640184852677117,0.9525736645161289,M0_ctx,slim,9
130,0.12878787878787878,0.2295041728031418,0.9525742352941177,M0_ctx,slim,9
140,0.8539944903581268,0.39514470291723397,0.9525740322580645,M0_ctx,slim,9
0,0.7974481658692184,0.352707295696971,0.95253622,M0_ctx,slim,10
10,1.2954545454545454,0.46627115282919096,0.9525267953216375,M0_ctx,slim,10
20,2.356060606060606,0.6293982908184386,0.9525341704180064,M0_ctx,slim,10
30,2.348484848484848,0.6443059540042387,0.9524935741935484,M0_ctx,slim,10
40,0.46212121212121215,0.3264783158714198,0.9524979508196723,M0_ctx,slim,10
50,0.2803030303030303,0.22293022703827794,0.9525201351351352,M0_ctx,slim,10
60,0.8636363636363636,0.7643545044495915,0.9525543859649123,M0_ctx,slim,10
70,1.924242424242424,0.763982882845932,0.9525702125984252,M0_ctx,slim,10
80,0.5757575757575757,0.2376530341507789,0.9525702631578948,M0_ctx,slim,10
90,1.8106060606060606,0.9758360862625738,0.9525706569037657,M0_ctx,slim,10
100,1.6136363636363635,0.36542285647444145,0.9525710046948357,M0_ctx,slim,10
110,0.24242424242424243,0.3160588420154737,0.95257375,M0_ctx,slim,10
120,0.6590909090909091,0.24336386330596796,0.9525733793103449,M0_ctx,slim,10
130,0.8484848484848486,0.48678976898559123,0.9525728571428571,M0_ctx,slim,10
140,1.0881542699724518,0.8646049249647624,0.9525746835443037,M0_ctx,slim,10
0,0.1594896331738437,0.14825297348293406,0.95254865,M0_ctx,slim,11
10,0.9848484848484848,0.7817411507448409,0.9525504076923076,M0_ctx,slim,11
20,0.553030303030303,0.43454732398939344,0.9525415616438356,M0_ctx,slim,11
30,0.9090909090909091,0.2663608449557915,0.9525677416666666,M0_ctx,slim,11
40,0.3409090909090909,0.2567005764959075,0.9525591111111111,M0_ctx,slim,11
50,0.6515151515151516,0.14822707259366041,0.9525684069767443,M0_ctx,slim,11
60,1.2196969696969697,0.4234630236997421,0.9525709813664597,M0_ctx,slim,11
70,0.9545454545454546,0.38865079847269024,0.9525726984126984,M0_ctx,slim,11
80,1.0606060606060608,0.3022472277648752,0.9525736071428572,M0_ctx,slim,11
90,0.553030303030303,0.23086764642461818,0.9525735068493152,M0_ctx,slim,11
100,1.5833333333333335,0.4926780484320309,0.9525735550239235,M0_ctx,slim,11
110,1.3409090909090908,0.28105444738228647,0.9525737570621468,M0_ctx,slim,11
120,0.4924242424242424,0.2512871878679248,0.9525735076923078,M0_ctx,slim,11
130,0.6666666666666667,0.14308837333057406,0.9525747727272726,M0_ctx,slim,11
140,1.8457300275482096,0.7360370182344765,0.9525734477611941,M0_ctx,slim,11
0,0.6299840510366826,0.23650548852399525,0.9518185822784808,M0_ctx,slim,12
10,1.143939393939394,0.7048788423181928,0.9520987417218543,M0_ctx,slim,12
20,1.3939393939393938,0.6924511195880874,0.9524588750000001,M0_ctx,slim,12
30,1.3333333333333335,0.6509532295484349,0.9521444488636365,M0_ctx,slim,12
40,1.840909090909091,0.5347425980261403,0.9525181399176954,M0_ctx,slim,12
50,0.4015151515151515,0.1849844259824323,0.9525488867924528,M0_ctx,slim,12
60,0.7196969696969697,1.0981504833963849,0.9525306315789474,M0_ctx,slim,12
70,0.6060606060606061,0.9724652362095957,0.95249875,M0_ctx,slim,12
80,1.106060606060606,0.32739541252297644,0.9525453150684932,M0_ctx,slim,12
90,0.3257575757575758,0.22655245910799957,0.9525467906976743,M0_ctx,slim,12
100,1.0984848484848484,1.1112401300510915,0.9525696758620692,M0_ctx,slim,12
110,0.8333333333333334,0.5118010320615853,0.9525705545454546,M0_ctx,slim,12
120,1.0681818181818181,0.6393810933925124,0.9525683262411349,M0_ctx,slim,12
130,0.7424242424242424,0.2787979103087984,0.9525693265306121,M0_ctx,slim,12
140,0.22038567493112945,0.1091495431430107,0.9525730000000001,M0_ctx,slim,12
0,1.4114832535885167,0.48488521228774345,0.9525629039548023,M0_ctx,slim,13
10,1.371212121212121,0.6243042817051565,0.952535723756906,M0_ctx,slim,13
20,0.25,0.11308235074220029,0.952563606060606,M0_ctx,slim,13
30,1.2045454545454546,0.447169714840887,0.9525693144654087,M0_ctx,slim,13
40,0.787878787878788,0.7091714967609956,0.9525715961538462,M0_ctx,slim,13
50,0.2803030303030303,0.3421845442443775,0.9525615135135136,M0_ctx,slim,13
60,0.8636363636363636,0.4917839915290796,0.9525735350877192,M0_ctx,slim,13
70,0.8181818181818182,0.37345180962759605,0.9525735185185186,M0_ctx,slim,13
80,0.7803030303030303,0.8535482898900105,0.9525730582524271,M0_ctx,slim,13
90,1.4318181818181819,0.8844613039316482,0.9525731534391535,M0_ctx,slim,13
100,1.3257575757575757,0.2200981008678154,0.9525740799999999,M0_ctx,slim,13
110,1.4545454545454546,0.32397275683635696,0.9525736979166668,M0_ctx,slim,13
120,0.9090909090909091,0.33158053387815256,0.9525742833333334,M0_ctx,slim,13
130,0.5303030303030304,0.22088459019215048,0.9525734857142859,M0_ctx,slim,13
140,0.7575757575757576,0.5693403180777313,0.9525747272727273,M0_ctx,slim,13
0,1.6586921850079743,0.4079231221808198,0.9524989567307695,M0_ctx,slim,14
10,0.5378787878787878,0.17954091778129422,0.9524823098591549,M0_ctx,slim,14
20,0.5909090909090909,0.3398311406259283,0.9525643974358974,M0_ctx,slim,14
30,1.196969696969697,0.46328958709115625,0.9525522784810128,M0_ctx,slim,14
40,2.015151515151515,0.6143681519612818,0.9525233007518797,M0_ctx,slim,14
50,0.7727272727272727,0.17498940757819545,0.9525572941176472,M0_ctx,slim,14
60,1.2954545454545454,0.4263050540152603,0.952547,M0_ctx,slim,14
70,0.34848484848484845,0.4923216631261452,0.9525181086956521,M0_ctx,slim,14
80,2.015151515151515,0.6657262468147069,0.952569537593985,M0_ctx,slim,14
90,0.8409090909090909,0.41655768465343723,0.9525681441441443,M0_ctx,slim,14
100,1.446969696969697,0.2804418193346014,0.9525728062827226,M0_ctx,slim,14
110,0.8257575757575757,0.6197450034458994,0.9525724770642202,M0_ctx,slim,14
120,0.4242424242424243,0.16368467670504872,0.9525745357142857,M0_ctx,slim,14
130,0.856060606060606,0.8652875590258845,0.9525736283185839,M0_ctx,slim,14
140,1.9146005509641875,0.5407285158552398,0.9525748920863308,M0_ctx,slim,14
0,1.3636363636363635,0.355404120244116,0.9524549707602341,M0_ctx,slim,15
10,0.7954545454545454,0.35237945114230945,0.9522498952380952,M0_ctx,slim,15
20,0.9242424242424243,0.4312870587101025,0.952362213114754,M0_ctx,slim,15
30,1.2424242424242424,0.4502795527156549,0.9525233536585366,M0_ctx,slim,15
40,0.6287878787878788,0.24236471509536636,0.9525549397590362,M0_ctx,slim,15
50,0.4242424242424243,0.5424047196254824,0.9523716071428572,M0_ctx,slim,15
60,0.34848484848484845,0.10382823881862889,0.9524544347826087,M0_ctx,slim,15
70,0.7727272727272727,0.7449209932279909,0.9525429705882353,M0_ctx,slim,15
80,0.38636363636363635,0.32375657660603846,0.9525324509803923,M0_ctx,slim,15
90,0.3409090909090909,0.11417851060476167,0.9525742444444445,M0_ctx,slim,15
100,0.4242424242424243,0.1553221800577415,0.9525669999999999,M0_ctx,slim,15
110,0.6969696969696969,0.481663929939792,0.9525694891304347,M0_ctx,slim,15
120,1.2196969696969697,0.24803400488785254,0.952573900621118,M0_ctx,slim,15
130,1.893939393939394,0.8700099655686965,0.9525702159999999,M0_ctx,slim,15
140,0.4820936639118457,0.17138659920019586,0.9525729714285713,M0_ctx,slim,15
0,0.07974481658692185,0.0662025798944771,0.9524985999999999,M0_ctx,slim,16
10,0.5303030303030304,0.5601086271276854,0.9525312428571429,M0_ctx,slim,16
20,0.3787878787878788,0.9545572879002632,0.9525648000000001,M0_ctx,slim,16
30,1.3409090909090908,0.3264231765484983,0.9525520960451977,M0_ctx,slim,16
40,1.0075757575757576,0.4465039624810524,0.9525646015037594,M0_ctx,slim,16
50,0.9848484848484848,0.33130611062843907,0.9525614769230769,M0_ctx,slim,16
60,1.25,0.6459611118360955,0.9525708666666667,M0_ctx,slim,16
70,1.3409090909090908,0.4519044045399333,0.9525709604519773,M0_ctx,slim,16
80,0.5303030303030304,0.22016459924800927,0.9525704285714286,M0_ctx,slim,16
90,0.6212121212121212,0.8167453933567753,0.9525702073170732,M0_ctx,slim,16
100,0.3787878787878788,0.20190772205260615,0.9525735399999999,M0_ctx,slim,16
110,1.9696969696969695,0.5034708978564345,0.9525732423076924,M0_ctx,slim,16
120,0.6590909090909091,0.3354481404886256,0.9525737701149426,M0_ctx,slim,16
130,1.1136363636363638,0.5658627628240647,0.952573768707483,M0_ctx,slim,16
140,1.556473829201102,0.35773215656178053,0.9525734867256638,M0_ctx,slim,16
0,1.7862838915470494,0.9847465529874109,0.9523523348214286,M0_ctx,slim,17
10,0.5681818181818182,0.5397801622611882,0.9524926133333335,M0_ctx,slim,17
20,1.371212121212121,0.548122453474287,0.9524982209944752,M0_ctx,slim,17
30,0.5984848484848485,0.22771144322062767,0.9525105063291138,M0_ctx,slim,17
40,0.21212121212121215,0.4000865988309158,0.9525665,M0_ctx,slim,17
50,0.7424242424242424,0.31732948691531015,0.9525460102040818,M0_ctx,slim,17
60,1.4090909090909092,0.5691158676513539,0.9525598763440859,M0_ctx,slim,17
70,0.5151515151515151,0.2119500538375805,0.952570632352941,M0_ctx,slim,17
80,1.1136363636363638,0.36709536079548677,0.9525668843537415,M0_ctx,slim,17
90,1.174242424242424,0.5763088068773978,0.9525724129032259,M0_ctx,slim,17
100,2.159090909090909,0.841870644628543,0.952574603508772,M0_ctx,slim,17
110,1.174242424242424,0.36447329511648535,0.9525722193548386,M0_ctx,slim,17
120,1.106060606060606,0.35813306970140707,0.9525724657534247,M0_ctx,slim,17
130,0.3409090909090909,0.24695874874233975,0.9525735555555555,M0_ctx,slim,17
140,0.9228650137741048,1.4120577340656533,0.9525738507462685,M0_ctx,slim,17
0,0.8133971291866028,0.7423662649008084,0.9521824705882354,M0_ctx,slim,18
10,0.5,0.6777762218176726,0.9524066212121214,M0_ctx,slim,18
20,0.3106060606060606,0.2288507564929848,0.9525674146341464,M0_ctx,slim,18
30,0.6666666666666667,0.24537803765167135,0.9525446136363637,M0_ctx,slim,18
40,0.34848484848484845,1.4058158918318209,0.952511347826087,M0_ctx,slim,18
50,1.1287878787878787,1.0476525296430057,0.9525433758389262,M0_ctx,slim,18
60,1.0151515151515151,0.3686720469552458,0.9525714029850746,M0_ctx,slim,18
70,1.1818181818181819,0.4632016519779197,0.9525723012820513,M0_ctx,slim,18
80,1.4696969696969697,0.3764609029298913,0.9525700051546392,M0_ctx,slim,18
90,1.6136363636363635,0.551733340659427,0.9525705821596245,M0_ctx,slim,18
100,1.7272727272727273,0.3218334755577228,0.952569442982456,M0_ctx,slim,18
110,0.23484848484848483,0.26335774691397756,0.9525713225806451,M0_ctx,slim,18
120,1.0227272727272727,0.4873912805645205,0.9525727407407409,M0_ctx,slim,18
130,2.0227272727272725,0.5397210430563978,0.9525734007490637,M0_ctx,slim,18
140,0.7575757575757576,0.343168303727583,0.9525735272727271,M0_ctx,slim,18
0,0.5661881977671451,0.1778570615250313,0.9525609154929578,M0_ctx,slim,19
10,0.9848484848484848,0.4317719760864751,0.9525412307692307,M0_ctx,slim,19
20,1.106060606060606,0.3211464755874021,0.9525719178082193,M0_ctx,slim,19
30,0.9696969696969697,0.44817927170868344,0.95256778125,M0_ctx,slim,19
40,1.2348484848484849,0.4926185068503187,0.9525723435582822,M0_ctx,slim,19
50,0.5151515151515151,0.2935443783112041,0.9525727941176472,M0_ctx,slim,19
60,1.3257575757575757,0.6174522476865587,0.9525732057142857,M0_ctx,slim,19
70,1.0151515151515151,0.5127937518481798,0.9525718880597014,M0_ctx,slim,19
80,0.4924242424242424,0.19067937862524165,0.9525727846153846,M0_ctx,slim,19
90,0.3257575757575758,0.16165321455220688,0.9525719534883721,M0_ctx,slim,19
100,0.7196969696969697,0.284887340006452,0.9525738947368422,M0_ctx,slim,19
110,1.3030303030303032,0.5334486193868537,0.9525736046511628,M0_ctx,slim,19
120,0.2803030303030303,0.28241008442234306,0.9525735135135136,M0_ctx,slim,19
130,0.7196969696969697,0.24629864594667852,0.9525742526315789,M0_ctx,slim,19
140,0.5785123966942148,0.49009034493732434,0.9525731904761905,M0_ctx,slim,19
0,0.3349282296650718,1.1781206171107994,0.9525480952380951,M0_ctx,slim,20
10,0.7348484848484849,0.4176751893630486,0.9525522577319586,M0_ctx,slim,20
20,0.7727272727272727,1.061662198391421,0.952558431372549,M0_ctx,slim,20
30,1.5227272727272727,0.37068187470136715,0.9525704527363184,M0_ctx,slim,20
40,0.6969696969696969,0.2863057039527351,0.9525658043478261,M0_ctx,slim,20
50,1.2575757575757576,0.5375357547628042,0.9525715843373496,M0_ctx,slim,20
60,0.30303030303030304,0.1568245406644846,0.952570575,M0_ctx,slim,20
70,1.1893939393939394,0.3503232088280637,0.9525710191082802,M0_ctx,slim,20
80,0.6590909090909091,0.9905123339658446,0.9525725057471264,M0_ctx,slim,20
90,0.7803030303030303,0.6072787693627056,0.9525735728155339,M0_ctx,slim,20
100,0.393939393939394,0.17238001958863858,0.9525737115384616,M0_ctx,slim,20
110,1.3560606060606062,1.109556233857713,0.9525735977653631,M0_ctx,slim,20
120,0.25757575757575757,0.0846786061991985,0.9525727647058823,M0_ctx,slim,20
130,0.787878787878788,0.778098962761435,0.9525739038461537,M0_ctx,slim,20
140,0.4820936639118457,0.7936780621886275,0.9525749714285713,M0_ctx,slim,20
0,1.028708133971292,0.4992962702322308,0.9525445736434108,M0_ctx,slim,21
10,2.272727272727273,0.5842241768487894,0.9525302333333333,M0_ctx,slim,21
20,0.8106060606060607,0.31847679520886796,0.9525449439252338,M0_ctx,slim,21
30,1.4772727272727273,0.6125304599451721,0.9525592871794871,M0_ctx,slim,21
40,0.7651515151515151,0.15290674202664511,0.9525510297029703,M0_ctx,slim,21
50,0.787878787878788,0.7595693118063008,0.9525546730769231,M0_ctx,slim,21
60,0.3712121212121212,0.9390516565521646,0.9525676734693879,M0_ctx,slim,21
70,0.3409090909090909,0.44255040157351244,0.9525691111111112,M0_ctx,slim,21
80,1.2348484848484849,0.8209268430410465,0.9525676073619631,M0_ctx,slim,21
90,0.5454545454545455,0.9411205513635554,0.9525714444444444,M0_ctx,slim,21
100,1.2348484848484849,0.3991510897069627,0.9525728404907976,M0_ctx,slim,21
110,1.5909090909090908,0.6928614277144571,0.9525709047619046,M0_ctx,slim,21
120,0.33333333333333337,0.3843252471513082,0.9525733636363636,M0_ctx,slim,21
130,0.8863636363636364,0.32366908796740673,0.9525736239316238,M0_ctx,slim,21
140,0.9504132231404958,0.4120894036738757,0.9525748405797102,M0_ctx,slim,21
0,1.0526315789473684,0.4170715944179812,0.9524086742424243,M0_ctx,slim,22
10,0.36363636363636365,0.7683911809648549,0.9522135416666666,M0_ctx,slim,22
20,0.8484848484848486,0.7230117665470123,0.9525296874999999,M0_ctx,slim,22
30,0.3787878787878788,0.1819274385167952,0.95255182,M0_ctx,slim,22
40,0.7727272727272727,0.2823316264264415,0.952505,M0_ctx,slim,22
50,0.5757575757575757,0.20228334993487088,0.9525674999999999,M0_ctx,slim,22
60,0.43939393939393934,0.2612541290164069,0.9525518793103448,M0_ctx,slim,22
70,1.2727272727272727,0.46997787441824984,0.9525573809523811,M0_ctx,slim,22
80,0.8484848484848486,0.25824753613264534,0.9525617946428572,M0_ctx,slim,22
90,0.6363636363636364,0.7769929364278506,0.9525691904761906,M0_ctx,slim,22
100,0.7424242424242424,0.9518483635507418,0.9525707959183674,M0_ctx,slim,22
110,0.3409090909090909,0.36070391916345834,0.9525692,M0_ctx,slim,22
120,1.143939393939394,0.4519994376085665,0.9525719867549667,M0_ctx,slim,22
130,0.2651515151515152,0.6684414607326813,0.9525721142857141,M0_ctx,slim,22
140,0.22038567493112945,0.14755816390693774,0.95256875,M0_ctx,slim,22
0,0.9808612440191388,0.4748645834551985,0.9507788536585366,M0_ctx,slim,23
10,1.6515151515151514,0.4722331626624655,0.9507843073394494,M0_ctx,slim,23
20,0.5075757575757576,0.16163462241391915,0.9510813582089552,M0_ctx,slim,23
30,0.6590909090909091,0.5593220338983051,0.9512080229885058,M0_ctx,slim,23
40,1.3333333333333335,0.38198212418365135,0.9523640909090908,M0_ctx,slim,23
50,2.0378787878787876,0.463957936989108,0.9523849182156132,M0_ctx,slim,23
60,0.8636363636363636,0.27586712620077725,0.9524126228070176,M0_ctx,slim,23
70,0.6212121212121212,0.2584946935032432,0.9524627560975609,M0_ctx,slim,23
80,0.9696969696969697,0.44711897238849807,0.95255484375,M0_ctx,slim,23
90,0.75,0.44827113062568613,0.9525167777777778,M0_ctx,slim,23
100,0.9848484848484848,0.38784043394733875,0.9525644076923078,M0_ctx,slim,23
110,0.5075757575757576,0.34692692724106006,0.9525499552238805,M0_ctx,slim,23
120,1.1893939393939394,1.3792277283073113,0.9525618089171975,M0_ctx,slim,23
130,0.3560606060606061,0.3811185374483979,0.9525715319148935,M0_ctx,slim,23
140,0.6887052341597797,0.16435572555582117,0.9525720400000001,M0_ctx,slim,23
0,0.3269537480063796,0.1482682856000044,0.9525690243902438,M0_ctx,slim,24
10,1.924242424242424,0.718741559159839,0.9525721771653543,M0_ctx,slim,24
20,0.29545454545454547,0.17144684082219885,0.9525733333333335,M0_ctx,slim,24
30,1.8636363636363635,0.6228612641367564,0.9525710162601625,M0_ctx,slim,24
40,0.8181818181818182,0.6920657112897587,0.9525731851851853,M0_ctx,slim,24
50,0.5757575757575757,0.8643060222279659,0.9525740789473683,M0_ctx,slim,24
60,0.7803030303030303,1.03203279186276,0.9525735825242719,M0_ctx,slim,24
70,0.946969696969697,0.42588338538574705,0.952573712,M0_ctx,slim,24
80,0.5984848484848485,0.5168568284776812,0.9525741012658228,M0_ctx,slim,24
90,0.3257575757575758,0.19507031604415548,0.9525740465116279,M0_ctx,slim,24
100,1.2727272727272727,0.5756112755022583,0.9525738095238095,M0_ctx,slim,24
110,0.946969696969697,0.3450597894507903,0.952573952,M0_ctx,slim,24
120,1.4621212121212122,0.491602087128346,0.9525741658031088,M0_ctx,slim,24
130,0.946969696969697,0.46266179142645636,0.9525742720000001,M0_ctx,slim,24
140,0.027548209366391182,0.398671096345515,0.952574,M0_ctx,slim,24
0,0.7416267942583732,0.7253518630127274,0.9524198279569893,M0_ctx,slim,25
10,0.45454545454545453,0.3351047625495041,0.9523317666666667,M0_ctx,slim,25
20,0.75,0.4012921927971307,0.9524429191919191,M0_ctx,slim,25
30,0.9924242424242424,0.5398823573489192,0.9524904351145039,M0_ctx,slim,25
40,0.7272727272727273,1.1399578992821287,0.9525367916666667,M0_ctx,slim,25
50,1.7727272727272727,0.7544662703162173,0.9525199102564103,M0_ctx,slim,25
60,0.4242424242424243,0.26754303418122855,0.9525195535714285,M0_ctx,slim,25
70,0.7045454545454546,0.4793814432989691,0.9525605806451614,M0_ctx,slim,25
80,2.106060606060606,1.092728247275326,0.9525668021582733,M0_ctx,slim,25
90,1.5454545454545454,0.4593450307560566,0.9525658627450981,M0_ctx,slim,25
100,1.25,0.5375786745649759,0.9525704121212121,M0_ctx,slim,25
110,0.6439393939393939,0.5345351640289278,0.9525716823529412,M0_ctx,slim,25
120,0.7954545454545454,0.41659653257027435,0.9525719047619048,M0_ctx,slim,25
130,1.090909090909091,0.3356453686307194,0.9525713055555555,M0_ctx,slim,25
140,0.24793388429752067,1.6347873950736203,0.9525735555555556,M0_ctx,slim,25
0,1.036682615629984,0.26293773156447947,0.9523617692307691,M0_ctx,slim,26
10,0.5757575757575757,1.5975539843302122,0.9524648157894737,M0_ctx,slim,26
20,0.7727272727272727,0.9226088505762878,0.9523237941176471,M0_ctx,slim,26
30,0.5227272727272727,0.2925719865856322,0.9523883768115943,M0_ctx,slim,26
40,0.6439393939393939,0.6147473618462146,0.9524786941176471,M0_ctx,slim,26
50,0.4318181818181818,0.23697936351954044,0.9524257894736842,M0_ctx,slim,26
60,0.8333333333333334,1.0321736781494804,0.9525630363636363,M0_ctx,slim,26
70,0.5606060606060606,0.6910505836575875,0.9525512972972974,M0_ctx,slim,26
80,0.8939393939393939,0.4568626185713364,0.9525387372881355,M0_ctx,slim,26
90,1.3636363636363635,0.29414896119363076,0.9525596666666668,M0_ctx,slim,26
100,0.3181818181818182,0.28141274885028883,0.9525488809523809,M0_ctx,slim,26
110,0.7954545454545454,0.35728832084800555,0.952570704761905,M0_ctx,slim,26
120,0.5757575757575757,0.37177586718055144,0.9525724868421053,M0_ctx,slim,26
130,0.5303030303030304,0.5152799464644212,0.9525719000000001,M0_ctx,slim,26
140,1.1570247933884297,1.5614702154626108,0.9525727619047618,M0_ctx,slim,26
0,1.4194577352472089,0.3699108914008628,0.9444751685393258,M0_ctx,slim,27
10,1.0151515151515151,0.6415622665051395,0.9502480820895524,M0_ctx,slim,27
20,1.628787878787879,0.6038040934428321,0.9514077255813953,M0_ctx,slim,27
30,0.3560606060606061,0.5403428093645485,0.9521747021276595,M0_ctx,slim,27
40,1.2196969696969697,0.2797397940782355,0.9516170931677018,M0_ctx,slim,27
50,1.5151515151515151,0.30929646769374963,0.95251837,M0_ctx,slim,27
60,0.6818181818181818,0.24840356797852184,0.9523812555555558,M0_ctx,slim,27
70,0.33333333333333337,0.43006293965198067,0.9524938863636364,M0_ctx,slim,27
80,1.143939393939394,0.4921019756171026,0.9525726754966884,M0_ctx,slim,27
90,0.5454545454545455,0.1786157281071694,0.9523659166666667,M0_ctx,slim,27
100,0.9924242424242424,0.7849652730491625,0.9525671145038168,M0_ctx,slim,27
110,0.4924242424242424,0.6076745470770714,0.9525210769230769,M0_ctx,slim,27
120,0.7424242424242424,0.2786381710169776,0.9525659489795918,M0_ctx,slim,27
130,0.4166666666666667,0.22663420116126617,0.9525592727272727,M0_ctx,slim,27
140,2.5757575757575757,0.38445124895258687,0.9525663101604278,M0_ctx,slim,27
0,0.5582137161084529,0.21024656187711044,0.8689437142857143,M0_ctx,slim,28
10,0.8863636363636364,0.3095436616104929,0.9272417606837606,M0_ctx,slim,28
20,1.121212121212121,0.34836197119808276,0.9314083310810811,M0_ctx,slim,28
30,1.090909090909091,0.3766675385822652,0.9389193749999999,M0_ctx,slim,28
40,0.787878787878788,0.6983061193346558,0.9507390576923077,M0_ctx,slim,28
50,1.0606060606060608,0.7994462709811386,0.9504644428571428,M0_ctx,slim,28
60,1.4924242424242424,0.4856475861424969,0.9488021319796955,M0_ctx,slim,28
70,1.0606060606060608,0.5463027013604356,0.9523185857142855,M0_ctx,slim,28
80,1.1287878787878787,1.409346919472032,0.951858134228188,M0_ctx,slim,28
90,1.4696969696969697,0.9244698594233977,0.9522295824742268,M0_ctx,slim,28
100,1.977272727272727,0.7439879759519038,0.9522015249042146,M0_ctx,slim,28
110,0.7727272727272727,0.343469387755102,0.9522360784313725,M0_ctx,slim,28
120,0.8484848484848486,0.9557426011403748,0.9524998124999999,M0_ctx,slim,28
130,1.1893939393939394,0.4543660711936646,0.9523839872611466,M0_ctx,slim,28
140,3.0991735537190084,0.5891945294180663,0.9524743377777777,M0_ctx,slim,28
0,0.7017543859649122,0.24466377687067956,0.9523669772727275,M0_ctx,slim,29
10,1.5606060606060606,0.3853774266787983,0.9524641747572815,M0_ctx,slim,29
20,0.5303030303030304,0.35318670733665114,0.9525325142857144,M0_ctx,slim,29
30,0.6287878787878788,0.9878457820896598,0.9525390963855421,M0_ctx,slim,29
40,0.6515151515151516,0.3404040949245246,0.9525223023255815,M0_ctx,slim,29
50,1.840909090909091,0.48714848946911204,0.9525613827160493,M0_ctx,slim,29
60,0.8863636363636364,0.419040797056621,0.9525534957264957,M0_ctx,slim,29
70,0.8863636363636364,0.7066510487206706,0.9525701111111111,M0_ctx,slim,29
80,0.9090909090909091,0.4526464385526745,0.95257275,M0_ctx,slim,29
90,0.803030303030303,0.3050200120333796,0.9525714150943395,M0_ctx,slim,29
100,0.46212121212121215,0.2360501181423219,0.9525727704918032,M0_ctx,slim,29
110,1.5984848484848484,0.4624841836785526,0.9525716872037914,M0_ctx,slim,29
120,0.946969696969697,0.3447137622268927,0.952572816,M0_ctx,slim,29
130,0.5681818181818182,0.20669266679471868,0.9525747333333334,M0_ctx,slim,29
140,0.24793388429752067,0.8864348604685869,0.9525746666666666,M0_ctx,slim,29
0,2.0334928229665072,0.576415265585988,0.9447443529411764,M0_ctx,slim,30
10,0.7803030303030303,0.32143819714686955,0.9502541650485437,M0_ctx,slim,30
20,0.43939393939393934,0.3013200462842704,0.9517362413793103,M0_ctx,slim,30
30,0.6287878787878788,0.33730903985763805,0.9516591566265059,M0_ctx,slim,30
40,1.2272727272727273,0.40716227846365927,0.9520418518518519,M0_ctx,slim,30
50,0.030303030303030304,0.04517685712818933,0.952175,M0_ctx,slim,30
60,0.6287878787878788,0.39487342137131654,0.9523091927710845,M0_ctx,slim,30
70,0.7424242424242424,0.42027290448343085,0.9523113673469387,M0_ctx,slim,30
80,1.4318181818181819,0.6239963982891874,0.9523474550264551,M0_ctx,slim,30
90,0.553030303030303,0.3498936085229377,0.9523309863013698,M0_ctx,slim,30
100,0.4318181818181818,0.2540055500415241,0.9525149298245614,M0_ctx,slim,30
110,1.924242424242424,0.5487361784865566,0.9525371614173229,M0_ctx,slim,30
120,1.6818181818181819,0.4940569521015628,0.952547472972973,M0_ctx,slim,30
130,1.1666666666666667,0.48743993324317336,0.952561896103896,M0_ctx,slim,30
140,0.24793388429752067,0.05573225997128944,0.9525593333333333,M0_ctx,slim,30
0,0.5901116427432217,1.3002156377286158,0.9515045405405405,M0_ctx,slim,31
10,0.11363636363636363,0.7094231458258689,0.9381253333333334,M0_ctx,slim,31
20,0.7272727272727273,0.9731224082322224,0.918036,M0_ctx,slim,31
30,0.803030303030303,0.6245926666607148,0.9294834245283018,M0_ctx,slim,31
40,1.0,0.455803489680069,0.9521554545454545,M0_ctx,slim,31
50,1.0303030303030303,0.5065920173379087,0.9513823529411765,M0_ctx,slim,31
60,1.6136363636363635,0.7482196651160812,0.9522868873239437,M0_ctx,slim,31
70,2.166666666666667,0.33667643496826044,0.9524225874125873,M0_ctx,slim,31
80,0.962121212121212,0.684882257774582,0.9516913779527559,M0_ctx,slim,31
90,0.553030303030303,0.6359640438759752,0.9525748219178083,M0_ctx,slim,31
100,0.44696969696969696,0.29506482484788327,0.9522355254237287,M0_ctx,slim,31
110,0.8181818181818182,0.2992920785011882,0.9521434537037038,M0_ctx,slim,31
120,0.8106060606060607,0.7475942961794565,0.9525729626168224,M0_ctx,slim,31
130,0.8636363636363636,0.8068027064992439,0.9525700701754386,M0_ctx,slim,31
140,0.7162534435261708,0.45516637710375196,0.9525738846153846,M0_ctx,slim,31
0,1.2679425837320573,0.3350606806578607,0.9525187106918241,M0_ctx,slim,32
10,1.5303030303030303,0.42902240686332865,0.9523750990099009,M0_ctx,slim,32
20,1.3409090909090908,0.558682729233521,0.952459943502825,M0_ctx,slim,32
30,1.371212121212121,0.49254949821468336,0.9524731270718232,M0_ctx,slim,32
40,1.606060606060606,0.5351815302703447,0.9525442452830188,M0_ctx,slim,32
50,0.9772727272727273,0.48815448478315715,0.9525548992248062,M0_ctx,slim,32
60,0.3409090909090909,0.4041806156609782,0.952567688888889,M0_ctx,slim,32
70,2.4242424242424243,0.5843438996654963,0.952565965625,M0_ctx,slim,32
80,2.0757575757575757,0.5230928544775579,0.9525672591240876,M0_ctx,slim,32
90,0.30303030303030304,0.25839793281653745,0.9525708250000001,M0_ctx,slim,32
100,0.7803030303030303,0.5996136646291444,0.9525665436893203,M0_ctx,slim,32
110,0.5909090909090909,0.37342231249093283,0.9525725,M0_ctx,slim,32
120,1.143939393939394,0.2913387668237468,0.9525717483443709,M0_ctx,slim,32
130,0.25757575757575757,0.1717855283706403,0.9525724705882351,M0_ctx,slim,32
140,0.6887052341597797,0.24972756992371958,0.9525744399999999,M0_ctx,slim,32
0,1.1004784688995215,0.9394436364761581,0.9496227463768117,M0_ctx,slim,33
10,1.0757575757575757,0.40483801295896327,0.9479771619718311,M0_ctx,slim,33
20,0.6893939393939394,0.21765758974842175,0.9483958791208791,M0_ctx,slim,33
30,0.7651515151515151,0.5216656362739958,0.9520715148514851,M0_ctx,slim,33
40,0.6590909090909091,0.17915533035469136,0.9523264367816092,M0_ctx,slim,33
50,1.4015151515151516,0.6720311743208138,0.9518853783783784,M0_ctx,slim,33
60,1.9318181818181817,0.4451356433836657,0.9522095098039215,M0_ctx,slim,33
70,0.7954545454545454,0.4370006495103449,0.9521811333333333,M0_ctx,slim,33
80,0.9015151515151516,0.28461987265670585,0.9523620336134453,M0_ctx,slim,33
90,0.962121212121212,0.42097333132439363,0.9524369685039369,M0_ctx,slim,33
100,0.46969696969696967,0.5594826289667619,0.9525271290322581,M0_ctx,slim,33
110,1.6212121212121213,0.5392856870126993,0.9525483738317757,M0_ctx,slim,33
120,0.8939393939393939,0.3731636496056578,0.9525292711864406,M0_ctx,slim,33
130,1.8560606060606062,0.3692708214391742,0.9525462857142856,M0_ctx,slim,33
140,0.2892561983471074,0.1061751660423322,0.9525730476190475,M0_ctx,slim,33
0,1.4992025518341308,0.5721663746195702,0.9525582872340425,M0_ctx,slim,34
10,1.0378787878787878,0.4801580347612752,0.9525412189781021,M0_ctx,slim,34
20,1.4242424242424243,0.6540474722077264,0.9525658510638297,M0_ctx,slim,34
30,0.5681818181818182,0.19397007766640284,0.9525733333333333,M0_ctx,slim,34
40,1.2575757575757576,0.4642569600406797,0.9525724578313253,M0_ctx,slim,34
50,1.1136363636363638,0.4768598615916955,0.952567006802721,M0_ctx,slim,34
60,0.8939393939393939,0.6508059866128507,0.9525722881355932,M0_ctx,slim,34
70,1.3333333333333335,0.45204599848228355,0.9525738693181819,M0_ctx,slim,34
80,0.12121212121212122,0.11461193657271238,0.9525740625000001,M0_ctx,slim,34
90,0.4318181818181818,0.54073477835911,0.952573298245614,M0_ctx,slim,34
100,1.0075757575757576,0.34262027618832014,0.952573887218045,M0_ctx,slim,34
110,1.2272727272727273,0.43749744261221823,0.9525737160493828,M0_ctx,slim,34
120,0.6666666666666667,0.6298187969680211,0.9525736363636365,M0_ctx,slim,34
130,1.0151515151515151,0.40467638243839943,0.9525743582089552,M0_ctx,slim,34
140,0.371900826446281,0.15054744525547445,0.9525734814814816,M0_ctx,slim,34
0,1.9218500797448166,0.4124026746799899,0.9516981369294605,M0_ctx,slim,35
10,0.29545454545454547,0.13672289975778695,0.9525221794871794,M0_ctx,slim,35
20,1.659090909090909,0.5106482201150319,0.9516951141552511,M0_ctx,slim,35
30,1.628787878787879,0.6826775972057847,0.9524546558139536,M0_ctx,slim,35
40,1.9318181818181817,0.5051429737703836,0.952506062745098,M0_ctx,slim,35
50,0.5378787878787878,0.23360036690113112,0.9525088732394366,M0_ctx,slim,35
60,0.9015151515151516,0.486807118020045,0.952476806722689,M0_ctx,slim,35
70,0.45454545454545453,0.15177065767284992,0.9524885,M0_ctx,slim,35
80,2.2272727272727275,0.6907279982628567,0.9525491972789115,M0_ctx,slim,35
90,0.7727272727272727,0.2393565958173039,0.9525426372549021,M0_ctx,slim,35
100,0.5227272727272727,0.579020979020979,0.9525658695652175,M0_ctx,slim,35
110,0.8333333333333334,0.3045340335658586,0.9525516090909091,M0_ctx,slim,35
120,0.45454545454545453,0.1722135970462759,0.952567,M0_ctx,slim,35
130,0.33333333333333337,0.20962363030014294,0.9525697727272727,M0_ctx,slim,35
140,0.371900826446281,0.5287049399198932,0.9525713333333333,M0_ctx,slim,35
0,0.3827751196172249,0.19406770316462676,0.9523154166666665,M0_ctx,slim,36
10,1.2045454545454546,0.3548471087095454,0.9525475471698114,M0_ctx,slim,36
20,1.1136363636363638,0.3852277735645282,0.952387537414966,M0_ctx,slim,36
30,0.46212121212121215,0.2750319367686138,0.9525445081967213,M0_ctx,slim,36
40,1.0303030303030303,0.6257974106377194,0.9525491176470589,M0_ctx,slim,36
50,1.4924242424242424,0.37693839744649016,0.9525705279187816,M0_ctx,slim,36
60,0.5378787878787878,0.6785895300847151,0.9525290422535212,M0_ctx,slim,36
70,0.9772727272727273,0.4008984192905877,0.9525495193798451,M0_ctx,slim,36
80,2.2575757575757573,0.9694448415065138,0.9525654865771813,M0_ctx,slim,36
90,0.3560606060606061,0.3708530097435591,0.9525674893617022,M0_ctx,slim,36
100,1.121212121212121,0.45099867950837086,0.952567804054054,M0_ctx,slim,36
110,1.446969696969697,0.38539026649587127,0.9525719528795811,M0_ctx,slim,36
120,1.4696969696969697,0.7093943221860248,0.952573092783505,M0_ctx,slim,36
130,1.1363636363636365,0.5090288346838879,0.95257396,M0_ctx,slim,36
140,0.7988980716253443,0.46095490396772837,0.9525733793103449,M0_ctx,slim,36
0,0.5901116427432217,0.2949150700151564,0.9525537432432432,M0_ctx,slim,37
10,0.9166666666666666,0.32460115841885984,0.9524794297520661,M0_ctx,slim,37
20,0.393939393939394,0.29903545382463903,0.9524362499999999,M0_ctx,slim,37
30,0.4318181818181818,0.16114178506718527,0.9525692105263157,M0_ctx,slim,37
40,0.6363636363636364,0.46381661507571315,0.9525714523809522,M0_ctx,slim,37
50,0.7348484848484849,0.4477799848921467,0.9525667216494845,M0_ctx,slim,37
60,1.0833333333333335,0.3333533481914221,0.9525607062937064,M0_ctx,slim,37
70,0.6136363636363636,0.5127270634722728,0.9525679012345679,M0_ctx,slim,37
80,0.7803030303030303,0.4945186844842762,0.9525725242718447,M0_ctx,slim,37
90,0.9015151515151516,0.711226217750772,0.9525686554621849,M0_ctx,slim,37
100,0.7045454545454546,0.33563542709033944,0.9525725161290322,M0_ctx,slim,37
110,0.16666666666666669,0.0814129520605551,0.9525735000000001,M0_ctx,slim,37
120,1.174242424242424,0.963803207024552,0.9525731870967742,M0_ctx,slim,37
130,0.21212121212121215,0.4320886623488976,0.9525727857142857,M0_ctx,slim,37
140,1.0881542699724518,1.5049790734593738,0.952573670886076,M0_ctx,slim,37
0,0.44657097288676234,0.20965811432493606,0.9525221071428571,M0_ctx,slim,38
10,1.0984848484848484,0.5874769797421732,0.9525345379310344,M0_ctx,slim,38
20,0.6590909090909091,0.2331937636303826,0.9525505057471264,M0_ctx,slim,38
30,0.5984848484848485,0.3335743120909492,0.9525617974683543,M0_ctx,slim,38
40,0.5833333333333334,0.5121177004081222,0.9525679480519481,M0_ctx,slim,38
50,1.0606060606060608,0.40884593941646535,0.9525694999999998,M0_ctx,slim,38
60,0.20454545454545456,0.29357979538377904,0.9525716296296296,M0_ctx,slim,38
70,2.6515151515151514,0.6517378264684555,0.9525717714285713,M0_ctx,slim,38
80,2.378787878787879,0.8519980266403553,0.9525726210191081,M0_ctx,slim,38
90,1.0075757575757576,0.623300267696743,0.9525721804511278,M0_ctx,slim,38
100,0.6742424242424242,0.35152182499311796,0.9525717303370785,M0_ctx,slim,38
110,0.9242424242424243,0.33181683315201266,0.9525737213114754,M0_ctx,slim,38
120,0.5984848484848485,0.24550912301353736,0.9525741265822785,M0_ctx,slim,38
130,1.143939393939394,0.6163303421789869,0.9525745298013246,M0_ctx,slim,38
140,0.6749311294765841,0.15973131158471834,0.952573836734694,M0_ctx,slim,38
0,0.5901116427432217,0.2795585676343988,0.9453394594594594,M0_ctx,slim,39
10,0.9242424242424243,0.3560578925723989,0.9422014180327869,M0_ctx,slim,39
20,0.962121212121212,0.4304598350468874,0.9459773228346458,M0_ctx,slim,39
30,1.3106060606060606,0.28807290378899886,0.9508267630057804,M0_ctx,slim,39
40,0.9015151515151516,0.3059090218623292,0.9503229075630252,M0_ctx,slim,39
50,0.5,0.31096960264995216,0.9522689545454546,M0_ctx,slim,39
60,1.6742424242424243,0.4693412618735037,0.9518115429864253,M0_ctx,slim,39
70,1.0378787878787878,0.38428845859612737,0.9524641167883211,M0_ctx,slim,39
80,1.0,0.3771069421959813,0.952415303030303,M0_ctx,slim,39
90,0.20454545454545456,0.09576063066597167,0.9524874814814815,M0_ctx,slim,39
100,1.3333333333333335,0.3060272832175018,0.952271153409091,M0_ctx,slim,39
110,0.196969696969697,0.3635208134731491,0.9525321153846154,M0_ctx,slim,39
120,0.4772727272727273,0.4653036559572969,0.9524892063492064,M0_ctx,slim,39
130,0.3106060606060606,0.4926269797924631,0.9524695121951219,M0_ctx,slim,39
140,0.08264462809917356,1.0610932475884245,0.9525483333333332,M0_ctx,slim,39
0,0.8971291866028708,0.20994806457468054,0.9498093290492277,M0_ctx,oracle,-1
10,0.8992424242424243,0.20545299609708273,0.9508615977528101,M0_ctx,oracle,-1
20,0.9094696969696969,0.20993768083685735,0.9517539235100584,M0_ctx,oracle,-1
30,0.9647727272727273,0.22477389182157087,0.9516501952740122,M0_ctx,oracle,-1
40,0.8738636363636363,0.20169917199444445,0.9520923558318783,M0_ctx,oracle,-1
50,0.8628787878787878,0.1993372369656473,0.9522746504896555,M0_ctx,oracle,-1
60,0.8787878787878787,0.20524885750399013,0.9523745809020108,M0_ctx,oracle,-1
70,0.9617424242424243,0.21900486913167186,0.9524558309046793,M0_ctx,oracle,-1
80,0.9871212121212121,0.22326766419959673,0.9524975617438363,M0_ctx,oracle,-1
90,0.9117424242424242,0.2200702268139658,0.9525042499386002,M0_ctx,oracle,-1
100,0.8511363636363636,0.19792228313340324,0.9525305343791781,M0_ctx,oracle,-1
110,0.893560606060606,0.20512169076112705,0.9525548530552175,M0_ctx,oracle,-1
120,0.8734848484848484,0.2021372283819178,0.9525591372923687,M0_ctx,oracle,-1
130,0.9681818181818183,0.21821569539310715,0.9525578596161925,M0_ctx,oracle,-1
140,0.9242424242424243,0.22200811189848504,0.9525633805694799,M0_ctx,oracle,-1
0,2.017543859649123,0.49351701064291986,0.9525655217391304,M0_meth,slim,0
10,1.4393939393939394,0.49116375258507233,0.9525687947368421,M0_meth,slim,0
20,1.8560606060606062,0.9789083688492833,0.9525718897959184,M0_meth,slim,0
30,1.6818181818181819,0.436011736488457,0.9525730810810812,M0_meth,slim,0
40,0.8333333333333334,0.9692406280038448,0.952572090909091,M0_meth,slim,0
50,0.24242424242424243,0.14201947388240355,0.95257178125,M0_meth,slim,0
60,0.4166666666666667,0.16096775767035754,0.9525736363636365,M0_meth,slim,0
70,1.1893939393939394,0.49995175142333304,0.9525731847133758,M0_meth,slim,0
80,1.5303030303030303,0.4240039945170801,0.9525736336633661,M0_meth,slim,0
90,0.6969696969696969,0.6924629648636628,0.9525738478260869,M0_meth,slim,0
100,1.9621212121212124,0.5152147180093072,0.9525738996138998,M0_meth,slim,0
110,0.6742424242424242,0.26928772159848896,0.9525743483146067,M0_meth,slim,0
120,0.196969696969697,0.44618944850360126,0.9525743076923076,M0_meth,slim,0
130,1.4318181818181819,0.3925950171842936,0.9525741693121693,M0_meth,slim,0
140,0.1790633608815427,0.055145641052009156,0.9525730769230769,M0_meth,slim,0
0,1.547049441786284,0.416185872953444,0.9426967525773197,M0_meth,slim,1
10,1.5909090909090908,0.8265793569856691,0.9438018666666669,M0_meth,slim,1
20,1.2727272727272727,0.43126852377655556,0.9486937440476191,M0_meth,slim,1
30,1.1515151515151514,0.5934128336172629,0.9482892763157895,M0_meth,slim,1
40,0.4318181818181818,0.574649436348639,0.949804052631579,M0_meth,slim,1
50,0.8712121212121213,1.3001473157696393,0.9497575826086955,M0_meth,slim,1
60,1.121212121212121,0.8723765294275252,0.951790581081081,M0_meth,slim,1
70,0.5757575757575757,0.2512623226737196,0.952122394736842,M0_meth,slim,1
80,1.2196969696969697,0.40159944367176637,0.9525131614906831,M0_meth,slim,1
90,1.1893939393939394,0.30514164556216505,0.9521528789808917,M0_meth,slim,1
100,0.5151515151515151,0.2844034371752301,0.9522277205882353,M0_meth,slim,1
110,0.5909090909090909,0.2462521645125183,0.9525150512820514,M0_meth,slim,1
120,1.3636363636363635,0.7223289636889851,0.9524764555555556,M0_meth,slim,1
130,1.4696969696969697,0.38989275208740604,0.9525563917525773,M0_meth,slim,1
140,1.8457300275482096,1.5216792842395044,0.9525611194029852,M0_meth,slim,1
0,1.076555023923445,0.635525217726232,0.9522762962962963,M0_meth,slim,2
10,0.1590909090909091,0.29803887837605364,0.9524763809523811,M0_meth,slim,2
20,1.606060606060606,0.6849958876747738,0.9525274528301888,M0_meth,slim,2
30,1.2272727272727273,0.5571129336487459,0.9525078148148147,M0_meth,slim,2
40,1.090909090909091,0.5062212374296915,0.9525086597222221,M0_meth,slim,2
50,0.7727272727272727,0.27792686048335824,0.9525111764705884,M0_meth,slim,2
60,0.12878787878787878,0.20694616079827358,0.9525565294117646,M0_meth,slim,2
70,1.0681818181818181,0.7203065134099617,0.9525542553191488,M0_meth,slim,2
80,0.3409090909090909,0.4149899396378269,0.9525735555555555,M0_meth,slim,2
90,1.6136363636363635,0.9576424746931157,0.9525667981220657,M0_meth,slim,2
100,0.11363636363636363,0.12483449971628524,0.9525736000000001,M0_meth,slim,2
110,0.3409090909090909,0.2536510376633359,0.9525711333333333,M0_meth,slim,2
120,0.8712121212121213,0.30085022890778285,0.9525711304347825,M0_meth,slim,2
130,0.803030303030303,0.4668855609834227,0.9525733396226416,M0_meth,slim,2
140,1.4738292011019285,0.6102028825216881,0.9525740186915889,M0_meth,slim,2
0,1.858054226475279,0.5927382053654023,0.9525686051502145,M0_meth,slim,3
10,0.7575757575757576,0.27326929446836695,0.9525702999999999,M0_meth,slim,3
20,0.8863636363636364,0.2963082342377603,0.952569547008547,M0_meth,slim,3
30,0.44696969696969696,0.28122224067828444,0.9525720677966102,M0_meth,slim,3
40,1.6893939393939394,0.7114991370933825,0.9525733452914799,M0_meth,slim,3
50,0.8181818181818182,1.0945777859676602,0.9525734537037038,M0_meth,slim,3
60,1.4318181818181819,0.5801671573483654,0.9525731746031747,M0_meth,slim,3
70,0.7121212121212122,0.36437318297947313,0.9525734361702126,M0_meth,slim,3
80,1.7272727272727273,0.40262315083117284,0.9525739298245615,M0_meth,slim,3
90,1.378787878787879,0.3531611628563364,0.9525737032967031,M0_meth,slim,3
100,1.3863636363636365,0.774076946247861,0.9525740874316939,M0_meth,slim,3
110,1.2196969696969697,0.5482208361064249,0.9525738509316771,M0_meth,slim,3
120,0.2803030303030303,0.2322043245915981,0.9525734594594595,M0_meth,slim,3
130,1.1136363636363638,0.4679631880534815,0.9525742857142856,M0_meth,slim,3
140,0.5509641873278237,0.3377427526034337,0.9525728499999999,M0_meth,slim,3
0,0.2631578947368421,0.16316684521624475,0.9524627575757576,M0_meth,slim,4
10,0.9924242424242424,0.6978996819656782,0.9523957786259541,M0_meth,slim,4
20,0.36363636363636365,0.41087895412629855,0.9524010833333333,M0_meth,slim,4
30,1.3863636363636365,0.717157022830508,0.9525396229508197,M0_meth,slim,4
40,0.7954545454545454,0.5345160046278442,0.9525387809523811,M0_meth,slim,4
50,0.5833333333333334,0.7570498592262659,0.9525449350649351,M0_meth,slim,4
60,0.10606060606060608,0.08019928306701501,0.9525432857142857,M0_meth,slim,4
70,1.2348484848484849,0.4628072152840813,0.9525514723926379,M0_meth,slim,4
80,0.5909090909090909,0.22352093229243553,0.9525708974358974,M0_meth,slim,4
90,0.5303030303030304,0.3868407170787665,0.9525692571428572,M0_meth,slim,4
100,0.5984848484848485,0.3089155370177268,0.9525731645569618,M0_meth,slim,4
110,1.6818181818181819,0.7288754464685456,0.9525732657657657,M0_meth,slim,4
120,1.3863636363636365,0.43295753947627835,0.9525705136612023,M0_meth,slim,4
130,1.0151515151515151,0.5838240342214358,0.9525712014925374,M0_meth,slim,4
140,0.1652892561983471,0.15295480880648898,0.9525740000000001,M0_meth,slim,4
0,0.9170653907496014,0.9353395689304594,0.9512512608695654,M0_meth,slim,5
10,0.6969696969696969,0.35261733585755933,0.9513114673913045,M0_meth,slim,5
20,0.4090909090909091,0.24405943984112854,0.9518707407407407,M0_meth,slim,5
30,1.0606060606060608,0.44259444649349283,0.9513249857142857,M0_meth,slim,5
40,0.21969696969696967,0.22149188788853658,0.9521085862068964,M0_meth,slim,5
50,0.8484848484848486,0.3084639812384462,0.952331,M0_meth,slim,5
60,0.6590909090909091,0.3939703733181472,0.9524275862068965,M0_meth,slim,5
70,0.8636363636363636,0.9318454850575281,0.9525484035087719,M0_meth,slim,5
80,0.8636363636363636,0.6387259437846465,0.9525311228070176,M0_meth,slim,5
90,1.090909090909091,0.2399672771894742,0.9525295555555557,M0_meth,slim,5
100,0.787878787878788,0.439811106768247,0.9525286057692307,M0_meth,slim,5
110,1.2348484848484849,0.7948340955603661,0.9525697914110428,M0_meth,slim,5
120,0.6060606060606061,0.21971345703311929,0.9525586749999999,M0_meth,slim,5
130,1.0303030303030303,1.3932263371930589,0.9525707352941177,M0_meth,slim,5
140,0.5234159779614325,0.27435322430673303,0.9525637368421054,M0_meth,slim,5
0,1.8341307814992027,0.39685236987268313,0.9525251086956522,M0_meth,slim,6
10,1.3484848484848484,0.3296287047454973,0.9514663033707866,M0_meth,slim,6
20,2.015151515151515,0.7111406362027132,0.951644902255639,M0_meth,slim,6
30,0.21212121212121215,0.30762572203818694,0.9511101071428572,M0_meth,slim,6
40,0.9015151515151516,0.4822310091607928,0.9524254621848738,M0_meth,slim,6
50,0.8181818181818182,0.23697281195768533,0.9525542592592593,M0_meth,slim,6
60,1.121212121212121,0.6098101522652498,0.9525740067567567,M0_meth,slim,6
70,0.7954545454545454,0.8045883595917847,0.9523479047619048,M0_meth,slim,6
80,0.4772727272727273,0.4820590110718219,0.9525648253968254,M0_meth,slim,6
90,0.6287878787878788,0.9899165130651632,0.9525584457831326,M0_meth,slim,6
100,0.0984848484848485,0.06209561856789266,0.9525525384615384,M0_meth,slim,6
110,0.196969696969697,0.11774877516571287,0.9525734615384617,M0_meth,slim,6
120,0.9772727272727273,0.3057838179519596,0.9525633643410854,M0_meth,slim,6
130,0.6439393939393939,0.4095578089752294,0.9525629882352942,M0_meth,slim,6
140,0.1928374655647383,0.1769403113689895,0.952565,M0_meth,slim,6
0,0.9968102073365231,0.20568129122974974,0.952355888,M0_meth,slim,7
10,0.3181818181818182,0.3139155644138431,0.952403,M0_meth,slim,7
20,0.29545454545454547,0.12780599705063084,0.9524376410256411,M0_meth,slim,7
30,1.606060606060606,0.4150746374919904,0.9524719622641509,M0_meth,slim,7
40,0.6136363636363636,0.22250246600656767,0.9525287654320986,M0_meth,slim,7
50,0.856060606060606,0.5245057704074098,0.9525185840707965,M0_meth,slim,7
60,1.3863636363636365,0.34770242338052665,0.9525561639344262,M0_meth,slim,7
70,0.6363636363636364,0.5326876513317191,0.9525652976190476,M0_meth,slim,7
80,0.21212121212121215,0.20796524909690417,0.952555,M0_meth,slim,7
90,2.590909090909091,0.9151614668856047,0.95256866374269,M0_meth,slim,7
100,0.7954545454545454,0.47622974477384244,0.952570380952381,M0_meth,slim,7
110,0.5151515151515151,0.2517741437827831,0.9525732058823531,M0_meth,slim,7
120,0.7954545454545454,0.515625,0.9525723809523811,M0_meth,slim,7
130,0.4090909090909091,0.15126307211734347,0.952571925925926,M0_meth,slim,7
140,0.26170798898071623,0.29748772329371576,0.9525723157894737,M0_meth,slim,7
0,0.8373205741626795,0.39320710609783077,0.9522366666666667,M0_meth,slim,8
10,0.7121212121212122,0.22594919420923246,0.9525205319148936,M0_meth,slim,8
20,1.9393939393939394,0.41408415495805484,0.9524676796875,M0_meth,slim,8
30,0.2803030303030303,0.14164733178654293,0.9525612702702704,M0_meth,slim,8
40,1.2348484848484849,0.38258420373195634,0.9525548711656442,M0_meth,slim,8
50,0.8257575757575757,0.1767637056985041,0.9523210091743118,M0_meth,slim,8
60,1.1136363636363638,0.39996537096355295,0.9524863265306123,M0_meth,slim,8
70,1.2878787878787878,0.390254082537695,0.9525691352941176,M0_meth,slim,8
80,0.6969696969696969,0.29098297807084805,0.9525363043478261,M0_meth,slim,8
90,0.553030303030303,0.47019098459046155,0.9525575342465753,M0_meth,slim,8
100,0.553030303030303,0.24613404036843478,0.9525730136986301,M0_meth,slim,8
110,0.3257575757575758,0.9878519962407323,0.9525724186046511,M0_meth,slim,8
120,1.5909090909090908,0.34929787598665313,0.952570580952381,M0_meth,slim,8
130,2.1742424242424243,0.5356173370130751,0.9525727804878049,M0_meth,slim,8
140,2.658402203856749,0.5711236851780446,0.9525740932642489,M0_meth,slim,8
0,0.685805422647528,1.0516174454366918,0.9524893604651161,M0_meth,slim,9
10,0.8484848484848486,0.317693626787349,0.9525417410714285,M0_meth,slim,9
20,0.5681818181818182,0.7645023784518441,0.9525556533333334,M0_meth,slim,9
30,0.6363636363636364,0.5445544554455445,0.9525432261904763,M0_meth,slim,9
40,1.5909090909090908,0.5945971454188993,0.9525691523809524,M0_meth,slim,9
50,1.0075757575757576,0.37376571727846786,0.9525647368421052,M0_meth,slim,9
60,1.8181818181818181,0.7627963420448143,0.9525646125000001,M0_meth,slim,9
70,0.5227272727272727,0.4194219823536996,0.9525693333333335,M0_meth,slim,9
80,0.5909090909090909,0.6456305809170261,0.9525721153846154,M0_meth,slim,9
90,1.2272727272727273,0.4672893111722004,0.9525693950617283,M0_meth,slim,9
100,0.3560606060606061,0.4244547220929914,0.9525734255319149,M0_meth,slim,9
110,1.2196969696969697,0.5643871995750896,0.952573440993789,M0_meth,slim,9
120,2.143939393939394,0.7130940063910449,0.9525725795053005,M0_meth,slim,9
130,0.6969696969696969,0.4121863799283154,0.9525743478260871,M0_meth,slim,9
140,1.0055096418732783,0.46934819245419035,0.9525734246575344,M0_meth,slim,9
0,1.6666666666666667,0.7153302840785338,0.9524532775119617,M0_meth,slim,10
10,1.1666666666666667,0.7403145098439106,0.9525380519480519,M0_meth,slim,10
20,1.4318181818181819,0.30638335498861563,0.952506798941799,M0_meth,slim,10
30,0.7727272727272727,0.29077150335605256,0.952284950980392,M0_meth,slim,10
40,1.2803030303030303,0.530650110611575,0.9524388402366866,M0_meth,slim,10
50,0.9318181818181818,0.419015174976773,0.9525035203252032,M0_meth,slim,10
60,0.7954545454545454,0.2382474886033128,0.9524577047619048,M0_meth,slim,10
70,1.1893939393939394,1.0392762577228596,0.9525494522292993,M0_meth,slim,10
80,0.9545454545454546,0.7527426771425467,0.9525544444444445,M0_meth,slim,10
90,0.6439393939393939,1.3142790207332784,0.9525687647058824,M0_meth,slim,10
100,1.9318181818181817,0.8523029397614768,0.9525412352941177,M0_meth,slim,10
110,0.20454545454545456,0.20261972984036017,0.9525680370370372,M0_meth,slim,10
120,0.5151515151515151,0.12381031200860713,0.9525726470588235,M0_meth,slim,10
130,0.18181818181818182,0.17323402998786047,0.9525733333333334,M0_meth,slim,10
140,0.8402203856749311,0.3033911077618689,0.9525700983606556,M0_meth,slim,10
0,1.1722488038277512,0.6997828956384383,0.952504544217687,M0_meth,slim,11
10,1.4545454545454546,0.36426563335422185,0.9525340624999998,M0_meth,slim,11
20,0.7196969696969697,0.3768164717477794,0.952527505263158,M0_meth,slim,11
30,1.5,0.7865134726844859,0.9525594494949495,M0_meth,slim,11
40,1.840909090909091,0.5377007409394173,0.9525519465020577,M0_meth,slim,11
50,0.015151515151515152,0.24354243542435428,0.9525680000000001,M0_meth,slim,11
60,0.5606060606060606,0.6254802520362687,0.9525711621621622,M0_meth,slim,11
70,0.3787878787878788,0.36667888929630993,0.95257054,M0_meth,slim,11
80,0.393939393939394,0.22283833182913132,0.9525729230769232,M0_meth,slim,11
90,1.2727272727272727,0.628977910894796,0.9525735833333334,M0_meth,slim,11
100,0.6590909090909091,0.351274302284323,0.952573367816092,M0_meth,slim,11
110,0.06818181818181819,0.06955422067657287,0.9525737777777779,M0_meth,slim,11
120,1.8030303030303032,0.6096003911874168,0.9525735882352943,M0_meth,slim,11
130,0.8181818181818182,0.7414264762479326,0.952573425925926,M0_meth,slim,11
140,0.04132231404958678,0.030066967336340032,0.9525746666666667,M0_meth,slim,11
0,1.244019138755981,0.38118368344279646,0.9524618397435898,M0_meth,slim,12
10,0.9924242424242424,0.5042810815855167,0.9525605343511452,M0_meth,slim,12
20,0.6590909090909091,1.0507630933645649,0.9525037126436782,M0_meth,slim,12
30,1.2196969696969697,0.5123630612559791,0.9525319378881988,M0_meth,slim,12
40,0.7348484848484849,0.6061294628909024,0.9525377731958764,M0_meth,slim,12
50,0.21969696969696967,0.11945850470906173,0.9525726206896552,M0_meth,slim,12
60,1.4621212121212122,0.3385712918762028,0.9525565284974093,M0_meth,slim,12
70,1.6666666666666667,0.5772418810452371,0.9525724318181819,M0_meth,slim,12
80,1.0303030303030303,0.7929468718528597,0.9525717794117646,M0_meth,slim,12
90,0.7045454545454546,0.2800208031095175,0.9525694623655914,M0_meth,slim,12
100,1.0303030303030303,0.3998948583037436,0.95257125,M0_meth,slim,12
110,0.8712121212121213,0.18786896201779676,0.9525716869565218,M0_meth,slim,12
120,0.9090909090909091,0.32665316610231004,0.9525736666666667,M0_meth,slim,12
130,0.6515151515151516,0.5640913517918548,0.9525745813953488,M0_meth,slim,12
140,0.5922865013774105,0.7273566046440104,0.9525735813953489,M0_meth,slim,12
0,1.547049441786284,0.5555917155911949,0.9460910979381442,M0_meth,slim,13
10,0.38636363636363635,0.29654297494449733,0.9499842941176472,M0_meth,slim,13
20,0.946969696969697,0.2624513272084086,0.9493697600000001,M0_meth,slim,13
30,1.378787878787879,0.5652333493322793,0.9504307032967031,M0_meth,slim,13
40,1.3030303030303032,0.45123899926065497,0.9513983720930231,M0_meth,slim,13
50,0.45454545454545453,0.22763199494151118,0.9511706999999999,M0_meth,slim,13
60,0.21969696969696967,0.13400452282767747,0.9519226896551725,M0_meth,slim,13
70,0.8333333333333334,0.5578950604002091,0.9520846181818182,M0_meth,slim,13
80,0.8409090909090909,0.2034056423825614,0.9524117117117117,M0_meth,slim,13
90,1.174242424242424,0.4645228083877471,0.9524318709677418,M0_meth,slim,13
100,0.6439393939393939,0.42924694324146484,0.952367,M0_meth,slim,13
110,1.0378787878787878,0.6375193011400894,0.9524864233576641,M0_meth,slim,13
120,0.7045454545454546,0.5702976920503957,0.9525244838709677,M0_meth,slim,13
130,1.7651515151515151,0.4811263199061401,0.9525402360515021,M0_meth,slim,13
140,1.5977961432506886,0.7255702872522911,0.9525451724137932,M0_meth,slim,13
0,0.9170653907496014,0.4589846702748466,0.9524726260869565,M0_meth,slim,14
10,0.7196969696969697,0.2458206567763385,0.952429652631579,M0_meth,slim,14
20,1.5606060606060606,0.7632542159746706,0.9524302718446601,M0_meth,slim,14
30,1.0833333333333335,0.8041442654238415,0.9525215244755245,M0_meth,slim,14
40,1.2121212121212122,0.5037759342038098,0.9525505000000001,M0_meth,slim,14
50,1.2878787878787878,0.44883411139246576,0.952545194117647,M0_meth,slim,14
60,0.7272727272727273,0.22437214045922635,0.9525151874999999,M0_meth,slim,14
70,0.5909090909090909,0.2662914722587186,0.9525183205128206,M0_meth,slim,14
80,0.9924242424242424,0.5640400033923295,0.9525632900763359,M0_meth,slim,14
90,0.7727272727272727,0.30914484620824567,0.9525700196078433,M0_meth,slim,14
100,1.378787878787879,1.4317044100119192,0.952572434065934,M0_meth,slim,14
110,1.3333333333333335,0.3605628206839395,0.9525663238636365,M0_meth,slim,14
120,1.4924242424242424,0.5006738803958566,0.9525699340101522,M0_meth,slim,14
130,0.8409090909090909,0.36235217307435486,0.9525721981981983,M0_meth,slim,14
140,0.9090909090909091,0.5925321362987146,0.9525731818181818,M0_meth,slim,14
0,1.5390749601275917,0.5460742074464664,0.9520874404145079,M0_meth,slim,15
10,0.8106060606060607,0.26512293189471664,0.9519625327102804,M0_meth,slim,15
20,0.3712121212121212,0.1284771053321574,0.9525295918367347,M0_meth,slim,15
30,0.7348484848484849,0.2796622386084161,0.9518837113402063,M0_meth,slim,15
40,0.4090909090909091,0.24149777407354706,0.952561962962963,M0_meth,slim,15
50,1.5909090909090908,0.43035860111719354,0.9519851142857143,M0_meth,slim,15
60,1.4696969696969697,0.38060020926471994,0.9524924072164948,M0_meth,slim,15
70,0.7954545454545454,0.23501005490350343,0.9523033428571428,M0_meth,slim,15
80,0.9318181818181818,0.3498082475115267,0.9522467479674797,M0_meth,slim,15
90,0.553030303030303,0.4892860769777598,0.9524533150684932,M0_meth,slim,15
100,1.3484848484848484,0.8911679701426871,0.9524857191011235,M0_meth,slim,15
110,1.0075757575757576,0.4025312972898611,0.9525464210526315,M0_meth,slim,15
120,2.007575757575758,0.6951289307176243,0.9525716226415095,M0_meth,slim,15
130,0.36363636363636365,0.3244904230257093,0.9525739791666666,M0_meth,slim,15
140,2.451790633608815,0.895993654522297,0.9525525505617976,M0_meth,slim,15
0,1.555023923444976,1.1215881758287727,0.9525645076923075,M0_meth,slim,16
10,0.9242424242424243,0.20819973936247232,0.9525705983606557,M0_meth,slim,16
20,0.6590909090909091,0.5164969596661028,0.952571379310345,M0_meth,slim,16
30,0.8409090909090909,0.5342648570991009,0.9525708108108109,M0_meth,slim,16
40,1.2045454545454546,0.435307440546561,0.9525715094339622,M0_meth,slim,16
50,0.5303030303030304,0.23296506028349123,0.9525714,M0_meth,slim,16
60,0.8409090909090909,0.27620060171466054,0.9525738738738739,M0_meth,slim,16
70,0.6212121212121212,0.48573839056525875,0.9525730975609756,M0_meth,slim,16
80,1.1136363636363638,0.3430365559158072,0.9525740272108845,M0_meth,slim,16
90,0.962121212121212,0.5144067016477952,0.9525736062992125,M0_meth,slim,16
100,1.5075757575757576,0.593619069571938,0.9525736180904523,M0_meth,slim,16
110,0.5227272727272727,0.5136476426799008,0.9525733913043478,M0_meth,slim,16
120,0.75,0.4825915476313574,0.9525741212121213,M0_meth,slim,16
130,0.4090909090909091,0.24260741708871097,0.9525748518518519,M0_meth,slim,16
140,1.046831955922865,0.702481653688869,0.9525731578947368,M0_meth,slim,16
0,0.8692185007974482,0.467249050108791,0.9439317706422018,M0_meth,slim,17
10,0.5984848484848485,0.37232485236255614,0.9432596582278482,M0_meth,slim,17
20,0.8787878787878787,0.45931774276766535,0.9453543103448275,M0_meth,slim,17
30,1.628787878787879,0.5353262509808656,0.9484156744186046,M0_meth,slim,17
40,0.8712121212121213,0.5677228255991384,0.9521047565217391,M0_meth,slim,17
50,1.1363636363636365,0.3671984243849427,0.95157654,M0_meth,slim,17
60,0.6136363636363636,1.5204778156996586,0.9520744444444444,M0_meth,slim,17
70,1.1893939393939394,0.4286689419795221,0.9521430764331209,M0_meth,slim,17
80,0.7424242424242424,0.6256892448778222,0.9520355102040815,M0_meth,slim,17
90,0.803030303030303,1.0283698368366896,0.9520807547169811,M0_meth,slim,17
100,1.9015151515151516,0.6045720625374071,0.9524823147410358,M0_meth,slim,17
110,1.0,0.505166475315729,0.9525350757575757,M0_meth,slim,17
120,0.7045454545454546,0.30925341851489835,0.9525446666666666,M0_meth,slim,17
130,1.371212121212121,0.33103425342714393,0.9525525966850827,M0_meth,slim,17
140,3.4710743801652892,0.7626384207992296,0.952550761904762,M0_meth,slim,17
0,0.27910685805422647,0.1453332913901035,0.952540942857143,M0_meth,slim,18
10,0.6060606060606061,0.21583704303251044,0.95236085,M0_meth,slim,18
20,0.48484848484848486,0.2502681020743102,0.9525209375,M0_meth,slim,18
30,1.1666666666666667,0.2741462598887124,0.9525458441558441,M0_meth,slim,18
40,1.1287878787878787,0.7738006247688591,0.9525496577181208,M0_meth,slim,18
50,0.6136363636363636,0.29613462880693087,0.9525724444444446,M0_meth,slim,18
60,0.8863636363636364,0.2961661782980225,0.9525638803418804,M0_meth,slim,18
70,0.46212121212121215,0.29278722383023287,0.9525550983606558,M0_meth,slim,18
80,0.36363636363636365,0.17573932000865383,0.9525732083333334,M0_meth,slim,18
90,0.9696969696969697,0.7171781484782885,0.9525261875,M0_meth,slim,18
100,0.7424242424242424,0.29941256255120985,0.9525717959183674,M0_meth,slim,18
110,1.4318181818181819,0.3796682392329934,0.9525746878306879,M0_meth,slim,18
120,0.9090909090909091,0.4794072782741338,0.9525613333333333,M0_meth,slim,18
130,0.6439393939393939,0.34307729941291587,0.9525737647058824,M0_meth,slim,18
140,0.3856749311294766,0.14600385551306763,0.9525735714285715,M0_meth,slim,18
0,0.6220095693779905,0.25531535016589546,0.9523845256410255,M0_meth,slim,19
10,1.4090909090909092,0.5581293845391432,0.9523554139784948,M0_meth,slim,19
20,0.25,0.16387522008035754,0.9524915151515152,M0_meth,slim,19
30,1.977272727272727,0.6117448186712502,0.9525043716475097,M0_meth,slim,19
40,0.45454545454545453,0.21949637775548328,0.9525359666666666,M0_meth,slim,19
50,1.0075757575757576,0.6255968755790583,0.9525263157894739,M0_meth,slim,19
60,1.0984848484848484,1.5448440627623168,0.9525558344827587,M0_meth,slim,19
70,0.9318181818181818,0.35440960110365544,0.9525640162601626,M0_meth,slim,19
80,1.5227272727272727,0.4454009481473522,0.9525665870646767,M0_meth,slim,19
90,0.9772727272727273,0.5583609868705816,0.95256896124031,M0_meth,slim,19
100,0.7954545454545454,0.9467213114754098,0.9525727238095237,M0_meth,slim,19
110,1.3030303030303032,0.269397344471208,0.9525686046511628,M0_meth,slim,19
120,1.1818181818181819,0.23200580465183357,0.9525715384615384,M0_meth,slim,19
130,1.1590909090909092,0.49972039807396346,0.9525729411764706,M0_meth,slim,19
140,0.49586776859504134,0.3015764222069911,0.9525738888888888,M0_meth,slim,19
0,0.7894736842105263,0.46501697376006146,0.9519521212121211,M0_meth,slim,20
10,0.3257575757575758,0.4767504367692514,0.9486706976744186,M0_meth,slim,20
20,1.0833333333333335,0.5580388817936711,0.9505811888111888,M0_meth,slim,20
30,1.6666666666666667,0.655977664231598,0.9522282454545455,M0_meth,slim,20
40,0.33333333333333337,0.335547980819227,0.9524699545454546,M0_meth,slim,20
50,1.4772727272727273,0.5068325916591186,0.9524206307692307,M0_meth,slim,20
60,1.0757575757575757,1.2019699379264353,0.9523688732394366,M0_meth,slim,20
70,1.4696969696969697,0.6937280568679296,0.9525356752577319,M0_meth,slim,20
80,0.43939393939393934,1.03593851483005,0.9525427586206896,M0_meth,slim,20
90,2.0,0.6829352418728982,0.952561553030303,M0_meth,slim,20
100,0.8787878787878787,0.31242858541999935,0.9525650862068966,M0_meth,slim,20
110,0.48484848484848486,0.5046775870102871,0.9525694062499999,M0_meth,slim,20
120,0.9696969696969697,1.1510948208908451,0.952571671875,M0_meth,slim,20
130,2.166666666666667,0.86086433040845,0.9525711398601397,M0_meth,slim,20
140,2.3415977961432506,0.5190191370959908,0.9525650588235294,M0_meth,slim,20
0,0.18341307814992025,0.8163484807744017,0.9521950000000001,M0_meth,slim,21
10,2.0454545454545454,0.5894903984518434,0.952516974074074,M0_meth,slim,21
20,1.2121212121212122,0.813578125842662,0.9525413875,M0_meth,slim,21
30,0.8181818181818182,0.2961436512750629,0.9525713240740741,M0_meth,slim,21
40,0.1893939393939394,0.1332192223226973,0.95253168,M0_meth,slim,21
50,0.18181818181818182,0.10998930659519215,0.9525685833333334,M0_meth,slim,21
60,1.1893939393939394,0.6647122595213201,0.9525513248407644,M0_meth,slim,21
70,1.371212121212121,0.6203748422577782,0.9525637569060773,M0_meth,slim,21
80,1.1818181818181819,0.4870871751687728,0.952565358974359,M0_meth,slim,21
90,0.9545454545454546,0.9990149203527067,0.9525713730158729,M0_meth,slim,21
100,1.3257575757575757,0.36157137982525617,0.9525719885714286,M0_meth,slim,21
110,1.3939393939393938,0.5308481155416451,0.9525726630434784,M0_meth,slim,21
120,0.46969696969696967,0.34920038913826346,0.9525727419354839,M0_meth,slim,21
130,0.29545454545454547,0.15954380636563673,0.9525742051282051,M0_meth,slim,21
140,0.743801652892562,0.599082214116421,0.9525727777777777,M0_meth,slim,21
0,1.9377990430622007,0.4112476409288586,0.8734961440329219,M0_meth,slim,22
10,0.7272727272727273,0.24604965263350018,0.8963155937499999,M0_meth,slim,22
20,0.5378787878787878,0.23449228367261152,0.9385382112676056,M0_meth,slim,22
30,1.2348484848484849,0.40448170846336057,0.9500299631901841,M0_meth,slim,22
40,2.0378787878787876,0.4864482754841467,0.9481747769516728,M0_meth,slim,22
50,0.6818181818181818,0.27105464899791915,0.946739211111111,M0_meth,slim,22
60,0.5303030303030304,0.14599924156238148,0.9521392857142856,M0_meth,slim,22
70,0.5909090909090909,0.26967139691669423,0.9517885897435897,M0_meth,slim,22
80,2.053030303030303,1.2549113156713068,0.9519847232472327,M0_meth,slim,22
90,0.3712121212121212,0.6450969440676614,0.9524183673469389,M0_meth,slim,22
100,0.6212121212121212,0.5272181740248606,0.952019512195122,M0_meth,slim,22
110,0.803030303030303,0.24458630792143587,0.9519020377358491,M0_meth,slim,22
120,0.7803030303030303,0.45747279591383516,0.952215145631068,M0_meth,slim,22
130,0.46969696969696967,0.3526947707742563,0.9524913064516128,M0_meth,slim,22
140,0.5371900826446281,0.2849173142060171,0.9524905128205128,M0_meth,slim,22
0,0.7177033492822966,0.18992137766537387,0.9511327111111112,M0_meth,slim,23
10,1.8787878787878787,0.5443063652053619,0.9519837096774192,M0_meth,slim,23
20,0.6060606060606061,0.6064086367290686,0.952407125,M0_meth,slim,23
30,0.7272727272727273,0.48816191936391023,0.9523875,M0_meth,slim,23
40,0.7424242424242424,0.17573603729907727,0.9524335816326531,M0_meth,slim,23
50,0.7727272727272727,0.4533608097460452,0.9524472647058824,M0_meth,slim,23
60,0.946969696969697,0.49861294943158124,0.9525032800000002,M0_meth,slim,23
70,0.962121212121212,0.38550515340639935,0.9524791417322833,M0_meth,slim,23
80,0.75,0.3047375637784846,0.952543898989899,M0_meth,slim,23
90,0.9393939393939393,0.6201315430545873,0.952553306451613,M0_meth,slim,23
100,0.3787878787878788,0.1593225412428124,0.95255804,M0_meth,slim,23
110,0.8181818181818182,0.5900955345464177,0.9525590925925925,M0_meth,slim,23
120,0.15151515151515152,0.04651900407041286,0.9525684999999999,M0_meth,slim,23
130,0.7575757575757576,0.46002969282562783,0.95256894,M0_meth,slim,23
140,1.7768595041322315,0.4939517883561047,0.9525734263565891,M0_meth,slim,23
0,0.5103668261562998,0.4810879147162333,0.9522682656249999,M0_meth,slim,24
10,0.9545454545454546,0.3570125315004743,0.9525036507936508,M0_meth,slim,24
20,1.5303030303030303,0.6331686930091185,0.9524676089108909,M0_meth,slim,24
30,0.30303030303030304,0.22161222896572566,0.95245675,M0_meth,slim,24
40,0.43939393939393934,0.28916754796797095,0.9524963965517241,M0_meth,slim,24
50,0.5,0.3500566551749078,0.9525308333333332,M0_meth,slim,24
60,0.6969696969696969,0.21162767192134369,0.952558804347826,M0_meth,slim,24
70,0.5454545454545455,0.4290086397573284,0.9525531805555555,M0_meth,slim,24
80,1.4015151515151516,0.5376367759406443,0.9525653081081081,M0_meth,slim,24
90,0.8333333333333334,0.35051297525648756,0.9525694545454545,M0_meth,slim,24
100,0.8712121212121213,0.3338303402958291,0.9525657652173914,M0_meth,slim,24
110,0.9545454545454546,0.28292931870375093,0.9525724126984129,M0_meth,slim,24
120,0.7196969696969697,0.33328549331037016,0.9525704210526316,M0_meth,slim,24
130,0.2651515151515152,0.12404216359604141,0.9525724000000001,M0_meth,slim,24
140,0.9228650137741048,1.388121546961326,0.9525712238805969,M0_meth,slim,24
0,1.4035087719298245,0.6769349114495009,0.952304125,M0_meth,slim,25
10,0.3787878787878788,0.20777977862009037,0.95232298,M0_meth,slim,25
20,1.2348484848484849,0.6563958632051009,0.9524668834355827,M0_meth,slim,25
30,0.9696969696969697,0.35753887304153514,0.95253709375,M0_meth,slim,25
40,2.242424242424242,0.6760189074903283,0.9525311148648649,M0_meth,slim,25
50,0.9545454545454546,0.36108168192160073,0.9525218253968253,M0_meth,slim,25
60,0.3257575757575758,0.5089487464581615,0.9525667441860465,M0_meth,slim,25
70,0.6590909090909091,0.23406926689277327,0.952534712643678,M0_meth,slim,25
80,0.18181818181818182,0.2297183629666154,0.9525322916666669,M0_meth,slim,25
90,1.0757575757575757,0.7532793209876543,0.9525731830985915,M0_meth,slim,25
100,1.3181818181818181,0.4957885602531613,0.9525732758620691,M0_meth,slim,25
110,1.893939393939394,1.1330238690361742,0.952571096,M0_meth,slim,25
120,1.2196969696969697,0.43030347207036473,0.9525721614906831,M0_meth,slim,25
130,0.7045454545454546,0.40242847027353074,0.9525739139784946,M0_meth,slim,25
140,0.6887052341597797,0.26105323112703793,0.95257492,M0_meth,slim,25
0,1.0127591706539076,0.445621142282971,0.9521670314960629,M0_meth,slim,26
10,0.8863636363636364,0.22733629107995043,0.9523500854700855,M0_meth,slim,26
20,0.6136363636363636,0.323502002977235,0.9523630493827161,M0_meth,slim,26
30,1.2803030303030303,0.5992102930511162,0.9524742130177515,M0_meth,slim,26
40,0.27272727272727276,1.1886537595677624,0.9525245000000001,M0_meth,slim,26
50,1.2727272727272727,0.7421488045835454,0.9525407976190478,M0_meth,slim,26
60,0.7651515151515151,0.25742719552649773,0.9525261485148515,M0_meth,slim,26
70,0.962121212121212,0.5365338454152665,0.9525554330708662,M0_meth,slim,26
80,0.7727272727272727,0.7663498207069271,0.9525591176470589,M0_meth,slim,26
90,1.1363636363636365,0.5042119523697962,0.9525699333333334,M0_meth,slim,26
100,0.4924242424242424,0.5081854580776612,0.9525654307692308,M0_meth,slim,26
110,1.8484848484848486,0.868936491663519,0.9525696024590165,M0_meth,slim,26
120,0.7651515151515151,0.39806283254011376,0.9525700396039605,M0_meth,slim,26
130,0.20454545454545456,0.1500037879744438,0.9525727407407407,M0_meth,slim,26
140,0.3305785123966942,2.317483540599854,0.95257375,M0_meth,slim,26
0,0.8373205741626795,0.3568890399530327,0.9524485428571428,M0_meth,slim,27
10,0.21212121212121215,0.0815307306441722,0.9524695357142858,M0_meth,slim,27
20,0.6515151515151516,1.3659663562197675,0.9525433604651162,M0_meth,slim,27
30,0.5378787878787878,0.1615232685195079,0.952528985915493,M0_meth,slim,27
40,0.8863636363636364,0.4128263798302077,0.9525601623931625,M0_meth,slim,27
50,0.7424242424242424,0.5479730588384801,0.9525611020408163,M0_meth,slim,27
60,1.0757575757575757,0.4651670670452064,0.952556647887324,M0_meth,slim,27
70,1.946969696969697,0.6616502638877512,0.9525546459143969,M0_meth,slim,27
80,0.8863636363636364,0.4518749122232106,0.9525667435897436,M0_meth,slim,27
90,1.2651515151515151,0.5190829628513299,0.9525706227544909,M0_meth,slim,27
100,1.5909090909090908,0.5751872678604777,0.9525716190476191,M0_meth,slim,27
110,2.0984848484848486,0.45533225905272356,0.9525713646209385,M0_meth,slim,27
120,0.4318181818181818,0.2230774248255169,0.9525728771929824,M0_meth,slim,27
130,0.23484848484848483,0.19454956925241998,0.952574258064516,M0_meth,slim,27
140,0.8953168044077136,0.18267678982801133,0.9525738153846154,M0_meth,slim,27
0,0.5103668261562998,0.26162736681717674,0.95073275,M0_meth,slim,28
10,0.9166666666666666,1.1592730228777146,0.9517063636363636,M0_meth,slim,28
20,0.4772727272727273,0.1695329892115371,0.9521195238095238,M0_meth,slim,28
30,1.143939393939394,0.39487604157173817,0.9523040066225167,M0_meth,slim,28
40,0.8484848484848486,0.36854963354439846,0.9522559642857142,M0_meth,slim,28
50,1.4772727272727273,0.5057829024157324,0.9524511948717947,M0_meth,slim,28
60,0.962121212121212,0.335930361179243,0.9523457716535433,M0_meth,slim,28
70,0.8333333333333334,0.5893048475599857,0.9524757272727273,M0_meth,slim,28
80,0.8106060606060607,0.4984085086561602,0.9525215420560748,M0_meth,slim,28
90,1.106060606060606,0.6121398850173109,0.9524975342465756,M0_meth,slim,28
100,0.7348484848484849,0.3847355769230769,0.952546969072165,M0_meth,slim,28
110,0.7954545454545454,0.18758577379808408,0.9525630476190476,M0_meth,slim,28
120,0.8484848484848486,0.3969668979442786,0.9525687767857143,M0_meth,slim,28
130,1.0378787878787878,0.3780621908540893,0.9525706861313868,M0_meth,slim,28
140,1.1983471074380165,0.3734391259105099,0.9525701149425287,M0_meth,slim,28
0,1.2280701754385965,0.4869238618561936,0.9221868181818182,M0_meth,slim,29
10,1.840909090909091,0.45169830451191356,0.9148965390946504,M0_meth,slim,29
20,0.7424242424242424,0.26068977191660186,0.9522231530612245,M0_meth,slim,29
30,1.1893939393939394,0.5032882274656847,0.9494960127388535,M0_meth,slim,29
40,0.6515151515151516,0.21739963077300198,0.9491082674418605,M0_meth,slim,29
50,0.6363636363636364,0.24460622104566515,0.947657261904762,M0_meth,slim,29
60,0.29545454545454547,0.35090110968726995,0.9523470256410257,M0_meth,slim,29
70,1.090909090909091,0.3121428289914476,0.9518130555555556,M0_meth,slim,29
80,1.3333333333333335,0.6194605317889482,0.9521513068181818,M0_meth,slim,29
90,0.5454545454545455,0.39928075688574455,0.9521121805555555,M0_meth,slim,29
100,0.5,0.2563182206007825,0.9524762878787879,M0_meth,slim,29
110,0.13636363636363638,0.12888946751725036,0.9523769444444444,M0_meth,slim,29
120,0.553030303030303,0.2864889935424025,0.9523883972602738,M0_meth,slim,29
130,0.8787878787878787,0.5132399275993832,0.9525342586206896,M0_meth,slim,29
140,1.2672176308539946,0.5191074634521672,0.9525003260869566,M0_meth,slim,29
0,0.8612440191387559,0.267641912543274,0.9514861296296295,M0_meth,slim,30
10,1.0378787878787878,0.7121872070950922,0.9506726715328466,M0_meth,slim,30
20,0.803030303030303,0.47334875979377256,0.9517702830188679,M0_meth,slim,30
30,1.053030303030303,0.48053805176233955,0.9514118417266189,M0_meth,slim,30
40,0.6893939393939394,0.5791315918886865,0.9523847362637361,M0_meth,slim,30
50,1.946969696969697,0.6134294838180036,0.9524708210116732,M0_meth,slim,30
60,0.43939393939393934,0.23745867114951585,0.9524458965517242,M0_meth,slim,30
70,0.7045454545454546,0.3920366360727357,0.9522595376344086,M0_meth,slim,30
80,0.6515151515151516,0.36871747900142265,0.9524864186046513,M0_meth,slim,30
90,0.25,0.1339162193569808,0.9525336969696969,M0_meth,slim,30
100,0.27272727272727276,0.2270902626447987,0.9525615833333332,M0_meth,slim,30
110,1.3484848484848484,0.45952912737186735,0.9525504325842696,M0_meth,slim,30
120,1.6363636363636365,0.5149730881768596,0.9525539351851853,M0_meth,slim,30
130,1.6136363636363635,0.8419980833732631,0.952568516431925,M0_meth,slim,30
140,0.6473829201101928,1.0760371860690994,0.9525317872340424,M0_meth,slim,30
0,0.9330143540669857,1.0831509846827134,0.9441429059829061,M0_meth,slim,31
10,1.2196969696969697,0.27799870235877694,0.9522571118012422,M0_meth,slim,31
20,0.9696969696969697,0.591368870533058,0.952344109375,M0_meth,slim,31
30,0.6060606060606061,0.18097190137031374,0.9523132000000001,M0_meth,slim,31
40,0.5757575757575757,0.39407318951023673,0.9516921315789474,M0_meth,slim,31
50,1.1818181818181819,0.5940559783518061,0.952368737179487,M0_meth,slim,31
60,0.9848484848484848,0.3907477491016901,0.9524897461538462,M0_meth,slim,31
70,0.6818181818181818,0.3129214430209035,0.9525611444444444,M0_meth,slim,31
80,1.0151515151515151,0.36320776025988005,0.9525534328358208,M0_meth,slim,31
90,0.21969696969696967,0.39003912618193676,0.9525148275862069,M0_meth,slim,31
100,1.5833333333333335,0.5239587487892429,0.9525715980861246,M0_meth,slim,31
110,0.7727272727272727,0.2296678140959815,0.952513862745098,M0_meth,slim,31
120,0.9772727272727273,0.30123337980030995,0.9525641085271318,M0_meth,slim,31
130,1.5227272727272727,0.4779128329646735,0.9525407164179104,M0_meth,slim,31
140,1.5702479338842976,1.8944505992547083,0.9525680701754385,M0_meth,slim,31
0,0.6698564593301436,0.29546568888699404,0.9509413690476191,M0_meth,slim,32
10,0.7045454545454546,0.4464292208217266,0.9517838602150538,M0_meth,slim,32
20,0.8484848484848486,0.6143974466599619,0.9518692857142858,M0_meth,slim,32
30,0.9393939393939393,0.4085748804329376,0.9520025,M0_meth,slim,32
40,0.6969696969696969,0.5729869492597032,0.9525274782608697,M0_meth,slim,32
50,0.6515151515151516,0.46827046827046825,0.9524325116279071,M0_meth,slim,32
60,0.5984848484848485,0.24715703051303814,0.9525059873417719,M0_meth,slim,32
70,0.44696969696969696,0.8287045904360596,0.9524779999999998,M0_meth,slim,32
80,0.3181818181818182,0.2112016091551174,0.9525116428571427,M0_meth,slim,32
90,1.5681818181818181,0.6586889861724492,0.9525697584541063,M0_meth,slim,32
100,1.2727272727272727,0.4850245180593771,0.9525728452380953,M0_meth,slim,32
110,0.33333333333333337,0.2913556465205875,0.9525612954545455,M0_meth,slim,32
120,0.7424242424242424,0.16709249246301258,0.9525667653061225,M0_meth,slim,32
130,1.1590909090909092,0.6320019026399128,0.9525652156862744,M0_meth,slim,32
140,0.7575757575757576,0.4498364231188658,0.9525745454545455,M0_meth,slim,32
0,0.22328548644338117,0.22002619359447553,0.951335,M0_meth,slim,33
10,1.0606060606060608,0.5801068551804672,0.9516120428571428,M0_meth,slim,33
20,0.0984848484848485,0.061916823623649635,0.9523860769230768,M0_meth,slim,33
30,0.5227272727272727,0.21067727609178388,0.952427652173913,M0_meth,slim,33
40,0.30303030303030304,1.07724323662627,0.9524021500000002,M0_meth,slim,33
50,1.0,0.7716563330380868,0.9524741666666666,M0_meth,slim,33
60,0.393939393939394,0.352234823215477,0.9525001730769233,M0_meth,slim,33
70,1.5151515151515151,0.5843707389633617,0.95250557,M0_meth,slim,33
80,0.7196969696969697,0.5417174256758508,0.9525532105263159,M0_meth,slim,33
90,1.0151515151515151,0.7274162903743184,0.9525261044776119,M0_meth,slim,33
100,0.8712121212121213,0.400726481737643,0.9525536521739131,M0_meth,slim,33
110,0.4318181818181818,0.3688850102468058,0.9525401052631579,M0_meth,slim,33
120,0.8333333333333334,0.6613407180010384,0.9525650272727273,M0_meth,slim,33
130,0.5227272727272727,0.19410192695391254,0.9525695652173913,M0_meth,slim,33
140,2.2176308539944904,1.7869935926542557,0.9525714285714286,M0_meth,slim,33
0,2.3524720893141944,0.7125082339164166,0.9525585491525422,M0_meth,slim,34
10,0.9015151515151516,0.5508718279630227,0.9525678235294118,M0_meth,slim,34
20,0.24242424242424243,0.1999204861702732,0.95256346875,M0_meth,slim,34
30,0.44696969696969696,0.5271422769730608,0.9525711016949151,M0_meth,slim,34
40,0.9545454545454546,0.6393677056263742,0.9525703492063492,M0_meth,slim,34
50,1.2424242424242424,0.4547593439096531,0.9525732926829268,M0_meth,slim,34
60,1.2348484848484849,0.4971027752363526,0.952573208588957,M0_meth,slim,34
70,0.7651515151515151,0.3953572508851946,0.9525746930693071,M0_meth,slim,34
80,0.7272727272727273,1.3612048037467508,0.9525735208333335,M0_meth,slim,34
90,0.29545454545454547,0.1452399223581456,0.9525731282051282,M0_meth,slim,34
100,1.1287878787878787,0.7412041363924147,0.9525739060402684,M0_meth,slim,34
110,1.0227272727272727,0.37723387229934835,0.952574325925926,M0_meth,slim,34
120,1.3863636363636365,0.24473668213410063,0.9525737704918033,M0_meth,slim,34
130,1.1287878787878787,0.23557255821641343,0.9525731543624162,M0_meth,slim,34
140,1.7355371900826446,0.46271206245166174,0.952574126984127,M0_meth,slim,34
0,1.1961722488038278,0.4530146062891239,0.9522562066666668,M0_meth,slim,35
10,0.34848484848484845,0.2097177514057168,0.9524589782608696,M0_meth,slim,35
20,1.0681818181818181,0.5581847299947816,0.9523780070921987,M0_meth,slim,35
30,0.43939393939393934,0.5305098604432003,0.9524340517241379,M0_meth,slim,35
40,0.4318181818181818,0.29479755197354507,0.9524076842105262,M0_meth,slim,35
50,1.121212121212121,0.2652466592987039,0.9525210608108108,M0_meth,slim,35
60,0.5454545454545455,0.2039695075887645,0.9525205277777778,M0_meth,slim,35
70,0.7121212121212122,0.27455943919774123,0.9525345957446808,M0_meth,slim,35
80,2.015151515151515,0.6531079919793755,0.9525420714285715,M0_meth,slim,35
90,1.553030303030303,0.4992712042657613,0.9525513365853658,M0_meth,slim,35
100,1.4242424242424243,0.5199812256939788,0.9525689361702129,M0_meth,slim,35
110,0.4015151515151515,0.1602227912111066,0.9525689433962264,M0_meth,slim,35
120,1.4848484848484849,0.5659584893773407,0.9525716428571429,M0_meth,slim,35
130,0.43939393939393934,0.16980203070453648,0.9525720862068966,M0_meth,slim,35
140,0.06887052341597796,0.225117675148373,0.952574,M0_meth,slim,35
0,1.5390749601275917,0.5393937854112147,0.9523316839378239,M0_meth,slim,36
10,0.7803030303030303,0.5132115355579041,0.9524189999999999,M0_meth,slim,36
20,0.4318181818181818,0.9982221986361346,0.9525071052631578,M0_meth,slim,36
30,0.5757575757575757,0.38378552081898726,0.9525327631578948,M0_meth,slim,36
40,1.0833333333333335,0.9120514877127204,0.9525598111888111,M0_meth,slim,36
50,0.30303030303030304,0.1641331716870279,0.9525712500000001,M0_meth,slim,36
60,1.7196969696969697,0.4612372314683119,0.9525562775330396,M0_meth,slim,36
70,1.2803030303030303,0.4559147520345309,0.9525657928994081,M0_meth,slim,36
80,0.6590909090909091,0.2031063743991171,0.9525684712643678,M0_meth,slim,36
90,1.2727272727272727,1.1025704768060458,0.9525726904761905,M0_meth,slim,36
100,0.7348484848484849,0.228349265230418,0.9525700618556702,M0_meth,slim,36
110,0.5984848484848485,0.30982417151447805,0.9525694430379746,M0_meth,slim,36
120,1.2575757575757576,0.4037262503132232,0.9525716265060241,M0_meth,slim,36
130,0.4318181818181818,0.14984644921272858,0.9525727192982457,M0_meth,slim,36
140,0.8126721763085398,0.9284692417739628,0.9525736271186441,M0_meth,slim,36
0,1.0047846889952152,0.7179301235399238,0.7065397380952382,M0_meth,slim,37
10,1.1893939393939394,0.42248008284882543,0.8282891592356687,M0_meth,slim,37
20,0.7575757575757576,0.23476683384910893,0.9427169499999999,M0_meth,slim,37
30,1.0681818181818181,0.5611872614230494,0.9344139787234044,M0_meth,slim,37
40,0.856060606060606,0.2914704445530044,0.9163703451327434,M0_meth,slim,37
50,0.9242424242424243,0.5581743566992015,0.947740024590164,M0_meth,slim,37
60,0.46212121212121215,0.5400474855464191,0.9512790983606556,M0_meth,slim,37
70,1.3181818181818181,0.5244506146904627,0.948723132183908,M0_meth,slim,37
80,0.22727272727272727,0.13365644892366058,0.9515354666666666,M0_meth,slim,37
90,0.6818181818181818,0.21030270844397236,0.9524720000000001,M0_meth,slim,37
100,0.33333333333333337,0.5128114570273182,0.9525046136363637,M0_meth,slim,37
110,0.5454545454545455,0.16518927938262595,0.9525176527777778,M0_meth,slim,37
120,1.2954545454545454,0.5634604439385317,0.9524711228070176,M0_meth,slim,37
130,0.3712121212121212,0.15762077435957425,0.9523110816326531,M0_meth,slim,37
140,0.9917355371900827,0.27973839279932655,0.9521796805555556,M0_meth,slim,37
0,0.8054226475279107,0.7059421563747655,0.9470903663366339,M0_meth,slim,38
10,1.174242424242424,0.5887329293347836,0.9473712645161291,M0_meth,slim,38
20,0.5,0.26136104544418176,0.950856909090909,M0_meth,slim,38
30,0.8939393939393939,0.6277557008245943,0.9513786610169491,M0_meth,slim,38
40,1.7954545454545456,1.0784611141754,0.9517510126582277,M0_meth,slim,38
50,1.0984848484848484,0.4381426779353728,0.9519742068965518,M0_meth,slim,38
60,0.4015151515151515,0.22417041565732304,0.951888603773585,M0_meth,slim,38
70,1.9696969696969695,0.5592764605230995,0.9523234384615383,M0_meth,slim,38
80,1.946969696969697,0.5071670762993129,0.9523908560311286,M0_meth,slim,38
90,0.8712121212121213,0.3221397891448653,0.9524760173913043,M0_meth,slim,38
100,1.0075757575757576,0.43337447543816343,0.9525324511278196,M0_meth,slim,38
110,0.46969696969696967,0.2587302490563175,0.9524988387096773,M0_meth,slim,38
120,0.7196969696969697,0.2797421197046423,0.9525505263157895,M0_meth,slim,38
130,0.4015151515151515,0.24054132112060075,0.9525510754716981,M0_meth,slim,38
140,1.487603305785124,0.7314895582123249,0.9525560833333334,M0_meth,slim,38
0,0.3189792663476874,0.17582651783573544,0.9499016250000001,M0_meth,slim,39
10,1.4545454545454546,0.522897392940555,0.9524692968749999,M0_meth,slim,39
20,0.38636363636363635,0.221806344478564,0.9519703529411764,M0_meth,slim,39
30,1.0757575757575757,0.24874261827350547,0.9522494014084507,M0_meth,slim,39
40,1.5454545454545454,0.44339501476995424,0.9523899950980393,M0_meth,slim,39
50,1.2272727272727273,1.299796982700981,0.9525133024691359,M0_meth,slim,39
60,0.7575757575757576,0.559601834815713,0.9525193500000002,M0_meth,slim,39
70,0.6287878787878788,0.33160408481994225,0.9525513493975903,M0_meth,slim,39
80,1.6666666666666667,0.4766453620633623,0.9525181363636362,M0_meth,slim,39
90,0.6818181818181818,0.3435015179991326,0.9525584111111111,M0_meth,slim,39
100,1.893939393939394,0.6799749439535805,0.952557108,M0_meth,slim,39
110,1.4696969696969697,0.2689085513507383,0.9525699536082475,M0_meth,slim,39
120,1.3181818181818181,0.3014046654208747,0.9525630459770115,M0_meth,slim,39
130,0.553030303030303,0.17178981598023238,0.9525721917808219,M0_meth,slim,39
140,1.5151515151515151,0.6968975579788051,0.9525738181818182,M0_meth,slim,39
0,0.9473684210526316,0.21552841581068666,0.9462512277382635,M0_meth,oracle,-1
10,0.8882575757575758,0.20840692418102374,0.9492790707119377,M0_meth,oracle,-1
20,0.9106060606060605,0.20971200504279497,0.9514475153965402,M0_meth,oracle,-1
30,0.8541666666666666,0.19462443594074263,0.9515427626234739,M0_meth,oracle,-1
40,0.9401515151515152,0.22168789909229988,0.9521032331877612,M0_meth,oracle,-1
50,0.9246212121212121,0.21395334908352923,0.9522676569589013,M0_meth,oracle,-1
60,0.9765151515151514,0.22160234339385718,0.9523823205016174,M0_meth,oracle,-1
70,0.9765151515151514,0.21899748196914554,0.9524641130666589,M0_meth,oracle,-1
80,0.9037878787878787,0.20982481275011514,0.9524873620443601,M0_meth,oracle,-1
90,0.9117424242424242,0.21987375452518532,0.9525233064819364,M0_meth,oracle,-1
100,0.9003787878787879,0.21850190303009723,0.952546827954461,M0_meth,oracle,-1
110,0.9852272727272727,0.23294573771218557,0.9525442962619117,M0_meth,oracle,-1
120,0.8806818181818181,0.21344879589423832,0.9525545348057068,M0_meth,oracle,-1
130,0.9784090909090909,0.23532280174600576,0.9525601902979289,M0_meth,oracle,-1
140,1.03099173553719,0.24221513217967475,0.9525654348030511,M0_meth,oracle,-1
0,0.3269537480063796,0.3395104324805841,0.901239756097561,M0_meth_fb,slim,0
10,1.2348484848484849,0.46532148186595734,0.9369161656441717,M0_meth_fb,slim,0
20,1.0454545454545454,0.5588655789609321,0.9315924057971015,M0_meth_fb,slim,0
30,2.1742424242424243,0.49577302588530897,0.9173846236933799,M0_meth_fb,slim,0
40,0.5227272727272727,0.37837748014224465,0.9338890434782606,M0_meth_fb,slim,0
50,1.3636363636363635,0.5192602726553519,0.9319117944444445,M0_meth_fb,slim,0
60,0.5606060606060606,0.22197679333524223,0.9502862297297296,M0_meth_fb,slim,0
70,0.8106060606060607,0.5060152908047377,0.9367275607476636,M0_meth_fb,slim,0
80,1.2424242424242424,0.46864649316124235,0.9465008292682927,M0_meth_fb,slim,0
90,0.7954545454545454,0.6888120229007633,0.9384328666666667,M0_meth_fb,slim,0
100,0.8333333333333334,0.3148144936083118,0.946822909090909,M0_meth_fb,slim,0
110,0.6287878787878788,0.16937361444777338,0.9508030120481928,M0_meth_fb,slim,0
120,1.0,0.5458851836535208,0.9437345075757575,M0_meth_fb,slim,0
130,0.21969696969696967,0.2607451808459914,0.9466880689655174,M0_meth_fb,slim,0
140,4.132231404958678,0.750913041994243,0.9501654666666667,M0_meth_fb,slim,0
0,0.69377990430622,0.27710750342644247,0.9443660114942528,M0_meth_fb,slim,1
10,0.4015151515151515,0.2186181681822443,0.9337452075471697,M0_meth_fb,slim,1
20,0.7727272727272727,0.5972267811676618,0.9389827941176471,M0_meth_fb,slim,1
30,1.0454545454545454,0.5399797240815067,0.948847043478261,M0_meth_fb,slim,1
40,1.2575757575757576,0.5009029603383244,0.9368583132530119,M0_meth_fb,slim,1
50,0.8787878787878787,0.5545013399000507,0.9383191293103448,M0_meth_fb,slim,1
60,1.0303030303030303,0.5652499732362702,0.931361463235294,M0_meth_fb,slim,1
70,1.0227272727272727,0.6677558606631093,0.948151185185185,M0_meth_fb,slim,1
80,1.3636363636363635,0.3794920939147101,0.949729611111111,M0_meth_fb,slim,1
90,0.21212121212121215,0.159164901038706,0.9464813928571428,M0_meth_fb,slim,1
100,0.8106060606060607,0.4083261058109281,0.9483208504672898,M0_meth_fb,slim,1
110,0.856060606060606,0.24421551741075231,0.9227358230088496,M0_meth_fb,slim,1
120,1.4166666666666665,0.7899082216504743,0.937576010695187,M0_meth_fb,slim,1
130,0.8484848484848486,0.2951345912753232,0.9363595535714285,M0_meth_fb,slim,1
140,0.8126721763085398,0.39063440471891175,0.9290949152542373,M0_meth_fb,slim,1
0,1.2121212121212122,0.7512805919180422,0.9391347960526316,M0_meth_fb,slim,2
10,2.7196969696969697,0.7988213558453469,0.9428360417827298,M0_meth_fb,slim,2
20,0.7045454545454546,0.34800653150088445,0.9275794408602152,M0_meth_fb,slim,2
30,1.7803030303030303,0.6504508282658839,0.9112102000000001,M0_meth_fb,slim,2
40,1.2196969696969697,0.31954723290620785,0.9297093043478261,M0_meth_fb,slim,2
50,1.871212121212121,1.1542873327196772,0.930720052631579,M0_meth_fb,slim,2
60,1.053030303030303,0.4849836911414086,0.923263381294964,M0_meth_fb,slim,2
70,1.0984848484848484,0.4145513142619514,0.9371473862068965,M0_meth_fb,slim,2
80,0.6742424242424242,0.24076039954585884,0.9332080898876405,M0_meth_fb,slim,2
90,1.4772727272727273,0.6526468455402465,0.9423173282051283,M0_meth_fb,slim,2
100,0.8863636363636364,0.5743142738144822,0.9400043846153846,M0_meth_fb,slim,2
110,0.7196969696969697,0.30233915026786184,0.9412461052631578,M0_meth_fb,slim,2
120,1.1363636363636365,0.5620912063953488,0.9460536199999999,M0_meth_fb,slim,2
130,0.6742424242424242,0.9049313675648197,0.9450416853932585,M0_meth_fb,slim,2
140,0.4132231404958678,0.3901247216913286,0.9506771666666667,M0_meth_fb,slim,2
0,0.6698564593301436,0.2965974748555532,0.9479904047619049,M0_meth_fb,slim,3
10,1.090909090909091,0.4756947225114119,0.9429606458333333,M0_meth_fb,slim,3
20,0.787878787878788,0.3824061951586395,0.9396544134615386,M0_meth_fb,slim,3
30,1.2348484848484849,0.48218151503063494,0.9455858343558284,M0_meth_fb,slim,3
40,0.3106060606060606,0.18078929962519288,0.9417380975609755,M0_meth_fb,slim,3
50,0.9772727272727273,0.36283981606569815,0.9333277984496124,M0_meth_fb,slim,3
60,0.6515151515151516,0.3474662389656819,0.9392849302325581,M0_meth_fb,slim,3
70,1.6742424242424243,0.7312047884739746,0.9383626244343891,M0_meth_fb,slim,3
80,0.7727272727272727,0.31838668943109427,0.9326601372549019,M0_meth_fb,slim,3
90,1.8181818181818181,0.6641314510685221,0.9460524583333334,M0_meth_fb,slim,3
100,1.4772727272727273,0.5473148825420586,0.9436730769230769,M0_meth_fb,slim,3
110,0.5378787878787878,0.3746671890366272,0.9377566478873238,M0_meth_fb,slim,3
120,1.1818181818181819,0.4412804676818632,0.9509341666666669,M0_meth_fb,slim,3
130,0.5681818181818182,0.5391980654226987,0.9451716533333333,M0_meth_fb,slim,3
140,0.6336088154269973,0.6534372175110843,0.9501028260869565,M0_meth_fb,slim,3
0,1.730462519936204,0.6997879430475614,0.9412946082949308,M0_meth_fb,slim,4
10,0.5378787878787878,0.2742981572970568,0.9280108873239437,M0_meth_fb,slim,4
20,0.7575757575757576,0.5281394288092056,0.9398834600000001,M0_meth_fb,slim,4
30,1.2727272727272727,0.39341749515679225,0.941432244047619,M0_meth_fb,slim,4
40,0.8636363636363636,0.3238037036877644,0.9391030789473684,M0_meth_fb,slim,4
50,1.090909090909091,0.3439440656620489,0.9405419652777778,M0_meth_fb,slim,4
60,0.2803030303030303,0.6050844937806631,0.948710081081081,M0_meth_fb,slim,4
70,0.5757575757575757,0.3725822265799091,0.9385126973684212,M0_meth_fb,slim,4
80,1.628787878787879,0.5787301380142909,0.8904678604651163,M0_meth_fb,slim,4
90,1.3636363636363635,1.171898119833488,0.9130191222222223,M0_meth_fb,slim,4
100,1.3257575757575757,0.6465408664207385,0.9143505771428573,M0_meth_fb,slim,4
110,0.75,0.2757159796272307,0.9370570505050505,M0_meth_fb,slim,4
120,1.446969696969697,0.4949604809040116,0.934698109947644,M0_meth_fb,slim,4
130,1.6439393939393938,0.49712250692472704,0.9482491474654378,M0_meth_fb,slim,4
140,0.39944903581267216,0.42049299178347027,0.9368855172413791,M0_meth_fb,slim,4
0,0.9649122807017544,0.4340476876334999,0.9496350661157025,M0_meth_fb,slim,5
10,0.38636363636363635,0.22716842588343275,0.9477341176470588,M0_meth_fb,slim,5
20,1.196969696969697,0.3920462876284358,0.946036164556962,M0_meth_fb,slim,5
30,0.7424242424242424,0.5030292189359237,0.9441149081632654,M0_meth_fb,slim,5
40,0.4015151515151515,0.5477693042484223,0.9415419245283019,M0_meth_fb,slim,5
50,1.0984848484848484,0.4217605528280433,0.9464392137931035,M0_meth_fb,slim,5
60,0.5681818181818182,0.20980532608833863,0.9415764799999999,M0_meth_fb,slim,5
70,1.0606060606060608,0.6479708833862791,0.9436330928571428,M0_meth_fb,slim,5
80,0.29545454545454547,0.15290301885447483,0.9354218205128205,M0_meth_fb,slim,5
90,0.4242424242424243,0.13722330717080886,0.9398487142857145,M0_meth_fb,slim,5
100,0.8636363636363636,0.500019936999083,0.9450656140350877,M0_meth_fb,slim,5
110,1.6818181818181819,0.6046200698209908,0.9399960225225225,M0_meth_fb,slim,5
120,1.6666666666666667,0.5754756988343842,0.9345842090909091,M0_meth_fb,slim,5
130,0.5606060606060606,0.3509503107821651,0.9491159729729728,M0_meth_fb,slim,5
140,0.3581267217630854,0.42855002247639984,0.9251261538461539,M0_meth_fb,slim,5
0,0.8771929824561403,0.41375065539015665,0.9419160818181819,M0_meth_fb,slim,6
10,0.7121212121212122,0.5111094634339242,0.9500465,M0_meth_fb,slim,6
20,0.25757575757575757,0.1582220467333211,0.9487472352941178,M0_meth_fb,slim,6
30,0.8939393939393939,0.5998474963992206,0.94952643220339,M0_meth_fb,slim,6
40,0.2651515151515152,0.1330392264143337,0.9321020285714285,M0_meth_fb,slim,6
50,0.75,0.9270057459033838,0.9328686363636364,M0_meth_fb,slim,6
60,0.7196969696969697,0.31581015125644085,0.9225248736842104,M0_meth_fb,slim,6
70,0.8636363636363636,0.16964094470435712,0.9413083771929827,M0_meth_fb,slim,6
80,1.0,0.7176158547635131,0.9255946363636365,M0_meth_fb,slim,6
90,0.8484848484848486,0.43649504868644035,0.9304592321428572,M0_meth_fb,slim,6
100,1.7651515151515151,1.2457672429157014,0.9367462188841201,M0_meth_fb,slim,6
110,1.3636363636363635,0.5037206639954207,0.9245916277777777,M0_meth_fb,slim,6
120,0.5454545454545455,0.3902406977030656,0.918391166666667,M0_meth_fb,slim,6
130,1.553030303030303,0.3683115921513971,0.9500033170731706,M0_meth_fb,slim,6
140,0.34435261707988984,0.2193069899118785,0.9525739199999999,M0_meth_fb,slim,6
0,1.0526315789473684,0.40649306414210457,0.942426053030303,M0_meth_fb,slim,7
10,1.0075757575757576,0.41626358618334947,0.9469987894736841,M0_meth_fb,slim,7
20,0.7348484848484849,0.4245189183454239,0.9298605154639175,M0_meth_fb,slim,7
30,0.38636363636363635,0.19785219277363383,0.9408606470588237,M0_meth_fb,slim,7
40,1.8257575757575757,0.7292282723809261,0.9461965933609958,M0_meth_fb,slim,7
50,1.0454545454545454,0.2241599539275984,0.9443957101449275,M0_meth_fb,slim,7
60,0.6363636363636364,0.35761743191464657,0.9397052738095238,M0_meth_fb,slim,7
70,1.6666666666666667,0.43073016475725445,0.9328853227272729,M0_meth_fb,slim,7
80,1.3181818181818181,0.7688496712772652,0.9303381839080459,M0_meth_fb,slim,7
90,0.3560606060606061,1.1671307096094514,0.9315394893617022,M0_meth_fb,slim,7
100,1.371212121212121,0.6428940457226503,0.9352711049723756,M0_meth_fb,slim,7
110,0.5454545454545455,0.29922925797189054,0.9339944166666666,M0_meth_fb,slim,7
120,0.3787878787878788,0.29206382922231366,0.9329414,M0_meth_fb,slim,7
130,1.0681818181818181,0.4641165029175601,0.9420581418439716,M0_meth_fb,slim,7
140,0.7713498622589532,0.5013836887514245,0.9403883928571429,M0_meth_fb,slim,7
0,0.773524720893142,0.4916144489495024,0.9366732268041237,M0_meth_fb,slim,8
10,1.2196969696969697,0.5050428236009847,0.9206837018633542,M0_meth_fb,slim,8
20,0.4924242424242424,1.0957854406130267,0.9360620769230767,M0_meth_fb,slim,8
30,1.25,0.9902160471375573,0.9256349090909091,M0_meth_fb,slim,8
40,2.1287878787878785,0.6559406378320641,0.930991185053381,M0_meth_fb,slim,8
50,1.6969696969696972,0.6956423540040372,0.9316763303571428,M0_meth_fb,slim,8
60,1.8787878787878787,1.084598411005016,0.9334008064516129,M0_meth_fb,slim,8
70,0.8636363636363636,0.19726337702107133,0.9310013245614033,M0_meth_fb,slim,8
80,0.9772727272727273,0.3216592995579734,0.9400279844961239,M0_meth_fb,slim,8
90,1.4015151515151516,0.420466128543486,0.9400014702702701,M0_meth_fb,slim,8
100,2.015151515151515,0.8005544966210362,0.9352196240601504,M0_meth_fb,slim,8
110,1.0227272727272727,0.31195294447167565,0.9027997703703704,M0_meth_fb,slim,8
120,1.4848484848484849,0.46565204244719305,0.92740881122449,M0_meth_fb,slim,8
130,1.6136363636363635,1.0303203535542316,0.9460511596244131,M0_meth_fb,slim,8
140,0.08264462809917356,0.069267098128389,0.9525733333333334,M0_meth_fb,slim,8
0,0.5821371610845295,0.7930994748884757,0.934707315068493,M0_meth_fb,slim,9
10,0.22727272727272727,0.09937015382299065,0.943472,M0_meth_fb,slim,9
20,0.856060606060606,0.4311580797336047,0.9401305398230089,M0_meth_fb,slim,9
30,0.962121212121212,0.3516175582253843,0.9470743307086614,M0_meth_fb,slim,9
40,2.962121212121212,1.1950099097930984,0.942849685421995,M0_meth_fb,slim,9
50,0.6818181818181818,0.6695749213756721,0.9462238777777776,M0_meth_fb,slim,9
60,1.143939393939394,0.39536950346731825,0.9242804039735097,M0_meth_fb,slim,9
70,0.5757575757575757,0.2173536242936874,0.9306899210526316,M0_meth_fb,slim,9
80,1.2954545454545454,0.7000849828483522,0.9319919298245612,M0_meth_fb,slim,9
90,0.5606060606060606,0.8095743270123326,0.9315417567567568,M0_meth_fb,slim,9
100,2.3636363636363638,0.5133369895796979,0.9405435576923077,M0_meth_fb,slim,9
110,1.0681818181818181,0.8103942246566754,0.9449088652482269,M0_meth_fb,slim,9
120,0.6893939393939394,0.23362468346306,0.942857945054945,M0_meth_fb,slim,9
130,1.446969696969697,0.5343812394287386,0.9492203664921466,M0_meth_fb,slim,9
140,1.1570247933884297,0.3580308304326206,0.9518951666666666,M0_meth_fb,slim,9
0,1.2519936204146729,0.6788032833063655,0.9433476624203821,M0_meth_fb,slim,10
10,0.14393939393939392,0.0836680500140114,0.9083518421052631,M0_meth_fb,slim,10
20,1.106060606060606,0.45978547161888755,0.9275418493150687,M0_meth_fb,slim,10
30,0.393939393939394,0.2269946359950527,0.9212063461538461,M0_meth_fb,slim,10
40,0.6742424242424242,1.1245333588590025,0.9467462022471909,M0_meth_fb,slim,10
50,1.1287878787878787,0.21430579436319538,0.9347692818791946,M0_meth_fb,slim,10
60,0.6212121212121212,1.2535612535612537,0.9428463292682926,M0_meth_fb,slim,10
70,0.5757575757575757,0.31924846772191784,0.9500843157894736,M0_meth_fb,slim,10
80,1.4848484848484849,0.6153436334576451,0.9321886836734693,M0_meth_fb,slim,10
90,1.8257575757575757,0.8143809455543382,0.9362165145228215,M0_meth_fb,slim,10
100,1.8106060606060606,0.5913801118725911,0.9376558661087867,M0_meth_fb,slim,10
110,0.8484848484848486,0.34557720088077315,0.9348285714285716,M0_meth_fb,slim,10
120,1.5,1.3099307344553486,0.9442737070707069,M0_meth_fb,slim,10
130,0.6893939393939394,0.3546417563210789,0.9188537802197803,M0_meth_fb,slim,10
140,1.6253443526170797,0.9886887306242145,0.9410389322033897,M0_meth_fb,slim,10
0,0.5422647527910686,0.5598383354539331,0.9336774999999999,M0_meth_fb,slim,11
10,0.6590909090909091,0.3450327186198691,0.934675172413793,M0_meth_fb,slim,11
20,0.5303030303030304,0.3164145167144941,0.9398737142857143,M0_meth_fb,slim,11
30,1.2272727272727273,0.448759113058588,0.9357550617283951,M0_meth_fb,slim,11
40,0.9545454545454546,0.21893544089848835,0.9341579444444446,M0_meth_fb,slim,11
50,0.7272727272727273,0.45379342944930273,0.9418640625000001,M0_meth_fb,slim,11
60,0.196969696969697,0.23361241576475392,0.9388263846153845,M0_meth_fb,slim,11
70,0.5378787878787878,1.055857236204682,0.9478945915492958,M0_meth_fb,slim,11
80,0.17424242424242423,0.12576636288318144,0.9436713913043479,M0_meth_fb,slim,11
90,0.8257575757575757,0.2763776623536282,0.9401868073394495,M0_meth_fb,slim,11
100,1.4090909090909092,0.5527961777989923,0.9446066559139785,M0_meth_fb,slim,11
110,0.8712121212121213,0.5309177392277561,0.9354981739130435,M0_meth_fb,slim,11
120,0.46212121212121215,0.22921885675244819,0.9455594918032787,M0_meth_fb,slim,11
130,0.6212121212121212,0.6583380977289038,0.9340065853658538,M0_meth_fb,slim,11
140,2.0798898071625342,0.3254150952637508,0.9452249668874171,M0_meth_fb,slim,11
0,1.244019138755981,0.35320148882523456,0.9434367499999999,M0_meth_fb,slim,12
10,0.23484848484848483,0.31522995146752947,0.9372866451612903,M0_meth_fb,slim,12
20,0.7045454545454546,0.5599905117280516,0.9498344086021505,M0_meth_fb,slim,12
30,2.0378787878787876,0.37592981965786443,0.9350584423791822,M0_meth_fb,slim,12
40,0.3409090909090909,0.3375537017252745,0.9353433999999999,M0_meth_fb,slim,12
50,1.7651515151515151,0.4339066838220357,0.9302679914163089,M0_meth_fb,slim,12
60,1.7878787878787878,0.4298167428743305,0.9255498686440677,M0_meth_fb,slim,12
70,1.4242424242424243,0.6101254868022501,0.9366002234042553,M0_meth_fb,slim,12
80,1.0984848484848484,0.36453532221570434,0.9375989655172414,M0_meth_fb,slim,12
90,0.6212121212121212,0.337463288708199,0.9407391463414635,M0_meth_fb,slim,12
100,1.2651515151515151,0.5869978537458261,0.936029005988024,M0_meth_fb,slim,12
110,0.5151515151515151,0.6969268754755655,0.9260514705882352,M0_meth_fb,slim,12
120,1.0075757575757576,1.0808614384396587,0.9503235187969925,M0_meth_fb,slim,12
130,1.2121212121212122,0.561385601735192,0.9429297562499999,M0_meth_fb,slim,12
140,0.26170798898071623,0.5688880823844304,0.9390336842105264,M0_meth_fb,slim,12
0,0.9250398724082934,0.3699819744936669,0.9315266379310346,M0_meth_fb,slim,13
10,0.15151515151515152,0.12076410744346043,0.9360324499999999,M0_meth_fb,slim,13
20,1.840909090909091,0.5589730899661577,0.9388139176954732,M0_meth_fb,slim,13
30,0.3787878787878788,0.1932039062317042,0.9434252,M0_meth_fb,slim,13
40,0.25757575757575757,0.23433094546897518,0.9415475882352942,M0_meth_fb,slim,13
50,0.8333333333333334,0.33475813033434304,0.9451000545454545,M0_meth_fb,slim,13
60,0.962121212121212,0.4046948855488874,0.9451529133858267,M0_meth_fb,slim,13
70,0.2803030303030303,0.3095057034220532,0.9320213513513512,M0_meth_fb,slim,13
80,1.5606060606060606,0.8416751787538305,0.9368379466019418,M0_meth_fb,slim,13
90,1.712121212121212,0.46054662895676124,0.9393611725663716,M0_meth_fb,slim,13
100,1.2651515151515151,0.27623437065329354,0.943428622754491,M0_meth_fb,slim,13
110,1.1515151515151514,0.27501206193254085,0.9397146842105265,M0_meth_fb,slim,13
120,1.106060606060606,0.4217418516200472,0.9460031027397261,M0_meth_fb,slim,13
130,0.46969696969696967,0.3849663671856626,0.9516042096774193,M0_meth_fb,slim,13
140,1.2947658402203857,1.2533839751101055,0.9519522234042553,M0_meth_fb,slim,13
0,1.4035087719298245,0.3964762220075705,0.9462413068181817,M0_meth_fb,slim,14
10,0.6893939393939394,0.3429099961175692,0.9467067032967034,M0_meth_fb,slim,14
20,1.0075757575757576,0.8170369611958638,0.9382161353383458,M0_meth_fb,slim,14
30,1.0454545454545454,0.45518378770084217,0.9410516666666666,M0_meth_fb,slim,14
40,0.23484848484848483,0.27312775330396477,0.9460907419354839,M0_meth_fb,slim,14
50,0.5606060606060606,0.47164709517923353,0.9468005540540539,M0_meth_fb,slim,14
60,0.3106060606060606,0.16131051379723518,0.9399855121951219,M0_meth_fb,slim,14
70,1.0227272727272727,0.4277874602100047,0.9379379629629631,M0_meth_fb,slim,14
80,0.6515151515151516,0.35081213379811615,0.9502585697674418,M0_meth_fb,slim,14
90,2.2803030303030303,0.5200755007421797,0.9354607275747507,M0_meth_fb,slim,14
100,1.4621212121212122,0.3395297015187943,0.9408260725388601,M0_meth_fb,slim,14
110,0.28787878787878785,0.13054137193360502,0.9376044736842106,M0_meth_fb,slim,14
120,0.46212121212121215,0.38444276806432204,0.9455788688524589,M0_meth_fb,slim,14
130,0.9924242424242424,0.5394242647334073,0.9469288625954199,M0_meth_fb,slim,14
140,1.1983471074380165,1.9823925427239775,0.9479864137931034,M0_meth_fb,slim,14
0,0.7894736842105263,0.2969271178892454,0.9213111111111111,M0_meth_fb,slim,15
10,0.6439393939393939,0.2877660938702231,0.9464703647058823,M0_meth_fb,slim,15
20,0.1893939393939394,0.8241346586084611,0.95027836,M0_meth_fb,slim,15
30,0.6439393939393939,0.7462488028094073,0.944653388235294,M0_meth_fb,slim,15
40,0.6136363636363636,0.22500284094496142,0.9517733827160494,M0_meth_fb,slim,15
50,0.7348484848484849,0.26789301017675415,0.9470582474226804,M0_meth_fb,slim,15
60,1.4393939393939394,0.4309396821905757,0.9499039473684212,M0_meth_fb,slim,15
70,0.5,0.2703809913969685,0.9437061515151515,M0_meth_fb,slim,15
80,1.6136363636363635,0.8845403636821242,0.9253009389671362,M0_meth_fb,slim,15
90,1.1818181818181819,0.6856412237124249,0.9376011346153845,M0_meth_fb,slim,15
100,0.9318181818181818,0.7624897855673589,0.9392856097560977,M0_meth_fb,slim,15
110,0.8333333333333334,0.449766753192043,0.9368173818181819,M0_meth_fb,slim,15
120,1.090909090909091,0.6182508912076188,0.9354702777777777,M0_meth_fb,slim,15
130,0.7424242424242424,0.28775698148799006,0.9438482653061224,M0_meth_fb,slim,15
140,1.9696969696969695,0.46489633668779834,0.9497728951048953,M0_meth_fb,slim,15
0,1.7145135566188199,0.3377558161123092,0.9346559813953489,M0_meth_fb,slim,16
10,0.3106060606060606,0.38103552670487356,0.9452786585365853,M0_meth_fb,slim,16
20,1.6818181818181819,0.5836380583638058,0.9379702792792792,M0_meth_fb,slim,16
30,0.9090909090909091,0.3552381934881969,0.9462576916666666,M0_meth_fb,slim,16
40,0.44696969696969696,0.23723216951073153,0.9384435762711864,M0_meth_fb,slim,16
50,1.5984848484848484,0.6970493280276299,0.9424496966824644,M0_meth_fb,slim,16
60,1.3409090909090908,0.8514391084743044,0.93543,M0_meth_fb,slim,16
70,0.5378787878787878,0.5453656719891997,0.9497462112676057,M0_meth_fb,slim,16
80,1.0378787878787878,0.4662386882202799,0.9469217737226278,M0_meth_fb,slim,16
90,1.4772727272727273,0.373626118410739,0.9464227794871795,M0_meth_fb,slim,16
100,0.48484848484848486,0.41449150213918434,0.9340358437499999,M0_meth_fb,slim,16
110,1.3106060606060606,0.8195462277761428,0.938637514450867,M0_meth_fb,slim,16
120,1.6969696969696972,0.5668972498734605,0.9435257589285715,M0_meth_fb,slim,16
130,0.9318181818181818,0.3294388825536992,0.9477973170731707,M0_meth_fb,slim,16
140,1.046831955922865,0.4665525708758092,0.9441296184210526,M0_meth_fb,slim,16
0,1.5231259968102073,0.5479535417463575,0.9272578324607331,M0_meth_fb,slim,17
10,0.8409090909090909,0.3204079669007986,0.9305051351351351,M0_meth_fb,slim,17
20,1.712121212121212,0.6516468105741885,0.9237876238938053,M0_meth_fb,slim,17
30,0.7272727272727273,0.36154065620542086,0.9482130104166666,M0_meth_fb,slim,17
40,1.196969696969697,0.7128501702145114,0.93967,M0_meth_fb,slim,17
50,0.8712121212121213,0.26258796177771015,0.9370411913043478,M0_meth_fb,slim,17
60,0.5454545454545455,0.3969659504795001,0.945731125,M0_meth_fb,slim,17
70,1.4772727272727273,0.3046579285628052,0.9378517948717949,M0_meth_fb,slim,17
80,1.0378787878787878,0.327992541996612,0.9416741678832118,M0_meth_fb,slim,17
90,0.6818181818181818,0.4197375580318973,0.9364290333333334,M0_meth_fb,slim,17
100,0.9393939393939393,0.47119785819155374,0.9307616129032257,M0_meth_fb,slim,17
110,2.0454545454545454,0.6145357358392964,0.9273238185185183,M0_meth_fb,slim,17
120,1.5984848484848484,0.5481296051388627,0.9107216113744074,M0_meth_fb,slim,17
130,1.5303030303030303,0.6960135318562448,0.9322403465346534,M0_meth_fb,slim,17
140,1.955922865013774,0.47042997259338826,0.9398695211267607,M0_meth_fb,slim,17
0,0.2551834130781499,0.6255924170616114,0.9477198437500001,M0_meth_fb,slim,18
10,0.7424242424242424,0.5053677746003469,0.9473229897959184,M0_meth_fb,slim,18
20,1.7348484848484849,0.5762280206792431,0.9376601877729259,M0_meth_fb,slim,18
30,0.7727272727272727,0.5443519042613407,0.932320931372549,M0_meth_fb,slim,18
40,0.7045454545454546,0.3021695359152468,0.9372293118279569,M0_meth_fb,slim,18
50,0.7348484848484849,0.24339058828896645,0.9401764226804123,M0_meth_fb,slim,18
60,0.6212121212121212,0.562531182438051,0.9400456097560976,M0_meth_fb,slim,18
70,0.6893939393939394,0.23631062689597376,0.9463092637362639,M0_meth_fb,slim,18
80,0.8409090909090909,0.4577062208310685,0.9314988288288288,M0_meth_fb,slim,18
90,0.9772727272727273,0.4970372748766748,0.924699457364341,M0_meth_fb,slim,18
100,1.5909090909090908,0.4273201232013862,0.9379032952380952,M0_meth_fb,slim,18
110,2.348484848484848,0.7709060218084265,0.9316115483870967,M0_meth_fb,slim,18
120,0.8181818181818182,0.32490678530079403,0.9465036111111111,M0_meth_fb,slim,18
130,0.44696969696969696,0.32258064516129026,0.9446093898305085,M0_meth_fb,slim,18
140,1.6666666666666667,0.5754472938989328,0.949048611570248,M0_meth_fb,slim,18
0,1.4354066985645932,0.6668724915097252,0.9293789555555556,M0_meth_fb,slim,19
10,0.9166666666666666,0.5709914058143026,0.9366469421487604,M0_meth_fb,slim,19
20,0.9015151515151516,0.43400657585721,0.9334448487394958,M0_meth_fb,slim,19
30,0.8257575757575757,0.25388198757763975,0.9410267889908257,M0_meth_fb,slim,19
40,1.2575757575757576,0.5468293778543086,0.9399702951807231,M0_meth_fb,slim,19
50,0.8409090909090909,0.7282016619617512,0.9409557567567568,M0_meth_fb,slim,19
60,1.0757575757575757,0.41910383686611213,0.9446016197183099,M0_meth_fb,slim,19
70,0.18181818181818182,0.08384900826315037,0.9311858333333335,M0_meth_fb,slim,19
80,1.6666666666666667,0.7346616609829895,0.9447435363636364,M0_meth_fb,slim,19
90,1.25,0.6671976473471388,0.949641393939394,M0_meth_fb,slim,19
100,0.5303030303030304,0.16478577848796566,0.9407526142857144,M0_meth_fb,slim,19
110,2.053030303030303,0.7654875778391218,0.9365965682656827,M0_meth_fb,slim,19
120,0.5606060606060606,0.459549483430249,0.9518065945945946,M0_meth_fb,slim,19
130,0.12878787878787878,0.5934623928911457,0.9408661176470589,M0_meth_fb,slim,19
140,0.13774104683195593,0.06533295057463301,0.9497310999999999,M0_meth_fb,slim,19
0,0.9489633173843701,0.4633382298285047,0.9321516806722691,M0_meth_fb,slim,20
10,1.1515151515151514,0.3867908160314615,0.9386623684210527,M0_meth_fb,slim,20
20,0.9924242424242424,0.3507064020346326,0.9484073816793893,M0_meth_fb,slim,20
30,0.3560606060606061,0.11594657935164107,0.9483339148936171,M0_meth_fb,slim,20
40,0.4090909090909091,0.13831376734258272,0.952045351851852,M0_meth_fb,slim,20
50,0.4318181818181818,0.13378473531106194,0.9485775438596492,M0_meth_fb,slim,20
60,1.2424242424242424,0.7328219467444804,0.9501453841463415,M0_meth_fb,slim,20
70,0.6287878787878788,0.6331849968213603,0.9450335421686746,M0_meth_fb,slim,20
80,1.1590909090909092,1.3827194303710804,0.9435471111111111,M0_meth_fb,slim,20
90,0.33333333333333337,0.7044611018120952,0.9408473181818181,M0_meth_fb,slim,20
100,1.25,0.3028785982478097,0.9494724484848484,M0_meth_fb,slim,20
110,0.75,0.392798100333644,0.9356296161616161,M0_meth_fb,slim,20
120,1.6969696969696972,0.48110278755849445,0.9463536875,M0_meth_fb,slim,20
130,0.75,0.31331517569433787,0.9494139595959596,M0_meth_fb,slim,20
140,0.6060606060606061,0.5995911878264819,0.9480508636363637,M0_meth_fb,slim,20
0,0.8851674641148326,0.325266060178217,0.9263976216216218,M0_meth_fb,slim,21
10,0.3257575757575758,0.12829728080287517,0.9210467906976745,M0_meth_fb,slim,21
20,0.23484848484848483,0.23758099352051837,0.9386209032258065,M0_meth_fb,slim,21
30,0.21969696969696967,0.2196667125740256,0.9391423793103448,M0_meth_fb,slim,21
40,0.6590909090909091,0.4158790170132325,0.9491537241379311,M0_meth_fb,slim,21
50,0.46212121212121215,0.383527192706696,0.9504413442622951,M0_meth_fb,slim,21
60,1.0606060606060608,0.2892109299195593,0.9247726428571428,M0_meth_fb,slim,21
70,1.25,0.4408193005181348,0.9357106787878787,M0_meth_fb,slim,21
80,0.8106060606060607,0.468740666007341,0.9477252242990655,M0_meth_fb,slim,21
90,0.45454545454545453,0.5452292441140025,0.9449815333333332,M0_meth_fb,slim,21
100,0.6363636363636364,0.46446164672765666,0.9470682857142857,M0_meth_fb,slim,21
110,0.6439393939393939,0.2809115353993601,0.940312011764706,M0_meth_fb,slim,21
120,0.4015151515151515,0.46594027226469886,0.9480354716981132,M0_meth_fb,slim,21
130,1.4848484848484849,0.4402590640070517,0.9443988265306122,M0_meth_fb,slim,21
140,0.49586776859504134,0.34632539428038367,0.9474063055555556,M0_meth_fb,slim,21
0,0.7974481658692184,0.27389301572809893,0.91892435,M0_meth_fb,slim,22
10,1.8863636363636365,0.49689478553762234,0.9415199357429719,M0_meth_fb,slim,22
20,0.7575757575757576,0.7996413729600058,0.9242303999999999,M0_meth_fb,slim,22
30,1.5227272727272727,0.6329258866973924,0.9366171791044776,M0_meth_fb,slim,22
40,0.8181818181818182,0.2965280262249254,0.942078962962963,M0_meth_fb,slim,22
50,1.174242424242424,0.506503344506444,0.9370067677419356,M0_meth_fb,slim,22
60,0.9545454545454546,0.305362572154576,0.9334258095238096,M0_meth_fb,slim,22
70,0.5757575757575757,0.6021247224056179,0.951067802631579,M0_meth_fb,slim,22
80,1.2727272727272727,0.4658001529141917,0.9400406011904763,M0_meth_fb,slim,22
90,0.9772727272727273,0.7226584051266817,0.9328086356589148,M0_meth_fb,slim,22
100,0.8409090909090909,0.40162491982303505,0.9512921621621623,M0_meth_fb,slim,22
110,0.5227272727272727,0.5134217973145132,0.9501011159420291,M0_meth_fb,slim,22
120,1.0227272727272727,0.3494405421622957,0.951519925925926,M0_meth_fb,slim,22
130,1.0833333333333335,0.4589663288529246,0.9513805174825173,M0_meth_fb,slim,22
140,1.0743801652892562,0.3424420615703909,0.9518448717948718,M0_meth_fb,slim,22
0,0.7256778309409888,1.063215847333109,0.9455786373626374,M0_meth_fb,slim,23
10,0.3712121212121212,0.30045151340604626,0.9397914897959183,M0_meth_fb,slim,23
20,0.8106060606060607,0.35761669890719794,0.9483081308411215,M0_meth_fb,slim,23
30,1.3409090909090908,0.4117584857777308,0.9336682711864407,M0_meth_fb,slim,23
40,1.4242424242424243,0.4046082558605914,0.9383952765957447,M0_meth_fb,slim,23
50,0.46969696969696967,0.13394786115512028,0.924930870967742,M0_meth_fb,slim,23
60,0.8636363636363636,0.17950057614818102,0.9267383684210526,M0_meth_fb,slim,23
70,1.4393939393939394,0.6907188102451116,0.9317713105263158,M0_meth_fb,slim,23
80,0.7727272727272727,0.3658675768066478,0.9428155882352942,M0_meth_fb,slim,23
90,0.856060606060606,0.7536682970208981,0.9383137168141594,M0_meth_fb,slim,23
100,1.121212121212121,0.5960968108088317,0.9439283783783784,M0_meth_fb,slim,23
110,0.34848484848484845,0.18809360072858392,0.9525746304347826,M0_meth_fb,slim,23
120,1.2878787878787878,0.823576907549455,0.9488931176470587,M0_meth_fb,slim,23
130,0.196969696969697,0.1270706367601431,0.9492932307692308,M0_meth_fb,slim,23
140,0.7575757575757576,0.2782547372294107,0.9520570909090909,M0_meth_fb,slim,23
0,1.0207336523125996,0.26488737269854007,0.931226671875,M0_meth_fb,slim,24
10,0.5,0.16599724100086125,0.9285291212121212,M0_meth_fb,slim,24
20,1.2954545454545454,0.5361036296011286,0.942453567251462,M0_meth_fb,slim,24
30,1.0075757575757576,0.45565677801136817,0.9406350000000001,M0_meth_fb,slim,24
40,0.27272727272727276,0.19362567333001932,0.9413083333333334,M0_meth_fb,slim,24
50,1.2651515151515151,0.3113049274412667,0.9411896886227544,M0_meth_fb,slim,24
60,0.6515151515151516,0.3231591712641126,0.9440908720930233,M0_meth_fb,slim,24
70,0.9090909090909091,0.2662748750155495,0.9459544666666666,M0_meth_fb,slim,24
80,0.3712121212121212,0.43803331978870386,0.9382453265306122,M0_meth_fb,slim,24
90,1.0833333333333335,0.4706034873922344,0.9494441888111886,M0_meth_fb,slim,24
100,0.33333333333333337,0.26675975087725745,0.9493234772727273,M0_meth_fb,slim,24
110,0.2803030303030303,0.37425860932734606,0.9390915675675676,M0_meth_fb,slim,24
120,0.6439393939393939,0.6142559947443338,0.9400815764705883,M0_meth_fb,slim,24
130,3.159090909090909,0.787995396059164,0.9390265947242206,M0_meth_fb,slim,24
140,0.9917355371900827,0.5936289818863212,0.947835625,M0_meth_fb,slim,24
0,0.4944178628389155,0.19860703278569178,0.939388064516129,M0_meth_fb,slim,25
10,1.0151515151515151,0.5374527510725963,0.9295182835820895,M0_meth_fb,slim,25
20,2.007575757575758,0.5917480080523743,0.9269417094339623,M0_meth_fb,slim,25
30,1.4393939393939394,0.4083400358844274,0.9365721368421054,M0_meth_fb,slim,25
40,0.8939393939393939,0.31023438869325515,0.921628211864407,M0_meth_fb,slim,25
50,0.7121212121212122,0.3081538583803545,0.9245024680851064,M0_meth_fb,slim,25
60,0.946969696969697,0.4542351231114832,0.9438810959999999,M0_meth_fb,slim,25
70,2.143939393939394,0.41393891309454683,0.9472414275618375,M0_meth_fb,slim,25
80,0.7348484848484849,0.36118680500313116,0.9380407216494845,M0_meth_fb,slim,25
90,0.393939393939394,0.1976491727184248,0.9421827692307693,M0_meth_fb,slim,25
100,0.1893939393939394,0.1393133960384336,0.9400552000000001,M0_meth_fb,slim,25
110,0.46969696969696967,0.22098373404186375,0.9488813548387095,M0_meth_fb,slim,25
120,0.8939393939393939,0.43858759925663127,0.9450979661016949,M0_meth_fb,slim,25
130,0.856060606060606,0.28263382283278066,0.9455254601769912,M0_meth_fb,slim,25
140,0.08264462809917356,0.15301391035548687,0.9478281666666667,M0_meth_fb,slim,25
0,0.7416267942583732,0.20834394061281225,0.946162505376344,M0_meth_fb,slim,26
10,0.8636363636363636,0.22291153753855178,0.944546649122807,M0_meth_fb,slim,26
20,0.21969696969696967,0.07796969203193743,0.9484448620689655,M0_meth_fb,slim,26
30,0.7424242424242424,0.4944689504384322,0.9436426632653059,M0_meth_fb,slim,26
40,0.5227272727272727,0.3941423897803396,0.9434755072463769,M0_meth_fb,slim,26
50,1.196969696969697,0.5143736558609395,0.9419875,M0_meth_fb,slim,26
60,1.2045454545454546,0.3835203911951846,0.9396004905660378,M0_meth_fb,slim,26
70,0.9393939393939393,0.6779099433418375,0.9483486451612904,M0_meth_fb,slim,26
80,0.5833333333333334,0.24174904147123458,0.930961168831169,M0_meth_fb,slim,26
90,1.090909090909091,0.4075052310225363,0.9356032152777778,M0_meth_fb,slim,26
100,0.44696969696969696,0.16819353919116792,0.9398925423728813,M0_meth_fb,slim,26
110,1.3030303030303032,0.5438240141033995,0.945873046511628,M0_meth_fb,slim,26
120,1.3106060606060606,0.5443830992362043,0.9347631445086705,M0_meth_fb,slim,26
130,0.6590909090909091,0.16660670140782952,0.928123724137931,M0_meth_fb,slim,26
140,1.997245179063361,0.4006111727400213,0.941244827586207,M0_meth_fb,slim,26
0,0.2711323763955343,0.09056238271081786,0.9299516470588235,M0_meth_fb,slim,27
10,0.5833333333333334,0.7561824837068118,0.9385067272727272,M0_meth_fb,slim,27
20,0.7045454545454546,0.4973745624270711,0.9473431397849462,M0_meth_fb,slim,27
30,0.6969696969696969,1.2718894009216588,0.9376326956521739,M0_meth_fb,slim,27
40,0.0984848484848485,0.07438940861287162,0.9459496923076922,M0_meth_fb,slim,27
50,0.5984848484848485,0.2525025061382226,0.9485936835443036,M0_meth_fb,slim,27
60,0.7272727272727273,0.6904217064400133,0.9430816458333333,M0_meth_fb,slim,27
70,0.9166666666666666,0.1732527741921487,0.9408011404958678,M0_meth_fb,slim,27
80,1.9318181818181817,0.449262440805736,0.9445267372549019,M0_meth_fb,slim,27
90,0.7651515151515151,0.37317359905950853,0.9455178415841584,M0_meth_fb,slim,27
100,0.5909090909090909,0.3997484100915508,0.9345019487179488,M0_meth_fb,slim,27
110,1.3257575757575757,0.3636054550262552,0.9368164571428571,M0_meth_fb,slim,27
120,1.5,0.4611736141499978,0.9222186111111111,M0_meth_fb,slim,27
130,2.181818181818182,0.6972393605704684,0.9328455694444442,M0_meth_fb,slim,27
140,1.0881542699724518,0.20859671302149177,0.934146759493671,M0_meth_fb,slim,27
0,1.036682615629984,0.6921699285241776,0.9276011384615385,M0_meth_fb,slim,28
10,2.3863636363636367,0.4156503658682874,0.9305088507936506,M0_meth_fb,slim,28
20,1.7954545454545456,0.7852133710160789,0.9440890970464135,M0_meth_fb,slim,28
30,0.5378787878787878,0.29552549427679503,0.937222971830986,M0_meth_fb,slim,28
40,0.1590909090909091,0.24659727782225782,0.9437399999999999,M0_meth_fb,slim,28
50,0.6969696969696969,0.3452098719107639,0.951722793478261,M0_meth_fb,slim,28
60,1.2196969696969697,0.552154890202966,0.9447409813664596,M0_meth_fb,slim,28
70,0.24242424242424243,0.1760704281712685,0.92623409375,M0_meth_fb,slim,28
80,0.9696969696969697,0.38909896507413055,0.9392094375000001,M0_meth_fb,slim,28
90,2.0,0.5842725263817957,0.9402803787878787,M0_meth_fb,slim,28
100,0.30303030303030304,0.23453949414095465,0.9365351000000001,M0_meth_fb,slim,28
110,1.4924242424242424,0.3577885464737107,0.9471317766497463,M0_meth_fb,slim,28
120,0.46212121212121215,0.8186088123462313,0.9474452950819673,M0_meth_fb,slim,28
130,0.5454545454545455,0.508360345325588,0.9419107083333336,M0_meth_fb,slim,28
140,1.2258953168044076,0.7299342636660745,0.9477816853932582,M0_meth_fb,slim,28
0,0.4066985645933014,0.21261946421916356,0.9396749019607843,M0_meth_fb,slim,29
10,1.2196969696969697,0.5090543259557345,0.9433361863354037,M0_meth_fb,slim,29
20,0.7575757575757576,0.3238373747583487,0.9355934999999999,M0_meth_fb,slim,29
30,0.6060606060606061,0.3477756846833792,0.9434630875,M0_meth_fb,slim,29
40,0.33333333333333337,0.1643491400533116,0.94977925,M0_meth_fb,slim,29
50,0.48484848484848486,0.48228537501569946,0.9366770312499999,M0_meth_fb,slim,29
60,0.6287878787878788,0.20309047498999006,0.9448067108433734,M0_meth_fb,slim,29
70,0.7651515151515151,0.5340704242278572,0.9388337524752476,M0_meth_fb,slim,29
80,0.3712121212121212,0.2539597779226184,0.9273763061224489,M0_meth_fb,slim,29
90,1.1590909090909092,0.3936519817090998,0.9377770130718954,M0_meth_fb,slim,29
100,0.3106060606060606,0.10302644954711765,0.9428617073170732,M0_meth_fb,slim,29
110,1.1363636363636365,0.3777184280808852,0.9400742000000001,M0_meth_fb,slim,29
120,0.45454545454545453,0.2764320717048041,0.9458861666666666,M0_meth_fb,slim,29
130,1.7954545454545456,0.43394671793463335,0.9481296244725739,M0_meth_fb,slim,29
140,1.115702479338843,1.1981174361272973,0.9494122222222222,M0_meth_fb,slim,29
0,1.2200956937799041,0.3234786285633743,0.9362878431372549,M0_meth_fb,slim,30
10,0.7575757575757576,0.5618694930404802,0.9360897800000001,M0_meth_fb,slim,30
20,1.6742424242424243,0.5017733729174477,0.9368603981900453,M0_meth_fb,slim,30
30,0.196969696969697,0.27337900270830007,0.9445373846153846,M0_meth_fb,slim,30
40,0.9545454545454546,0.35394463550001704,0.9395358095238094,M0_meth_fb,slim,30
50,0.7651515151515151,0.40660225442834136,0.9505862475247524,M0_meth_fb,slim,30
60,1.2348484848484849,0.3557610270045041,0.9296988834355828,M0_meth_fb,slim,30
70,0.8636363636363636,0.5938202912276548,0.9380145614035088,M0_meth_fb,slim,30
80,0.6136363636363636,1.1779741312826388,0.9365061481481483,M0_meth_fb,slim,30
90,0.5454545454545455,0.621038462041115,0.9436503472222222,M0_meth_fb,slim,30
100,1.8560606060606062,0.5422444291678543,0.9475353673469388,M0_meth_fb,slim,30
110,0.7045454545454546,0.19137711705869145,0.9441229569892474,M0_meth_fb,slim,30
120,0.28787878787878785,0.09881874561659271,0.9326785000000001,M0_meth_fb,slim,30
130,0.8863636363636364,0.38442773933389757,0.9451220341880343,M0_meth_fb,slim,30
140,1.6942148760330578,1.02803738317757,0.952288617886179,M0_meth_fb,slim,30
0,0.8692185007974482,0.35135702738474917,0.9370072844036696,M0_meth_fb,slim,31
10,1.3863636363636365,0.4853487213283398,0.931966169398907,M0_meth_fb,slim,31
20,0.9772727272727273,0.25934782277594165,0.9431397906976744,M0_meth_fb,slim,31
30,0.5303030303030304,0.9377664109121908,0.9314836571428572,M0_meth_fb,slim,31
40,0.6136363636363636,0.22684069384568387,0.936736037037037,M0_meth_fb,slim,31
50,0.5833333333333334,1.2437591776798824,0.943371948051948,M0_meth_fb,slim,31
60,1.1666666666666667,0.46105274617603825,0.9395524025974026,M0_meth_fb,slim,31
70,0.7954545454545454,0.6800985308694074,0.9443267523809523,M0_meth_fb,slim,31
80,0.3712121212121212,0.24223811842253096,0.9376216326530614,M0_meth_fb,slim,31
90,0.27272727272727276,0.15439399059080394,0.9469079722222222,M0_meth_fb,slim,31
100,2.3257575757575757,1.2703527921805151,0.95024928990228,M0_meth_fb,slim,31
110,0.48484848484848486,0.18657408634351894,0.94856759375,M0_meth_fb,slim,31
120,0.11363636363636363,0.3210637262850657,0.9345144000000001,M0_meth_fb,slim,31
130,0.8636363636363636,0.21494379294090754,0.9439537631578948,M0_meth_fb,slim,31
140,1.9283746556473829,0.5009487666034155,0.9455519571428571,M0_meth_fb,slim,31
0,0.3269537480063796,0.16852463100205517,0.9331161219512195,M0_meth_fb,slim,32
10,0.4924242424242424,0.2791823666074461,0.9127690307692307,M0_meth_fb,slim,32
20,0.9242424242424243,0.3286208697923469,0.9356164590163936,M0_meth_fb,slim,32
30,0.5075757575757576,0.8012175898244279,0.9264754776119403,M0_meth_fb,slim,32
40,0.9090909090909091,0.9461461270129498,0.9421014166666666,M0_meth_fb,slim,32
50,0.75,0.22592814143502749,0.9363286565656564,M0_meth_fb,slim,32
60,1.2575757575757576,0.4953095684803002,0.9464164578313254,M0_meth_fb,slim,32
70,0.20454545454545456,0.15634596150134236,0.950331888888889,M0_meth_fb,slim,32
80,0.14393939393939392,0.13775981016829988,0.9449432631578947,M0_meth_fb,slim,32
90,0.5151515151515151,0.32031746258323757,0.9487548676470589,M0_meth_fb,slim,32
100,0.8257575757575757,0.9940857837718328,0.9512040642201834,M0_meth_fb,slim,32
110,0.7424242424242424,0.43296070687462346,0.9481541734693877,M0_meth_fb,slim,32
120,1.553030303030303,0.9178668584259905,0.9374501463414634,M0_meth_fb,slim,32
130,1.5606060606060606,0.305393579457138,0.9362417669902914,M0_meth_fb,slim,32
140,2.603305785123967,0.5563335682237822,0.9376272804232805,M0_meth_fb,slim,32
0,2.77511961722488,0.8646971790421619,0.9361520603448277,M0_meth_fb,slim,33
10,0.06818181818181819,0.03668002544136445,0.9174043333333333,M0_meth_fb,slim,33
20,0.9545454545454546,0.9667631569769469,0.8828144841269842,M0_meth_fb,slim,33
30,1.196969696969697,0.4169415490170208,0.9428928734177217,M0_meth_fb,slim,33
40,0.9015151515151516,0.2298184627269216,0.9192861344537815,M0_meth_fb,slim,33
50,0.4166666666666667,0.12472769504593964,0.9406566909090909,M0_meth_fb,slim,33
60,0.36363636363636365,0.31755896592856925,0.9262985625,M0_meth_fb,slim,33
70,1.0833333333333335,0.3875147812376823,0.9322626013986013,M0_meth_fb,slim,33
80,1.0378787878787878,0.5678471171176829,0.9431924087591241,M0_meth_fb,slim,33
90,0.6666666666666667,1.6790980052038162,0.9265353295454546,M0_meth_fb,slim,33
100,1.0833333333333335,0.5884296696239861,0.930542965034965,M0_meth_fb,slim,33
110,1.7651515151515151,0.3497265274097995,0.9386964549356225,M0_meth_fb,slim,33
120,1.3863636363636365,0.6073650174244063,0.9437704262295082,M0_meth_fb,slim,33
130,0.5681818181818182,0.27148130069707627,0.9438173733333334,M0_meth_fb,slim,33
140,0.6198347107438017,0.2814285578918443,0.9475199555555555,M0_meth_fb,slim,33
0,1.547049441786284,0.4160749740846773,0.9392581443298967,M0_meth_fb,slim,34
10,0.43939393939393934,0.3237455704873944,0.932305051724138,M0_meth_fb,slim,34
20,0.9772727272727273,0.4548878808764366,0.9404527364341085,M0_meth_fb,slim,34
30,1.7878787878787878,0.608021860056602,0.9372098050847457,M0_meth_fb,slim,34
40,0.7727272727272727,0.2855288773523686,0.9411736078431372,M0_meth_fb,slim,34
50,1.3030303030303032,0.3787282311336492,0.9291986046511628,M0_meth_fb,slim,34
60,0.48484848484848486,0.29209194257737947,0.933037671875,M0_meth_fb,slim,34
70,1.1818181818181819,0.3095293926658129,0.9439787756410257,M0_meth_fb,slim,34
80,1.1287878787878787,0.7119895742832321,0.9423083288590605,M0_meth_fb,slim,34
90,0.3787878787878788,0.35029987792580014,0.9230961199999999,M0_meth_fb,slim,34
100,1.0303030303030303,0.5504553398951338,0.9374306985294117,M0_meth_fb,slim,34
110,0.7348484848484849,0.34175897504337377,0.9348002371134021,M0_meth_fb,slim,34
120,1.25,0.7035474555356718,0.9389263696969697,M0_meth_fb,slim,34
130,1.2045454545454546,0.36876561561086685,0.9480881509433962,M0_meth_fb,slim,34
140,0.2892561983471074,0.19280259295839303,0.9390303809523811,M0_meth_fb,slim,34
0,1.1164274322169059,0.6335449720938524,0.94674495,M0_meth_fb,slim,35
10,1.2196969696969697,0.735877672283049,0.9505137888198758,M0_meth_fb,slim,35
20,0.18181818181818182,0.09348110902588437,0.9512218333333333,M0_meth_fb,slim,35
30,0.8333333333333334,0.28483880712960163,0.9489806727272727,M0_meth_fb,slim,35
40,0.9166666666666666,0.4058545509986278,0.9302026611570248,M0_meth_fb,slim,35
50,0.5227272727272727,0.26299376299376304,0.9368873043478261,M0_meth_fb,slim,35
60,1.2575757575757576,0.47089162529817546,0.9372773674698793,M0_meth_fb,slim,35
70,0.803030303030303,0.7450399889245057,0.9173300943396226,M0_meth_fb,slim,35
80,2.159090909090909,0.7685801493031295,0.9300727017543859,M0_meth_fb,slim,35
90,1.8484848484848486,0.6688207590268375,0.9300335,M0_meth_fb,slim,35
100,0.45454545454545453,0.2885308968502044,0.9006388333333334,M0_meth_fb,slim,35
110,1.9318181818181817,0.4210457846637263,0.9403076078431372,M0_meth_fb,slim,35
120,1.0151515151515151,0.28290298641144407,0.9477667164179105,M0_meth_fb,slim,35
130,0.8636363636363636,0.41092074865784456,0.9443306403508772,M0_meth_fb,slim,35
140,0.6611570247933884,0.26710059271375214,0.93301525,M0_meth_fb,slim,35
0,0.44657097288676234,0.3273896521484946,0.9487535714285714,M0_meth_fb,slim,36
10,0.946969696969697,0.675288532372923,0.944555352,M0_meth_fb,slim,36
20,0.8484848484848486,0.4130901287553648,0.943939205357143,M0_meth_fb,slim,36
30,0.9545454545454546,0.44506764856996067,0.9466064285714286,M0_meth_fb,slim,36
40,0.6287878787878788,0.3438168820490934,0.9467742168674698,M0_meth_fb,slim,36
50,0.5303030303030304,0.450846068270976,0.9427943285714286,M0_meth_fb,slim,36
60,1.1893939393939394,0.2215077576882132,0.9450725541401273,M0_meth_fb,slim,36
70,1.1666666666666667,0.4681950720672167,0.9426803896103896,M0_meth_fb,slim,36
80,0.8787878787878787,0.35574720388087855,0.9372085689655173,M0_meth_fb,slim,36
90,0.28787878787878785,0.36108151688790346,0.9476791842105263,M0_meth_fb,slim,36
100,0.75,0.6161302793991457,0.9492052828282828,M0_meth_fb,slim,36
110,0.7954545454545454,0.7581144501208826,0.9504047904761904,M0_meth_fb,slim,36
120,0.5151515151515151,0.5234185482366113,0.9418566176470591,M0_meth_fb,slim,36
130,1.553030303030303,0.5678837202469643,0.9256880097560976,M0_meth_fb,slim,36
140,0.743801652892562,0.9166195154570238,0.924773111111111,M0_meth_fb,slim,36
0,0.8213716108452951,0.41250750923863905,0.8745804854368932,M0_meth_fb,slim,37
10,0.6893939393939394,0.2659510873175074,0.9196080439560439,M0_meth_fb,slim,37
20,0.8863636363636364,0.4972791963164504,0.9038958974358975,M0_meth_fb,slim,37
30,0.3106060606060606,0.12931776040372372,0.892512243902439,M0_meth_fb,slim,37
40,2.7121212121212124,0.6664786189777728,0.9236544469273743,M0_meth_fb,slim,37
50,1.0075757575757576,0.5645488047232246,0.9278371353383459,M0_meth_fb,slim,37
60,0.46969696969696967,0.5012126111560227,0.9386756451612904,M0_meth_fb,slim,37
70,0.9090909090909091,0.5331107551056125,0.9368706249999998,M0_meth_fb,slim,37
80,0.856060606060606,0.4204106021488404,0.9480202743362832,M0_meth_fb,slim,37
90,1.6666666666666667,0.7459542769072695,0.9328684863636365,M0_meth_fb,slim,37
100,0.5909090909090909,0.6231917391988573,0.9348676025641026,M0_meth_fb,slim,37
110,1.121212121212121,0.3104993801455863,0.9358257297297297,M0_meth_fb,slim,37
120,1.4696969696969697,0.3877262417747469,0.943337731958763,M0_meth_fb,slim,37
130,0.48484848484848486,0.2944682630973544,0.9475611718750001,M0_meth_fb,slim,37
140,1.2396694214876034,0.8036475315573716,0.9503433777777779,M0_meth_fb,slim,37
0,1.7783094098883574,0.7324246450591942,0.9397486995515696,M0_meth_fb,slim,38
10,0.7121212121212122,0.4352248731997166,0.9419803723404256,M0_meth_fb,slim,38
20,1.1893939393939394,0.3779861893870583,0.9369122292993629,M0_meth_fb,slim,38
30,0.5681818181818182,0.19229947438143666,0.9291160133333332,M0_meth_fb,slim,38
40,1.0303030303030303,0.6048354491792675,0.9460893014705881,M0_meth_fb,slim,38
50,0.7424242424242424,0.3507877538845351,0.9377756428571429,M0_meth_fb,slim,38
60,1.575757575757576,0.9200764049462149,0.9451903221153847,M0_meth_fb,slim,38
70,0.5378787878787878,0.34407307330827064,0.9417613521126762,M0_meth_fb,slim,38
80,0.9848484848484848,0.6810821108782626,0.9460126307692307,M0_meth_fb,slim,38
90,0.7045454545454546,0.4651198035857721,0.9373736989247313,M0_meth_fb,slim,38
100,0.5,0.268137441983577,0.9305815606060607,M0_meth_fb,slim,38
110,3.0,0.5538684541229674,0.9403124343434344,M0_meth_fb,slim,38
120,0.5,0.19338169355483142,0.9432598787878788,M0_meth_fb,slim,38
130,2.0757575757575757,0.7370664884186329,0.9417223868613138,M0_meth_fb,slim,38
140,0.27548209366391185,0.11156092325115577,0.9497301,M0_meth_fb,slim,38
0,0.5582137161084529,0.2424229703635295,0.9481304142857143,M0_meth_fb,slim,39
10,1.0757575757575757,0.5213183145598665,0.9506575070422534,M0_meth_fb,slim,39
20,0.9015151515151516,0.5587848173312938,0.9486766890756303,M0_meth_fb,slim,39
30,0.4772727272727273,0.1881899279012614,0.9435711746031746,M0_meth_fb,slim,39
40,1.871212121212121,0.5404742328196696,0.9476991012145749,M0_meth_fb,slim,39
50,0.6439393939393939,0.7272585851514798,0.946844388235294,M0_meth_fb,slim,39
60,0.7575757575757576,0.2926426965694295,0.9142272099999998,M0_meth_fb,slim,39
70,1.5151515151515151,0.659706430638366,0.9171624749999998,M0_meth_fb,slim,39
80,1.3560606060606062,0.7943840396990297,0.9358907877094972,M0_meth_fb,slim,39
90,1.1287878787878787,0.7651965514021599,0.9255190067114094,M0_meth_fb,slim,39
100,0.6818181818181818,0.7342216508862576,0.9408132444444445,M0_meth_fb,slim,39
110,0.7424242424242424,0.4444994227280225,0.9374619591836735,M0_meth_fb,slim,39
120,1.7424242424242427,0.6160164271047228,0.9424714739130435,M0_meth_fb,slim,39
130,1.0075757575757576,0.42891695780704114,0.9491519022556392,M0_meth_fb,slim,39
140,0.31680440771349866,1.9246861924686192,0.9525717391304348,M0_meth_fb,slim,39
0,1.029505582137161,0.24698984746820302,0.9272128543198968,M0_meth_fb,oracle,-1
10,0.9553030303030303,0.2209617897804084,0.9297867605968074,M0_meth_fb,oracle,-1
20,0.9606060606060606,0.22269188919473942,0.9347205093078018,M0_meth_fb,oracle,-1
30,0.9564393939393938,0.23341409218147877,0.9355956378174225,M0_meth_fb,oracle,-1
40,0.9674242424242424,0.2283067513387951,0.9354588432634517,M0_meth_fb,oracle,-1
50,0.9575757575757576,0.22734737771959046,0.9372454846831713,M0_meth_fb,oracle,-1
60,0.9731060606060606,0.22669738402805467,0.9371579873413151,M0_meth_fb,oracle,-1
70,0.9367424242424243,0.21767362233010387,0.9386835632642963,M0_meth_fb,oracle,-1
80,0.8537878787878789,0.20085094460456848,0.9382203548731615,M0_meth_fb,oracle,-1
90,1.034848484848485,0.24673243420466714,0.9383049067619551,M0_meth_fb,oracle,-1
100,0.9981060606060607,0.23186027487354896,0.9388732085389406,M0_meth_fb,oracle,-1
110,1.0102272727272728,0.23268150403525378,0.9371362391572663,M0_meth_fb,oracle,-1
120,0.9617424242424243,0.21779498659787647,0.9398755791871259,M0_meth_fb,oracle,-1
130,0.9087121212121211,0.2096371092981785,0.9409025390105239,M0_meth_fb,oracle,-1
140,0.912534435261708,0.2225913496954393,0.9452907510076266,M0_meth_fb,oracle,-1
0,1.3237639553429028,0.49479060819141296,0.12849265060240964,P_ctx,slim,0
10,1.1287878787878787,0.4156329378748367,0.41805995302013427,P_ctx,slim,0
20,1.5227272727272727,0.5232062851012811,0.6671050199004975,P_ctx,slim,0
30,0.962121212121212,0.2776756343109291,0.8060299921259844,P_ctx,slim,0
40,0.33333333333333337,0.18365914279751328,0.8774965909090909,P_ctx,slim,0
50,1.3181818181818181,0.5665180157070129,0.9094109540229884,P_ctx,slim,0
60,0.7272727272727273,0.3245502602139081,0.9271000729166666,P_ctx,slim,0
70,0.36363636363636365,0.2710518660483581,0.9370583125,P_ctx,slim,0
80,1.5606060606060606,0.3360962309067133,0.9431701941747572,P_ctx,slim,0
90,0.75,0.17840078197098186,0.9463037575757576,P_ctx,slim,0
100,0.6893939393939394,0.2525450027121466,0.9485201648351649,P_ctx,slim,0
110,1.3560606060606062,0.7833282499436407,0.9496900558659217,P_ctx,slim,0
120,1.2727272727272727,0.9360516651893125,0.9507602261904763,P_ctx,slim,0
130,1.446969696969697,0.5733387911038341,0.9513887905759161,P_ctx,slim,0
140,0.09641873278236915,0.045167030023365626,0.9516711428571429,P_ctx,slim,0
0,0.8612440191387559,1.1383671904944423,0.17054737962962963,P_ctx,slim,1
10,0.7727272727272727,0.20481304572697676,0.3556858137254902,P_ctx,slim,1
20,1.1363636363636365,0.5159501560879513,0.70595178,P_ctx,slim,1
30,0.946969696969697,0.37428036094236994,0.8080972639999999,P_ctx,slim,1
40,0.5681818181818182,0.32130130273073654,0.8831084266666667,P_ctx,slim,1
50,0.8409090909090909,0.2685513403739777,0.9103347747747745,P_ctx,slim,1
60,0.9166666666666666,0.30548659431793407,0.9284773057851239,P_ctx,slim,1
70,1.5909090909090908,0.4511557203355349,0.938633942857143,P_ctx,slim,1
80,1.0833333333333335,0.2747990251884549,0.9419379020979022,P_ctx,slim,1
90,2.0378787878787876,0.5339613108127617,0.9463989814126392,P_ctx,slim,1
100,1.3636363636363635,0.5940089101336522,0.9487305500000001,P_ctx,slim,1
110,1.3333333333333335,0.51718150328136,0.9496528977272728,P_ctx,slim,1
120,0.5909090909090909,0.4576244066350206,0.9507284358974359,P_ctx,slim,1
130,1.1666666666666667,0.6433196407435773,0.9514498441558442,P_ctx,slim,1
140,1.487603305785124,1.1108513722006639,0.9517087037037038,P_ctx,slim,1
0,0.5023923444976076,0.3410572940163228,0.15429222222222225,P_ctx,slim,2
10,1.4242424242424243,0.5720318471631222,0.4670722446808511,P_ctx,slim,2
20,1.1136363636363638,0.4843250798722045,0.6935318163265306,P_ctx,slim,2
30,0.7196969696969697,0.3866289287233846,0.8301101473684211,P_ctx,slim,2
40,1.053030303030303,0.7051065268853568,0.8810628848920864,P_ctx,slim,2
50,0.5,0.8163724277521647,0.9089142424242425,P_ctx,slim,2
60,1.2348484848484849,0.4665322318350354,0.926568717791411,P_ctx,slim,2
70,1.3030303030303032,0.28857226381280426,0.9370565116279068,P_ctx,slim,2
80,0.6893939393939394,0.390918913289681,0.9433471318681319,P_ctx,slim,2
90,0.553030303030303,0.69238065128043,0.9464200821917806,P_ctx,slim,2
100,0.22727272727272727,0.199257313649126,0.9479913,P_ctx,slim,2
110,1.659090909090909,0.7533068576253167,0.9494539771689497,P_ctx,slim,2
120,0.9393939393939393,0.5253461545868291,0.9507977419354839,P_ctx,slim,2
130,1.0151515151515151,0.48889159144052763,0.9513605820895522,P_ctx,slim,2
140,2.09366391184573,0.2689010759259557,0.9516499671052631,P_ctx,slim,2
0,0.5422647527910686,0.3030118895708006,0.1528540147058824,P_ctx,slim,3
10,0.9545454545454546,0.9025298184304491,0.4084090396825397,P_ctx,slim,3
20,1.5378787878787878,0.4406439624410057,0.7230970394088669,P_ctx,slim,3
30,2.083333333333333,0.6232551431426482,0.8240094218181817,P_ctx,slim,3
40,0.5606060606060606,0.666639367757258,0.8831250135135136,P_ctx,slim,3
50,0.18181818181818182,0.983301260165125,0.9165414583333334,P_ctx,slim,3
60,0.27272727272727276,0.14600603442448673,0.9288950000000001,P_ctx,slim,3
70,1.0227272727272727,0.8229958526920554,0.9369036666666667,P_ctx,slim,3
80,0.9318181818181818,0.9589736926039242,0.943540081300813,P_ctx,slim,3
90,0.16666666666666669,0.20969628698929857,0.9457486363636363,P_ctx,slim,3
100,0.5606060606060606,0.2957508523122945,0.9481992702702703,P_ctx,slim,3
110,0.8333333333333334,0.3275301251020712,0.9496386363636364,P_ctx,slim,3
120,0.787878787878788,0.2309105221726581,0.9507195384615384,P_ctx,slim,3
130,1.053030303030303,0.3855350801622155,0.9512464388489208,P_ctx,slim,3
140,0.5647382920110193,0.6123280231716148,0.9517121951219513,P_ctx,slim,3
0,0.23923444976076555,0.24621965777954635,0.11351313333333332,P_ctx,slim,4
10,1.174242424242424,0.3914051559881546,0.38334534193548386,P_ctx,slim,4
20,1.0227272727272727,0.27569604742838405,0.6649363111111111,P_ctx,slim,4
30,0.5757575757575757,0.23027025538146545,0.8389024078947367,P_ctx,slim,4
40,0.7651515151515151,0.505091834879069,0.8889488019801981,P_ctx,slim,4
50,0.6136363636363636,0.40264210343970536,0.913336,P_ctx,slim,4
60,1.174242424242424,0.5636425745738245,0.9268505161290324,P_ctx,slim,4
70,0.7954545454545454,0.6057215778478967,0.9363312190476191,P_ctx,slim,4
80,0.4772727272727273,0.18917369584800592,0.9430515079365079,P_ctx,slim,4
90,0.8939393939393939,0.3197306839642006,0.9458133559322035,P_ctx,slim,4
100,0.803030303030303,0.6134581996106698,0.9479700849056604,P_ctx,slim,4
110,0.553030303030303,0.34768176077936136,0.9496920000000001,P_ctx,slim,4
120,0.6136363636363636,0.5225755368960224,0.9507187654320987,P_ctx,slim,4
130,1.712121212121212,0.48847262247838613,0.9513932654867258,P_ctx,slim,4
140,0.8264462809917356,1.7973856209150327,0.9516964166666667,P_ctx,slim,4
0,0.31100478468899523,0.16740047995941806,0.11587428205128206,P_ctx,slim,5
10,1.2424242424242424,0.7243379976310453,0.48661572560975613,P_ctx,slim,5
20,0.5075757575757576,0.36989326463010674,0.7182299552238807,P_ctx,slim,5
30,1.5151515151515151,0.871966283970353,0.83494155,P_ctx,slim,5
40,0.9015151515151516,0.6125648325078968,0.8714513949579832,P_ctx,slim,5
50,0.7348484848484849,0.18152998987719363,0.9110594948453609,P_ctx,slim,5
60,0.9545454545454546,0.3662629376789253,0.9321048412698413,P_ctx,slim,5
70,0.0984848484848485,0.06427399599973033,0.9385053846153846,P_ctx,slim,5
80,0.8636363636363636,0.5163291495391878,0.9425627719298244,P_ctx,slim,5
90,1.4090909090909092,0.5516807477979507,0.9458955107526882,P_ctx,slim,5
100,1.1590909090909092,1.3699076146676978,0.948756411764706,P_ctx,slim,5
110,0.75,0.9001611858872798,0.9497266464646464,P_ctx,slim,5
120,0.5454545454545455,1.0801718455208784,0.9507985555555555,P_ctx,slim,5
130,1.0,0.4629560744385754,0.9513253787878788,P_ctx,slim,5
140,0.6749311294765841,0.23937646649543676,0.9516275510204082,P_ctx,slim,5
0,0.7974481658692184,0.3306315061767977,0.11551568,P_ctx,slim,6
10,0.9696969696969697,0.703413821815154,0.403682234375,P_ctx,slim,6
20,1.1893939393939394,0.7252696488440621,0.6471693949044586,P_ctx,slim,6
30,0.5833333333333334,0.32750965064348364,0.8147457662337663,P_ctx,slim,6
40,0.4924242424242424,0.2654243076694632,0.8880895846153846,P_ctx,slim,6
50,1.6893939393939394,0.6673861389730288,0.9109665022421525,P_ctx,slim,6
60,0.29545454545454547,0.20134385682214623,0.9276861794871795,P_ctx,slim,6
70,0.5075757575757576,0.5708826605042668,0.9374918358208955,P_ctx,slim,6
80,1.0227272727272727,0.463579604578564,0.9428911629629628,P_ctx,slim,6
90,0.5303030303030304,0.20337729569826205,0.9466662857142859,P_ctx,slim,6
100,0.9318181818181818,0.538428886000053,0.9487168780487805,P_ctx,slim,6
110,0.7272727272727273,0.3485896314390876,0.9498805833333331,P_ctx,slim,6
120,0.16666666666666669,0.14912650076514633,0.9508011818181817,P_ctx,slim,6
130,0.46212121212121215,0.4388728402463618,0.9514931147540983,P_ctx,slim,6
140,0.8539944903581268,0.5008629236587964,0.9517215000000001,P_ctx,slim,6
0,0.2551834130781499,0.38741630743831973,0.1881326875,P_ctx,slim,7
10,0.5833333333333334,0.2740686411976616,0.45853293506493503,P_ctx,slim,7
20,0.6212121212121212,0.4145982717411289,0.7058099756097561,P_ctx,slim,7
30,1.6136363636363635,0.6287541650826308,0.822619056338028,P_ctx,slim,7
40,0.5606060606060606,0.703077764661849,0.8806467027027027,P_ctx,slim,7
50,1.1818181818181819,0.37812626244078007,0.9114860064102565,P_ctx,slim,7
60,1.4924242424242424,0.4380521134447836,0.9293382893401015,P_ctx,slim,7
70,1.1136363636363638,0.647546837352413,0.937315306122449,P_ctx,slim,7
80,1.3333333333333335,0.5241404205396626,0.9430217613636365,P_ctx,slim,7
90,0.5833333333333334,0.5609271523178808,0.9451799480519482,P_ctx,slim,7
100,0.17424242424242423,0.10511810205735099,0.9485889565217391,P_ctx,slim,7
110,0.34848484848484845,0.32718337787740315,0.9496917391304348,P_ctx,slim,7
120,0.6363636363636364,0.7706207778488225,0.9506118214285715,P_ctx,slim,7
130,0.5454545454545455,0.29714300006878314,0.9513891944444445,P_ctx,slim,7
140,1.4325068870523416,0.4301263934929597,0.9516513461538462,P_ctx,slim,7
0,1.1961722488038278,0.2506874914538355,0.17641962866666666,P_ctx,slim,8
10,0.5757575757575757,0.24521642206947797,0.5037308421052632,P_ctx,slim,8
20,1.6136363636363635,0.5428239355314523,0.6683553990610329,P_ctx,slim,8
30,0.46969696969696967,1.0854399320936896,0.8226894193548387,P_ctx,slim,8
40,0.7575757575757576,0.3536389988801432,0.8714462000000001,P_ctx,slim,8
50,0.4015151515151515,0.31222385861561114,0.9148541132075472,P_ctx,slim,8
60,0.4318181818181818,0.701407662906684,0.9250656140350878,P_ctx,slim,8
70,1.0378787878787878,0.42934880673130804,0.9371485401459855,P_ctx,slim,8
80,1.946969696969697,0.41175899402825655,0.9431843579766537,P_ctx,slim,8
90,1.090909090909091,0.2519765203696928,0.946359138888889,P_ctx,slim,8
100,0.8106060606060607,1.4322219518130934,0.9486304579439253,P_ctx,slim,8
110,0.8712121212121213,0.4172048921258761,0.949880947826087,P_ctx,slim,8
120,1.3333333333333335,0.5245238374770836,0.9506750738636364,P_ctx,slim,8
130,0.6212121212121212,0.991953664839898,0.9513103902439024,P_ctx,slim,8
140,0.06887052341597796,0.028604862826680535,0.9516522000000001,P_ctx,slim,8
0,1.1961722488038278,0.3193723526774049,0.14445622,P_ctx,slim,9
10,0.9318181818181818,0.39027345102111455,0.4496991707317074,P_ctx,slim,9
20,0.45454545454545453,0.2401571937995779,0.6786675,P_ctx,slim,9
30,0.5833333333333334,0.1961018865449101,0.8214680649350649,P_ctx,slim,9
40,0.5075757575757576,0.349159474760555,0.8802566119402985,P_ctx,slim,9
50,1.4924242424242424,0.44044566244694294,0.9121305482233502,P_ctx,slim,9
60,0.8333333333333334,0.3489747065439968,0.9277823636363637,P_ctx,slim,9
70,0.5303030303030304,0.3875221231515111,0.9378959857142858,P_ctx,slim,9
80,0.3106060606060606,0.26294309701492535,0.9417841219512196,P_ctx,slim,9
90,1.5075757575757576,0.5595650951354391,0.9459796582914574,P_ctx,slim,9
100,1.659090909090909,0.3848796152801521,0.948092602739726,P_ctx,slim,9
110,0.5454545454545455,0.526391581279424,0.9497187777777777,P_ctx,slim,9
120,1.196969696969697,0.5204138158190229,0.9507474683544301,P_ctx,slim,9
130,0.5454545454545455,0.2895618792273475,0.9512677777777778,P_ctx,slim,9
140,0.26170798898071623,0.30468693053429546,0.9516346315789473,P_ctx,slim,9
0,0.9409888357256778,0.624263556570879,0.14241236440677965,P_ctx,slim,10
10,0.5378787878787878,0.1944753398960806,0.39747036619718307,P_ctx,slim,10
20,0.4924242424242424,0.4787999866069933,0.7352535384615385,P_ctx,slim,10
30,0.1893939393939394,0.3431066749844043,0.8290952800000001,P_ctx,slim,10
40,1.2727272727272727,0.3291985582718263,0.8884911011904761,P_ctx,slim,10
50,1.0681818181818181,0.3784742274749676,0.9132778014184396,P_ctx,slim,10
60,0.9924242424242424,0.4041395557549921,0.9270166717557252,P_ctx,slim,10
70,0.7424242424242424,0.4923273657289003,0.9383373979591837,P_ctx,slim,10
80,0.5606060606060606,0.5444209118269981,0.9422514864864866,P_ctx,slim,10
90,0.6742424242424242,0.3269072371496627,0.9461959550561797,P_ctx,slim,10
100,0.16666666666666669,0.1298794232351784,0.9484657272727272,P_ctx,slim,10
110,0.75,0.23148377771322085,0.9499355656565657,P_ctx,slim,10
120,0.8636363636363636,0.5609985236880956,0.9506403157894737,P_ctx,slim,10
130,0.6969696969696969,0.4238980187375211,0.951173195652174,P_ctx,slim,10
140,0.9366391184573003,0.34962256654747714,0.9516111470588235,P_ctx,slim,10
0,0.9090909090909091,0.5817225916189886,0.13303290350877192,P_ctx,slim,11
10,2.4469696969696972,0.5337372624621316,0.4416508544891641,P_ctx,slim,11
20,1.4015151515151516,0.5216744853751698,0.6923524864864866,P_ctx,slim,11
30,1.0757575757575757,1.0679611650485434,0.8035387676056338,P_ctx,slim,11
40,1.1287878787878787,0.28217510695624476,0.8815493288590605,P_ctx,slim,11
50,1.2045454545454546,0.3400661725866611,0.9076983018867926,P_ctx,slim,11
60,0.8106060606060607,0.36217056171823314,0.9276312897196262,P_ctx,slim,11
70,0.4242424242424243,0.8662838392124693,0.9381034642857143,P_ctx,slim,11
80,0.3409090909090909,0.20963472736897829,0.9422651111111111,P_ctx,slim,11
90,0.5303030303030304,0.32238481023257765,0.9460375857142856,P_ctx,slim,11
100,1.0606060606060608,0.3410915668432418,0.9483794285714287,P_ctx,slim,11
110,0.7196969696969697,0.5247125378680102,0.9498278947368423,P_ctx,slim,11
120,0.17424242424242423,0.3848103832893936,0.9507126956521738,P_ctx,slim,11
130,0.09090909090909091,0.07423932809658612,0.9512174999999999,P_ctx,slim,11
140,2.6170798898071626,0.6162253006186823,0.9516220315789474,P_ctx,slim,11
0,0.9090909090909091,0.49326707488166577,0.15273613596491228,P_ctx,slim,12
10,0.6363636363636364,0.536949152542373,0.4096246428571429,P_ctx,slim,12
20,0.9393939393939393,0.33495133710412794,0.7284567741935484,P_ctx,slim,12
30,1.0833333333333335,0.4880647029621049,0.828667083916084,P_ctx,slim,12
40,0.5757575757575757,0.4173114361303848,0.8818517368421054,P_ctx,slim,12
50,0.48484848484848486,0.6129200766150097,0.90842234375,P_ctx,slim,12
60,0.787878787878788,0.6415612820009533,0.9275105769230769,P_ctx,slim,12
70,0.1893939393939394,0.06817843743285455,0.93773576,P_ctx,slim,12
80,1.174242424242424,0.8409163769080911,0.9420076580645161,P_ctx,slim,12
90,0.8863636363636364,0.6561918439143772,0.9465883333333334,P_ctx,slim,12
100,0.7424242424242424,0.4913101604278075,0.948753887755102,P_ctx,slim,12
110,0.5606060606060606,1.2978316326530612,0.9499890540540542,P_ctx,slim,12
120,1.0454545454545454,0.27901419884509937,0.9507556666666667,P_ctx,slim,12
130,0.36363636363636365,0.24427669270331334,0.951268125,P_ctx,slim,12
140,1.418732782369146,0.678348334564033,0.9516173786407767,P_ctx,slim,12
0,0.5741626794258373,0.24666237568257793,0.16741304166666668,P_ctx,slim,13
10,0.6136363636363636,0.2511380131629015,0.4050095802469135,P_ctx,slim,13
20,0.8863636363636364,0.478735275883447,0.6756602222222222,P_ctx,slim,13
30,0.962121212121212,0.7055377389459864,0.8208606456692913,P_ctx,slim,13
40,0.5909090909090909,0.2667067313919211,0.8867445512820512,P_ctx,slim,13
50,1.1136363636363638,0.42005637120133005,0.9142675238095238,P_ctx,slim,13
60,0.11363636363636363,0.07292549077382049,0.9265031333333335,P_ctx,slim,13
70,0.8257575757575757,0.28086751127335197,0.9375695412844037,P_ctx,slim,13
80,0.3409090909090909,0.25325954413282054,0.9432001555555556,P_ctx,slim,13
90,0.8939393939393939,0.3775505751974287,0.9463019830508475,P_ctx,slim,13
100,1.3181818181818181,0.801009981237227,0.9485902988505749,P_ctx,slim,13
110,0.9393939393939393,0.2906621585145828,0.9497960322580645,P_ctx,slim,13
120,1.5681818181818181,0.5975332400279916,0.9505300096618358,P_ctx,slim,13
130,0.24242424242424243,0.3143605620385806,0.9512334687499999,P_ctx,slim,13
140,0.4820936639118457,0.17235976183014726,0.9517157142857144,P_ctx,slim,13
0,0.6618819776714514,0.30412044901902,0.12699827710843373,P_ctx,slim,14
10,1.7954545454545456,0.6263439245600336,0.407960088607595,P_ctx,slim,14
20,1.5151515151515151,0.40981316245366317,0.72446468,P_ctx,slim,14
30,0.48484848484848486,0.17529153006598333,0.8323170312500001,P_ctx,slim,14
40,1.2121212121212122,0.5174872465856134,0.8880546687499999,P_ctx,slim,14
50,0.3409090909090909,0.3822197055492638,0.913308222222222,P_ctx,slim,14
60,0.75,0.2618438875041076,0.9242756262626263,P_ctx,slim,14
70,1.8106060606060606,0.3633649613345957,0.9353353514644351,P_ctx,slim,14
80,0.21212121212121215,0.23685323558437898,0.9426505,P_ctx,slim,14
90,0.9318181818181818,0.3529826117582604,0.9463602032520325,P_ctx,slim,14
100,1.946969696969697,0.37228882343387165,0.948064439688716,P_ctx,slim,14
110,1.1818181818181819,0.41967106201724175,0.9498025641025643,P_ctx,slim,14
120,0.5454545454545455,0.2091181130082732,0.9505446250000001,P_ctx,slim,14
130,1.4318181818181819,0.5161754847679818,0.9513829470899471,P_ctx,slim,14
140,4.421487603305785,0.7650363993529004,0.9516873831775701,P_ctx,slim,14
0,0.8213716108452951,0.5731340263550598,0.1397425631067961,P_ctx,slim,15
10,2.0303030303030303,1.067555088812037,0.4582058432835821,P_ctx,slim,15
20,1.0227272727272727,0.6753171944398125,0.7190154148148148,P_ctx,slim,15
30,1.5833333333333335,0.5594672204286247,0.8364802918660289,P_ctx,slim,15
40,0.787878787878788,1.023835804421109,0.8790178173076924,P_ctx,slim,15
50,1.25,0.5394133322766312,0.9169175575757577,P_ctx,slim,15
60,0.8484848484848486,0.2573108372000738,0.9267480089285715,P_ctx,slim,15
70,0.3106060606060606,0.3013295917685575,0.9372394146341464,P_ctx,slim,15
80,1.871212121212121,0.8104963805584281,0.942447943319838,P_ctx,slim,15
90,1.446969696969697,0.7198286937901498,0.9459083979057591,P_ctx,slim,15
100,0.2803030303030303,0.14463397299218195,0.9481162702702703,P_ctx,slim,15
110,0.5606060606060606,0.49570671700870844,0.9499905405405406,P_ctx,slim,15
120,1.4242424242424243,0.38239055734471544,0.9507934574468084,P_ctx,slim,15
130,0.946969696969697,0.2901782573828383,0.9513303999999999,P_ctx,slim,15
140,1.2396694214876034,0.594410142998669,0.951671111111111,P_ctx,slim,15
0,1.0685805422647527,0.35019501474984654,0.11652001492537313,P_ctx,slim,16
10,1.0151515151515151,1.3213410625709676,0.4632200149253731,P_ctx,slim,16
20,0.36363636363636365,0.27386602349645994,0.7357728541666667,P_ctx,slim,16
30,1.6515151515151514,0.48508632635103016,0.8303968302752294,P_ctx,slim,16
40,0.6893939393939394,0.243242586487603,0.878035054945055,P_ctx,slim,16
50,0.7196969696969697,0.37310324308241594,0.9124571368421052,P_ctx,slim,16
60,0.3787878787878788,0.21849529573007223,0.9273917199999999,P_ctx,slim,16
70,0.7424242424242424,0.5723387310857445,0.9366577653061224,P_ctx,slim,16
80,1.1666666666666667,0.31852682908484653,0.9429020064935064,P_ctx,slim,16
90,0.6363636363636364,0.5619754287799538,0.9467933214285715,P_ctx,slim,16
100,0.5833333333333334,0.45590332911698994,0.9484692337662338,P_ctx,slim,16
110,1.4242424242424243,0.2717601992207263,0.9500515957446809,P_ctx,slim,16
120,1.0454545454545454,0.4393462866845467,0.9506602971014494,P_ctx,slim,16
130,1.2272727272727273,0.7259641499185226,0.9513609938271604,P_ctx,slim,16
140,0.08264462809917356,0.03579693375759328,0.9517146666666667,P_ctx,slim,16
0,0.3668261562998405,0.3175200803212851,0.14358928260869566,P_ctx,slim,17
10,0.9166666666666666,0.5584654438142923,0.53487826446281,P_ctx,slim,17
20,0.393939393939394,0.41058033951835776,0.6557188653846153,P_ctx,slim,17
30,0.9924242424242424,0.5267454611916657,0.8303338167938931,P_ctx,slim,17
40,0.9318181818181818,0.49245962898705453,0.8763472357723576,P_ctx,slim,17
50,1.8181818181818181,0.6598075561294621,0.9091764583333333,P_ctx,slim,17
60,0.9924242424242424,0.3213588804846773,0.9282061832061069,P_ctx,slim,17
70,0.9242424242424243,0.3900312431882584,0.9363100819672131,P_ctx,slim,17
80,1.0606060606060608,0.5826712069617859,0.9433767571428571,P_ctx,slim,17
90,0.9242424242424243,0.3688214843553182,0.9460153278688523,P_ctx,slim,17
100,1.3409090909090908,0.7535412957659262,0.948417209039548,P_ctx,slim,17
110,0.5757575757575757,0.27820299500831946,0.950048144736842,P_ctx,slim,17
120,1.106060606060606,0.6947969543147209,0.9508295205479452,P_ctx,slim,17
130,0.9696969696969697,0.652289731532742,0.9514342265625,P_ctx,slim,17
140,3.1955922865013773,0.5559388002585086,0.951730150862069,P_ctx,slim,17
0,0.7655502392344498,0.23767011268324154,0.19881591666666668,P_ctx,slim,18
10,2.5984848484848486,0.6684619882004854,0.4014448979591837,P_ctx,slim,18
20,1.2727272727272727,0.5802683636515878,0.6548910357142858,P_ctx,slim,18
30,1.3863636363636365,0.5918876403393137,0.8069827868852459,P_ctx,slim,18
40,1.1515151515151514,0.35903841267228087,0.875496572368421,P_ctx,slim,18
50,0.5378787878787878,0.24970026376788423,0.9168230985915494,P_ctx,slim,18
60,0.9696969696969697,0.1850201161193958,0.92622453125,P_ctx,slim,18
70,0.28787878787878785,0.6624230738754919,0.9381078947368421,P_ctx,slim,18
80,1.1287878787878787,0.36988140776096495,0.9435180268456377,P_ctx,slim,18
90,0.4772727272727273,0.19006175407160913,0.946100873015873,P_ctx,slim,18
100,0.4015151515151515,0.17422053989441177,0.9480912830188679,P_ctx,slim,18
110,1.2272727272727273,0.3148734410201287,0.9501056913580247,P_ctx,slim,18
120,0.6287878787878788,0.7952038090814075,0.9507498554216868,P_ctx,slim,18
130,0.8106060606060607,0.5026155652823744,0.9513271028037383,P_ctx,slim,18
140,1.5151515151515151,0.2822376861174824,0.9516918181818182,P_ctx,slim,18
0,1.5390749601275917,0.573866503279752,0.16787502072538862,P_ctx,slim,19
10,0.6666666666666667,0.33110997092526084,0.38398822727272724,P_ctx,slim,19
20,2.4015151515151514,0.6673152061239136,0.6873587066246056,P_ctx,slim,19
30,1.6136363636363635,0.42485674911148186,0.8180308638497653,P_ctx,slim,19
40,0.5,0.4302774677242509,0.8870688636363636,P_ctx,slim,19
50,1.0757575757575757,0.4785050546308588,0.9127174647887325,P_ctx,slim,19
60,0.4166666666666667,0.22030575768794267,0.9301690545454545,P_ctx,slim,19
70,0.7196969696969697,0.5115444235946807,0.9377607894736842,P_ctx,slim,19
80,0.7272727272727273,0.39349149174015646,0.9427357708333334,P_ctx,slim,19
90,1.0606060606060608,0.47882594366022013,0.9466840285714285,P_ctx,slim,19
100,1.0378787878787878,0.5252853864699218,0.9488150656934307,P_ctx,slim,19
110,1.1515151515151514,0.5729788388497017,0.9499205000000002,P_ctx,slim,19
120,0.7954545454545454,0.3978939753225353,0.9506325714285713,P_ctx,slim,19
130,0.5984848484848485,0.3386088074657592,0.9513964556962026,P_ctx,slim,19
140,0.3305785123966942,0.3176321963544487,0.9516391666666665,P_ctx,slim,19
0,1.38755980861244,0.5967946452699192,0.151194275862069,P_ctx,slim,20
10,1.2272727272727273,0.5323905790967486,0.4548871975308642,P_ctx,slim,20
20,0.3257575757575758,0.19832978091477688,0.6827490930232557,P_ctx,slim,20
30,1.1590909090909092,0.427919433508914,0.8193600980392156,P_ctx,slim,20
40,1.5454545454545454,0.6921510970368695,0.8887558823529411,P_ctx,slim,20
50,1.7500000000000002,0.4592224002698828,0.911114961038961,P_ctx,slim,20
60,1.5984848484848484,0.3768948261536754,0.9256311706161138,P_ctx,slim,20
70,1.0833333333333335,0.44996638839756087,0.9371017622377624,P_ctx,slim,20
80,0.962121212121212,0.3228701624365873,0.9424568503937009,P_ctx,slim,20
90,1.3636363636363635,0.3062360801781737,0.9465421333333334,P_ctx,slim,20
100,1.090909090909091,0.7518273581621998,0.9488541805555557,P_ctx,slim,20
110,1.5833333333333335,0.6284683305541129,0.9498282248803828,P_ctx,slim,20
120,0.8257575757575757,0.19760424763981863,0.9507759174311925,P_ctx,slim,20
130,0.4772727272727273,0.5330905920664633,0.9513771746031746,P_ctx,slim,20
140,0.13774104683195593,0.3135242981331053,0.9516815000000001,P_ctx,slim,20
0,0.11164274322169059,0.08064727291770313,0.16366675,P_ctx,slim,21
10,0.7803030303030303,0.30303975892335744,0.43523115533980583,P_ctx,slim,21
20,1.3409090909090908,0.36048101164265417,0.7140901016949153,P_ctx,slim,21
30,1.0227272727272727,0.5169352873603231,0.8181645999999999,P_ctx,slim,21
40,2.25,0.7878712363895064,0.8864342255892258,P_ctx,slim,21
50,1.2121212121212122,0.3089200669326812,0.9091896312499997,P_ctx,slim,21
60,0.8181818181818182,0.3583386118903267,0.9271330833333332,P_ctx,slim,21
70,0.3181818181818182,0.1689316838320434,0.9380505000000001,P_ctx,slim,21
80,1.3484848484848484,0.4892105504243323,0.9424530786516855,P_ctx,slim,21
90,1.3560606060606062,0.6972708815335945,0.9462499441340781,P_ctx,slim,21
100,0.09090909090909091,0.16808862854959888,0.9483833333333335,P_ctx,slim,21
110,0.8484848484848486,0.43993715183545207,0.9497741964285714,P_ctx,slim,21
120,0.196969696969697,0.10640276796011756,0.9507892307692308,P_ctx,slim,21
130,0.5909090909090909,1.0204364804059545,0.9512663076923078,P_ctx,slim,21
140,1.5289256198347108,0.5015987347058944,0.9516962162162163,P_ctx,slim,21
0,0.8771929824561403,0.4092677152037882,0.12956314545454545,P_ctx,slim,22
10,1.2121212121212122,0.7328193419892992,0.421589975,P_ctx,slim,22
20,0.7575757575757576,0.7252587855211974,0.68343454,P_ctx,slim,22
30,0.5151515151515151,0.3239731466108424,0.8447891470588235,P_ctx,slim,22
40,0.3787878787878788,0.6381250725142128,0.88623558,P_ctx,slim,22
50,0.7348484848484849,0.2741168914579319,0.914975350515464,P_ctx,slim,22
60,2.4015151515151514,0.424627674472412,0.9277131167192427,P_ctx,slim,22
70,0.28787878787878785,0.1377635937182438,0.9371130789473685,P_ctx,slim,22
80,0.5833333333333334,0.35650398804638345,0.9424597402597401,P_ctx,slim,22
90,0.8181818181818182,0.4037794847393107,0.9456230185185186,P_ctx,slim,22
100,0.8636363636363636,0.4198028198876285,0.9478518859649124,P_ctx,slim,22
110,0.8863636363636364,0.4560352922417306,0.9496906923076923,P_ctx,slim,22
120,1.6363636363636365,0.7918196410817535,0.9509500000000001,P_ctx,slim,22
130,0.28787878787878785,0.5063597819503333,0.9514636842105263,P_ctx,slim,22
140,0.5234159779614325,0.37979859165594,0.9516683684210526,P_ctx,slim,22
0,0.9090909090909091,0.24908546173836757,0.1363798263157895,P_ctx,slim,23
10,0.6818181818181818,0.6086564472497746,0.44008437777777776,P_ctx,slim,23
20,0.75,0.26972247563457435,0.7187662121212121,P_ctx,slim,23
30,0.9696969696969697,0.44254926818024654,0.805092921875,P_ctx,slim,23
40,0.36363636363636365,0.18676602367589493,0.8782833124999999,P_ctx,slim,23
50,1.106060606060606,0.41507467122691694,0.9157838561643837,P_ctx,slim,23
60,1.3257575757575757,0.535026890312539,0.9306829142857143,P_ctx,slim,23
70,0.06060606060606061,0.08956591067157471,0.937564125,P_ctx,slim,23
80,1.2575757575757576,0.7255244755244756,0.9424815843373494,P_ctx,slim,23
90,2.1893939393939394,0.635969591891171,0.946104705882353,P_ctx,slim,23
100,1.8787878787878787,0.5444874306833039,0.9485221814516128,P_ctx,slim,23
110,0.23484848484848483,0.5324381294402373,0.9499199677419353,P_ctx,slim,23
120,0.7424242424242424,0.3545547235591418,0.9506327040816326,P_ctx,slim,23
130,0.11363636363636363,0.10161141332238532,0.9514956,P_ctx,slim,23
140,1.322314049586777,0.5628597825314476,0.9517186458333334,P_ctx,slim,23
0,0.6299840510366826,0.3880388187663729,0.12787064556962027,P_ctx,slim,24
10,0.33333333333333337,0.28139534883720935,0.4526223181818182,P_ctx,slim,24
20,0.5606060606060606,0.6593228576057023,0.682419554054054,P_ctx,slim,24
30,0.4242424242424243,1.6175762615431746,0.7970081607142857,P_ctx,slim,24
40,0.34848484848484845,0.2678429642699603,0.8792278260869564,P_ctx,slim,24
50,0.34848484848484845,0.17101623978324426,0.9072375434782608,P_ctx,slim,24
60,0.5075757575757576,0.3456091537186982,0.9283283880597015,P_ctx,slim,24
70,0.9848484848484848,0.3929237096028173,0.9388302384615385,P_ctx,slim,24
80,1.0075757575757576,0.6108814564282433,0.9421503233082706,P_ctx,slim,24
90,1.4318181818181819,0.4577161162013304,0.9455743121693122,P_ctx,slim,24
100,0.5606060606060606,0.259747166660462,0.9486691891891892,P_ctx,slim,24
110,0.946969696969697,0.3676486971867076,0.9499487999999999,P_ctx,slim,24
120,0.6818181818181818,0.46880919307993435,0.9507325666666667,P_ctx,slim,24
130,0.8939393939393939,0.5116547972564581,0.9512361016949153,P_ctx,slim,24
140,1.1707988980716253,0.4489292916359912,0.9516809529411765,P_ctx,slim,24
0,0.7017543859649122,0.37552857198277534,0.16655455113636364,P_ctx,slim,25
10,0.787878787878788,0.6471686372121965,0.515939326923077,P_ctx,slim,25
20,1.5,0.3245998390414021,0.6783241414141413,P_ctx,slim,25
30,1.0151515151515151,0.29387722551189266,0.834475880597015,P_ctx,slim,25
40,0.9242424242424243,1.0124354025474345,0.8692862459016393,P_ctx,slim,25
50,1.0227272727272727,0.47755338307177775,0.9118649555555556,P_ctx,slim,25
60,0.196969696969697,0.8725275842782326,0.9271659999999999,P_ctx,slim,25
70,0.8787878787878787,0.24871920654154905,0.9383269827586208,P_ctx,slim,25
80,0.46969696969696967,0.21099961842688747,0.9425972741935484,P_ctx,slim,25
90,0.6893939393939394,0.6470867091880709,0.9462398241758243,P_ctx,slim,25
100,0.8863636363636364,0.4220525461432093,0.9488226324786325,P_ctx,slim,25
110,0.6515151515151516,1.0241235588113238,0.950036988372093,P_ctx,slim,25
120,1.8106060606060606,0.5559354051977529,0.950577439330544,P_ctx,slim,25
130,1.5606060606060606,0.507899032840103,0.9513016019417476,P_ctx,slim,25
140,0.27548209366391185,0.22248065935177225,0.951684,P_ctx,slim,25
0,1.4832535885167464,0.4674078586658544,0.17412154301075267,P_ctx,slim,26
10,0.2803030303030303,0.13372029350564013,0.4699157297297297,P_ctx,slim,26
20,0.45454545454545453,0.21933711449840482,0.6927286166666667,P_ctx,slim,26
30,0.7803030303030303,0.30555692896857684,0.8236478446601943,P_ctx,slim,26
40,0.8333333333333334,0.347290322272025,0.8935779545454544,P_ctx,slim,26
50,0.75,0.40471485998501056,0.9139567575757576,P_ctx,slim,26
60,1.3333333333333335,0.38221716226131996,0.9288581022727271,P_ctx,slim,26
70,0.5757575757575757,0.25955209670074925,0.9383655921052633,P_ctx,slim,26
80,1.6212121212121213,0.8784947908567875,0.9425054205607476,P_ctx,slim,26
90,0.28787878787878785,0.28160474281672115,0.9466026315789474,P_ctx,slim,26
100,1.2954545454545454,0.3582038391224863,0.9484856783625731,P_ctx,slim,26
110,0.7575757575757576,0.3440779492954222,0.95015704,P_ctx,slim,26
120,0.30303030303030304,0.12038468378500389,0.9505363500000001,P_ctx,slim,26
130,1.0151515151515151,0.4295998367870362,0.9514007835820896,P_ctx,slim,26
140,0.9504132231404958,0.537269059248248,0.9517083333333333,P_ctx,slim,26
0,0.733652312599681,0.3363299489855265,0.18421025,P_ctx,slim,27
10,1.0,0.2743444483982403,0.4185091818181818,P_ctx,slim,27
20,0.553030303030303,0.4035480061311153,0.7039699589041096,P_ctx,slim,27
30,1.3484848484848484,0.27884985117564126,0.8201764438202246,P_ctx,slim,27
40,0.6893939393939394,0.2308490602298497,0.8800277362637362,P_ctx,slim,27
50,0.9393939393939393,0.44574677835753423,0.9138377419354838,P_ctx,slim,27
60,0.33333333333333337,0.8704253214638972,0.9298677272727273,P_ctx,slim,27
70,0.6969696969696969,0.2899865800018149,0.9381775869565215,P_ctx,slim,27
80,0.7954545454545454,0.2853566340270286,0.9436052095238096,P_ctx,slim,27
90,0.4924242424242424,0.19583496909550724,0.9468603692307692,P_ctx,slim,27
100,0.5075757575757576,0.6758057860712484,0.9482936119402984,P_ctx,slim,27
110,1.3484848484848484,0.5560288521610723,0.9498277528089887,P_ctx,slim,27
120,0.8863636363636364,0.2710700632918058,0.9507647008547007,P_ctx,slim,27
130,1.2348484848484849,0.38013059701492535,0.951360490797546,P_ctx,slim,27
140,0.49586776859504134,1.7805755395683454,0.9516735833333334,P_ctx,slim,27
0,0.8213716108452951,0.4292208612198509,0.19147270873786407,P_ctx,slim,28
10,0.30303030303030304,0.14836962019625255,0.4272216999999999,P_ctx,slim,28
20,0.7272727272727273,0.37324819001726045,0.7135328333333334,P_ctx,slim,28
30,0.12878787878787878,0.056776491901000425,0.8127982352941175,P_ctx,slim,28
40,0.3106060606060606,0.26556488969145015,0.895093536585366,P_ctx,slim,28
50,0.787878787878788,0.24572909655893344,0.9159433942307691,P_ctx,slim,28
60,0.7954545454545454,0.47964120346338324,0.9284359142857143,P_ctx,slim,28
70,0.3409090909090909,0.4389140940192413,0.9368931111111111,P_ctx,slim,28
80,1.1515151515151514,0.3502353056180089,0.9421999078947366,P_ctx,slim,28
90,0.9545454545454546,0.900984842739358,0.9455069841269842,P_ctx,slim,28
100,1.1363636363636365,0.399725441111156,0.9486233133333335,P_ctx,slim,28
110,0.8712121212121213,0.316956548973754,0.9497761739130434,P_ctx,slim,28
120,1.446969696969697,0.2806534777788167,0.950854005235602,P_ctx,slim,28
130,0.5833333333333334,0.36556154194750357,0.9513162207792208,P_ctx,slim,28
140,0.8539944903581268,1.0295893719806761,0.9516867741935483,P_ctx,slim,28
0,0.685805422647528,0.27170765099257543,0.15865761046511628,P_ctx,slim,29
10,1.2348484848484849,0.6767229449211182,0.4446918895705521,P_ctx,slim,29
20,1.0378787878787878,0.869255912324553,0.6661721751824818,P_ctx,slim,29
30,1.0454545454545454,0.5088410290790246,0.8329735507246377,P_ctx,slim,29
40,1.090909090909091,0.4920477137176939,0.8860216666666667,P_ctx,slim,29
50,1.5075757575757576,0.78532904413963,0.9112283969849246,P_ctx,slim,29
60,1.0303030303030303,0.3379632592971901,0.9266633823529411,P_ctx,slim,29
70,0.8257575757575757,1.0407233273056058,0.9368020183486236,P_ctx,slim,29
80,1.8333333333333333,0.7434300555757255,0.9424286198347106,P_ctx,slim,29
90,0.9166666666666666,0.23844428984745658,0.9458098842975207,P_ctx,slim,29
100,0.3409090909090909,0.15009096422073984,0.9486718,P_ctx,slim,29
110,1.0833333333333335,0.5088035192512966,0.9497618601398601,P_ctx,slim,29
120,0.6287878787878788,0.4439797704726707,0.9507859036144579,P_ctx,slim,29
130,1.196969696969697,0.3213173147141022,0.9513240632911393,P_ctx,slim,29
140,0.8953168044077136,0.6869605598168106,0.9517105538461539,P_ctx,slim,29
0,0.3668261562998405,0.22021542813622022,0.166886452173913,P_ctx,slim,30
10,0.5227272727272727,0.3834592164094273,0.5126754202898551,P_ctx,slim,30
20,1.6969696969696972,0.48900370126583953,0.7151277678571427,P_ctx,slim,30
30,1.7196969696969697,0.5722098943195316,0.8262573127753304,P_ctx,slim,30
40,1.0681818181818181,0.6335094216316305,0.8818531205673757,P_ctx,slim,30
50,0.5833333333333334,0.2438731782692778,0.9160518181818181,P_ctx,slim,30
60,0.7045454545454546,0.2901044054466653,0.9278531182795697,P_ctx,slim,30
70,0.8257575757575757,0.3236808005183212,0.9377173394495413,P_ctx,slim,30
80,0.5,0.7743174061433448,0.9427137878787879,P_ctx,slim,30
90,1.553030303030303,0.840748657784848,0.9466318292682927,P_ctx,slim,30
100,0.6742424242424242,0.12953333597957103,0.9483960224719101,P_ctx,slim,30
110,1.3257575757575757,0.4541647497375282,0.9498983085714288,P_ctx,slim,30
120,0.7196969696969697,0.5700621886023929,0.9508063684210526,P_ctx,slim,30
130,0.946969696969697,0.3489803428890496,0.9513957600000001,P_ctx,slim,30
140,0.1652892561983471,0.2017628776685179,0.9516596666666667,P_ctx,slim,30
0,1.1004784688995215,0.5643297499922549,0.18261916304347828,P_ctx,slim,31
10,1.6969696969696972,0.6194093321993137,0.4606920625,P_ctx,slim,31
20,1.4393939393939394,0.7255894691161577,0.6822856999999999,P_ctx,slim,31
30,0.803030303030303,0.6595395667175745,0.8298041981132076,P_ctx,slim,31
40,0.803030303030303,0.41039238345525053,0.8705459056603774,P_ctx,slim,31
50,1.2727272727272727,0.4167120785619526,0.9095217619047619,P_ctx,slim,31
60,1.6666666666666667,1.2960929759258766,0.9277710136363637,P_ctx,slim,31
70,1.0,0.7866223634787634,0.9366305454545455,P_ctx,slim,31
80,0.9166666666666666,0.7768482490272374,0.9439690082644627,P_ctx,slim,31
90,0.5075757575757576,0.3194763535480515,0.9459605970149253,P_ctx,slim,31
100,0.8484848484848486,0.29659469804878247,0.9485462678571429,P_ctx,slim,31
110,0.962121212121212,0.3568995469564329,0.9497490393700788,P_ctx,slim,31
120,1.2803030303030303,0.5976018773507066,0.9506175857988165,P_ctx,slim,31
130,0.9848484848484848,0.5782255618829396,0.9514164692307693,P_ctx,slim,31
140,0.23415977961432508,0.4364569961489088,0.9516938235294118,P_ctx,slim,31
0,0.9250398724082934,0.22236550894864335,0.09007637068965518,P_ctx,slim,32
10,0.6363636363636364,0.3948014954602101,0.5133791666666666,P_ctx,slim,32
20,0.5227272727272727,0.5515053164434325,0.6353965362318841,P_ctx,slim,32
30,1.0303030303030303,0.43493850969598874,0.8320876838235294,P_ctx,slim,32
40,0.28787878787878785,0.11862530862445725,0.8818105263157893,P_ctx,slim,32
50,0.6742424242424242,0.34497136984290117,0.9100124831460674,P_ctx,slim,32
60,0.21212121212121215,0.07498265417496763,0.9256403571428572,P_ctx,slim,32
70,1.5984848484848484,0.7889012258956289,0.9366401943127962,P_ctx,slim,32
80,0.8409090909090909,0.28864338397528844,0.9424746936936936,P_ctx,slim,32
90,1.1666666666666667,0.4087196747614395,0.9464433506493506,P_ctx,slim,32
100,0.6742424242424242,0.4084527609153681,0.9481991685393258,P_ctx,slim,32
110,0.8712121212121213,0.246645587513689,0.9495076521739131,P_ctx,slim,32
120,0.8409090909090909,0.2836182032868121,0.9508126216216216,P_ctx,slim,32
130,0.9166666666666666,0.5561242609731131,0.9514022314049588,P_ctx,slim,32
140,1.0055096418732783,0.4053030940323368,0.9516543835616439,P_ctx,slim,32
0,0.901116427432217,0.43942447060487144,0.18853576991150445,P_ctx,slim,33
10,0.6136363636363636,0.30228494851656457,0.5173947283950617,P_ctx,slim,33
20,0.46969696969696967,0.37269456714786653,0.689365064516129,P_ctx,slim,33
30,0.43939393939393934,0.38498672459570343,0.8331010517241378,P_ctx,slim,33
40,0.9318181818181818,0.6412879476099819,0.8844145528455284,P_ctx,slim,33
50,0.38636363636363635,0.1503282568889286,0.916993137254902,P_ctx,slim,33
60,0.6287878787878788,0.43931192108745337,0.9303924578313254,P_ctx,slim,33
70,0.17424242424242423,0.11671356737555935,0.936295304347826,P_ctx,slim,33
80,1.4318181818181819,0.9257967314343392,0.9419907619047618,P_ctx,slim,33
90,2.4242424242424243,0.6131585212195816,0.9461385812500002,P_ctx,slim,33
100,1.2803030303030303,0.39620490123294533,0.9485754201183432,P_ctx,slim,33
110,0.1893939393939394,0.22957479964381125,0.9499776400000001,P_ctx,slim,33
120,0.20454545454545456,0.3582845768743592,0.9507802592592592,P_ctx,slim,33
130,1.5075757575757576,0.6832084893882647,0.9513115175879395,P_ctx,slim,33
140,1.046831955922865,0.3385140743840137,0.9517071052631579,P_ctx,slim,33
0,1.1961722488038278,0.40362035225048926,0.17419143666666664,P_ctx,slim,34
10,0.2803030303030303,0.11073875720459463,0.4308781081081081,P_ctx,slim,34
20,1.5075757575757576,0.7516395975689318,0.6964481959798996,P_ctx,slim,34
30,0.6439393939393939,0.5890072969709697,0.8359075529411765,P_ctx,slim,34
40,0.7727272727272727,0.46462192529608254,0.8750152450980392,P_ctx,slim,34
50,1.6212121212121213,0.46357442003964866,0.9087125607476634,P_ctx,slim,34
60,1.196969696969697,0.3672167170233895,0.9280238607594936,P_ctx,slim,34
70,1.4696969696969697,0.2946754059726774,0.936517731958763,P_ctx,slim,34
80,0.6287878787878788,0.29876143261506244,0.9432328915662651,P_ctx,slim,34
90,1.3636363636363635,0.967088071766401,0.9465339222222222,P_ctx,slim,34
100,0.9015151515151516,0.9406663951900734,0.94843,P_ctx,slim,34
110,1.3333333333333335,0.4693295407713877,0.9495862727272727,P_ctx,slim,34
120,1.7651515151515151,0.5686919862431122,0.9507921673819743,P_ctx,slim,34
130,1.371212121212121,0.6453250934549148,0.9513269447513812,P_ctx,slim,34
140,0.46831955922865015,1.1478848022916774,0.9517329411764706,P_ctx,slim,34
0,0.7575757575757576,0.23720977743140018,0.2014723052631579,P_ctx,slim,35
10,1.4621212121212122,0.5490256927473266,0.38338492227979276,P_ctx,slim,35
20,0.6590909090909091,0.3040701553712705,0.6892923448275863,P_ctx,slim,35
30,1.3106060606060606,0.5097503482267224,0.8143566184971097,P_ctx,slim,35
40,0.6742424242424242,0.8622638462780559,0.8685007303370786,P_ctx,slim,35
50,0.3787878787878788,0.7434106780806489,0.9140922,P_ctx,slim,35
60,1.0454545454545454,0.4186816217707089,0.9270112753623188,P_ctx,slim,35
70,0.8484848484848486,0.22022809338243177,0.9360185982142858,P_ctx,slim,35
80,0.3712121212121212,0.15552039702424178,0.9415176326530613,P_ctx,slim,35
90,0.22727272727272727,0.21722197233162552,0.9465358666666667,P_ctx,slim,35
100,1.2575757575757576,0.8820119791331231,0.9483317469879518,P_ctx,slim,35
110,1.2348484848484849,0.5515169535839888,0.9495490981595093,P_ctx,slim,35
120,1.143939393939394,0.40903270291568167,0.9507250662251655,P_ctx,slim,35
130,1.1893939393939394,0.44626091750073216,0.9513472101910827,P_ctx,slim,35
140,1.115702479338843,0.876407809964098,0.9516784074074074,P_ctx,slim,35
0,0.645933014354067,0.36396315434733767,0.13898592592592593,P_ctx,slim,36
10,1.0378787878787878,0.2829754673226239,0.3753707445255475,P_ctx,slim,36
20,0.3409090909090909,0.2902942038901379,0.6673072222222222,P_ctx,slim,36
30,1.7424242424242427,0.414291133678485,0.8212473652173913,P_ctx,slim,36
40,0.7424242424242424,0.9671052631578948,0.8953478775510205,P_ctx,slim,36
50,0.3712121212121212,0.40366972477064217,0.9099693265306121,P_ctx,slim,36
60,0.43939393939393934,0.18963262394483413,0.931736724137931,P_ctx,slim,36
70,0.4318181818181818,0.2104332844820835,0.9356527017543858,P_ctx,slim,36
80,0.9242424242424243,1.0507908336378349,0.9432301229508198,P_ctx,slim,36
90,1.4015151515151516,0.3756530086083302,0.9458721837837837,P_ctx,slim,36
100,1.1287878787878787,0.452941772525033,0.9486680536912752,P_ctx,slim,36
110,2.0378787878787876,0.5803060710853691,0.9499953159851301,P_ctx,slim,36
120,1.090909090909091,0.48736212174822696,0.9508661458333335,P_ctx,slim,36
130,1.3030303030303032,0.761700271748247,0.9514328372093023,P_ctx,slim,36
140,0.24793388429752067,0.2366156787762906,0.9516737222222221,P_ctx,slim,36
0,1.2679425837320573,0.2762305869965781,0.16673005911949684,P_ctx,slim,37
10,0.9015151515151516,0.4757520322740874,0.49095494117647054,P_ctx,slim,37
20,0.9848484848484848,0.3314468931682537,0.6634146,P_ctx,slim,37
30,0.946969696969697,0.26654863139393625,0.82949648,P_ctx,slim,37
40,0.9924242424242424,0.3265142731979592,0.889359503816794,P_ctx,slim,37
50,0.946969696969697,0.6604596799372363,0.910467736,P_ctx,slim,37
60,1.1818181818181819,0.3965643415629935,0.9287382948717948,P_ctx,slim,37
70,1.0227272727272727,0.3596875441535636,0.9386612888888889,P_ctx,slim,37
80,0.7045454545454546,0.49500399196767714,0.9429666666666666,P_ctx,slim,37
90,1.2045454545454546,0.4719862191178256,0.9463095094339623,P_ctx,slim,37
100,1.2954545454545454,0.3669265431657249,0.9488417953216376,P_ctx,slim,37
110,0.5757575757575757,0.321145264451857,0.9495117631578949,P_ctx,slim,37
120,0.6515151515151516,0.7270118991200543,0.9505347674418605,P_ctx,slim,37
130,0.8484848484848486,0.3058058430759302,0.9513394910714287,P_ctx,slim,37
140,0.1928374655647383,0.29663873639603194,0.9517178571428572,P_ctx,slim,37
0,1.562998405103668,0.7116176980245678,0.16748269897959184,P_ctx,slim,38
10,1.1515151515151514,0.4976412637468935,0.3975782894736842,P_ctx,slim,38
20,0.1590909090909091,0.04334283998799159,0.6974391428571428,P_ctx,slim,38
30,0.9318181818181818,0.34243483909612055,0.8310687398373984,P_ctx,slim,38
40,0.4318181818181818,0.3709656743351313,0.8682621052631578,P_ctx,slim,38
50,0.21969696969696967,0.151838483201777,0.9201891724137932,P_ctx,slim,38
60,0.7651515151515151,0.41190101028825654,0.9276765346534653,P_ctx,slim,38
70,0.553030303030303,0.3159219965116126,0.9356421232876712,P_ctx,slim,38
80,0.7348484848484849,0.6004952538175814,0.9415584639175257,P_ctx,slim,38
90,1.2954545454545454,0.4009991223924931,0.9459611695906432,P_ctx,slim,38
100,1.3939393939393938,0.43278380054311805,0.9476684239130435,P_ctx,slim,38
110,0.33333333333333337,0.21058890927417892,0.9497895681818183,P_ctx,slim,38
120,1.3257575757575757,0.6914221745975683,0.9508353257142858,P_ctx,slim,38
130,0.48484848484848486,0.6383943415047003,0.95132596875,P_ctx,slim,38
140,0.8402203856749311,0.526880594670994,0.9516780491803278,P_ctx,slim,38
0,2.15311004784689,1.0992264702616676,0.11207456962962963,P_ctx,slim,39
10,1.196969696969697,0.6932312233257549,0.45480537974683544,P_ctx,slim,39
20,0.34848484848484845,0.34678119431626075,0.7082863043478261,P_ctx,slim,39
30,0.856060606060606,0.24037206424102955,0.8034135044247789,P_ctx,slim,39
40,0.9924242424242424,0.2710319338689605,0.8841425725190839,P_ctx,slim,39
50,0.28787878787878785,0.2782770787564077,0.9117488947368422,P_ctx,slim,39
60,0.44696969696969696,0.12047521811769071,0.9289048644067797,P_ctx,slim,39
70,1.2045454545454546,0.4163806546072079,0.9367253333333333,P_ctx,slim,39
80,1.1287878787878787,0.4177179702831511,0.9437321946308724,P_ctx,slim,39
90,1.2424242424242424,1.226682381740293,0.9462175121951221,P_ctx,slim,39
100,1.1136363636363638,0.466155442804428,0.9483924557823127,P_ctx,slim,39
110,0.3787878787878788,0.23524547508892987,0.94963938,P_ctx,slim,39
120,0.9166666666666666,0.4392835925982969,0.9506928760330579,P_ctx,slim,39
130,0.962121212121212,0.6046659260434851,0.9513975511811025,P_ctx,slim,39
140,2.1212121212121215,0.5707835638593596,0.9516733766233767,P_ctx,slim,39
0,0.9082934609250399,0.2131284324624082,0.15213596522403908,P_ctx,oracle,-1
10,0.9416666666666667,0.21528575577088277,0.43456290213600796,P_ctx,oracle,-1
20,0.8511363636363636,0.2056638691279848,0.6918319157107833,P_ctx,oracle,-1
30,0.9329545454545455,0.22255209636153384,0.8239789858971128,P_ctx,oracle,-1
40,0.878030303030303,0.20396037594952168,0.8822121754944634,P_ctx,oracle,-1
50,0.9185606060606061,0.21068061884420655,0.9120929197098041,P_ctx,oracle,-1
60,0.8875,0.20385764585707866,0.9282528318548751,P_ctx,oracle,-1
70,0.8810606060606061,0.19647886795325756,0.9372843601155724,P_ctx,oracle,-1
80,0.881439393939394,0.20101532489572085,0.9428149747599951,P_ctx,oracle,-1
90,0.9011363636363636,0.21428961268313249,0.946253743779311,P_ctx,oracle,-1
100,0.9102272727272728,0.21599262521605153,0.9483943134332379,P_ctx,oracle,-1
110,0.978030303030303,0.2301114835935989,0.9498144283212658,P_ctx,oracle,-1
120,0.9272727272727272,0.21749668102108233,0.95076209035705,P_ctx,oracle,-1
130,0.9234848484848485,0.2146080519191758,0.9513477149028319,P_ctx,oracle,-1
140,0.8326446280991736,0.1927011347979866,0.9516876077038977,P_ctx,oracle,-1
0,4.7926634768740035,0.6443260452876776,0.15577059400998336,P_meth,slim,0
10,2.484848484848485,0.649323771044983,0.4191711036585366,P_meth,slim,0
20,0.1893939393939394,0.34104297141439827,0.70307428,P_meth,slim,0
30,1.7272727272727273,0.434328332361617,0.8126633245614037,P_meth,slim,0
40,0.5909090909090909,0.5025527885432022,0.8809388846153846,P_meth,slim,0
50,1.1666666666666667,0.829402836485891,0.9113380454545454,P_meth,slim,0
60,1.378787878787879,0.44377616125492747,0.9270320164835165,P_meth,slim,0
70,1.3560606060606062,0.5917799984972576,0.9374989217877095,P_meth,slim,0
80,0.3257575757575758,0.3181614349775785,0.9432566046511628,P_meth,slim,0
90,0.38636363636363635,0.20515758613753968,0.9458220392156862,P_meth,slim,0
100,1.121212121212121,0.48398364920104037,0.94836975,P_meth,slim,0
110,0.4242424242424243,0.2663611009015632,0.9499653571428571,P_meth,slim,0
120,0.8712121212121213,0.5336351875808538,0.9507801739130435,P_meth,slim,0
130,0.25,0.7296237981977154,0.9515036666666666,P_meth,slim,0
140,1.3085399449035813,0.32153846153846155,0.951672052631579,P_meth,slim,0
0,3.269537480063796,1.5729174538035424,0.19950344829268296,P_meth,slim,1
10,2.5303030303030303,1.089275743305678,0.41787268862275456,P_meth,slim,1
20,1.575757575757576,0.42279547638406384,0.6951148557692307,P_meth,slim,1
30,0.4924242424242424,0.23597489535145955,0.8318049999999999,P_meth,slim,1
40,0.8409090909090909,0.17377154947484275,0.8886114414414416,P_meth,slim,1
50,0.23484848484848483,1.2581478292952897,0.9156706451612903,P_meth,slim,1
60,0.3257575757575758,0.2043417215682039,0.9313191627906976,P_meth,slim,1
70,0.8787878787878787,0.35300301546463053,0.9367036896551725,P_meth,slim,1
80,2.5984848484848486,0.662340398141538,0.9418826443148688,P_meth,slim,1
90,0.5757575757575757,0.34268146883005973,0.9458170263157895,P_meth,slim,1
100,0.6439393939393939,0.8661551050656949,0.9480629411764706,P_meth,slim,1
110,1.0606060606060608,0.3175890727361467,0.94974495,P_meth,slim,1
120,0.3257575757575758,0.12220117120220464,0.9506512093023255,P_meth,slim,1
130,0.9545454545454546,0.32302296042230705,0.9514282063492063,P_meth,slim,1
140,0.4820936639118457,0.1509162773984908,0.9517064285714287,P_meth,slim,1
0,1.6666666666666667,0.9991380496744147,0.15473173205741628,P_meth,slim,2
10,1.0757575757575757,0.5701319479508221,0.5158835563380282,P_meth,slim,2
20,1.6363636363636365,0.5596052616083942,0.6632054074074075,P_meth,slim,2
30,0.9090909090909091,0.4879461287758836,0.8532025166666666,P_meth,slim,2
40,0.5681818181818182,0.20660984548087916,0.8840607066666668,P_meth,slim,2
50,0.6515151515151516,0.2102518132181566,0.9108033720930232,P_meth,slim,2
60,0.5303030303030304,0.6528558912472091,0.9286898714285714,P_meth,slim,2
70,1.446969696969697,0.3042913627212907,0.9393636282722513,P_meth,slim,2
80,1.7045454545454544,0.5538895354041715,0.9432199111111111,P_meth,slim,2
90,0.7575757575757576,0.5767919878349326,0.9456613999999999,P_meth,slim,2
100,0.12878787878787878,0.1528235582554687,0.9488174117647058,P_meth,slim,2
110,1.3409090909090908,1.0453036498832289,0.9498462542372881,P_meth,slim,2
120,0.5909090909090909,0.36372114712054093,0.9507783974358974,P_meth,slim,2
130,0.43939393939393934,0.4077502370021623,0.9514826206896552,P_meth,slim,2
140,1.322314049586777,0.6501462213329229,0.9517342708333333,P_meth,slim,2
0,5.430622009569378,0.6459419879537984,0.1521931086637298,P_meth,slim,3
10,2.477272727272727,0.8921094076165359,0.43117993883792055,P_meth,slim,3
20,1.1136363636363638,0.5115388873950111,0.6435282857142857,P_meth,slim,3
30,0.7045454545454546,0.5146695063767702,0.8402663655913978,P_meth,slim,3
40,0.3257575757575758,0.47218940818261984,0.8924842325581396,P_meth,slim,3
50,0.8787878787878787,0.25060064286789785,0.9087918103448275,P_meth,slim,3
60,1.4772727272727273,0.5577899901184059,0.927274871794872,P_meth,slim,3
70,0.7575757575757576,0.5266307600239378,0.93508193,P_meth,slim,3
80,0.6439393939393939,0.2915421592828374,0.943375505882353,P_meth,slim,3
90,1.5,0.43118893717272305,0.9462693737373737,P_meth,slim,3
100,1.3863636363636365,0.5519100712849571,0.9483022950819673,P_meth,slim,3
110,1.174242424242424,0.38917907182883726,0.9494908838709677,P_meth,slim,3
120,0.4090909090909091,0.235469783359871,0.9505920000000001,P_meth,slim,3
130,0.8712121212121213,0.4815714838619623,0.9513919391304346,P_meth,slim,3
140,2.1349862258953167,0.43253619266675686,0.9517120516129032,P_meth,slim,3
0,3.349282296650718,0.6481663346334072,0.16273431666666666,P_meth,slim,4
10,1.4166666666666665,0.6075164283428909,0.46380032620320855,P_meth,slim,4
20,0.8863636363636364,0.3465468726859851,0.7215791196581196,P_meth,slim,4
30,1.4696969696969697,0.5010134527042361,0.8116368659793816,P_meth,slim,4
40,1.25,0.504418876104719,0.8724289090909091,P_meth,slim,4
50,1.3181818181818181,0.5642882764246019,0.9130716091954023,P_meth,slim,4
60,0.5909090909090909,0.15877813623830292,0.9254307051282052,P_meth,slim,4
70,0.4242424242424243,0.55127975657777,0.9386377142857142,P_meth,slim,4
80,0.5681818181818182,0.21366137908708321,0.9426096800000001,P_meth,slim,4
90,0.9545454545454546,0.38670616190879203,0.9465012698412698,P_meth,slim,4
100,0.9848484848484848,0.37747636373235255,0.9482883846153847,P_meth,slim,4
110,0.7121212121212122,0.4957647434872942,0.9497516914893618,P_meth,slim,4
120,0.38636363636363635,0.21416300820767323,0.950719176470588,P_meth,slim,4
130,0.6969696969696969,0.6479149771650519,0.9513372717391304,P_meth,slim,4
140,0.13774104683195593,0.545544718135229,0.9517327999999999,P_meth,slim,4
0,2.982456140350877,0.5895587624138375,0.14433859358288773,P_meth,slim,5
10,1.8863636363636365,0.7572504170084139,0.3933198032128514,P_meth,slim,5
20,0.8712121212121213,0.530339025685458,0.7062628521739129,P_meth,slim,5
30,0.787878787878788,0.34137365096732475,0.8284465384615385,P_meth,slim,5
40,1.2803030303030303,1.2531317057825613,0.8767363136094674,P_meth,slim,5
50,0.7575757575757576,0.48828125000000006,0.9105213000000001,P_meth,slim,5
60,0.13636363636363638,0.08722595045448538,0.927651722222222,P_meth,slim,5
70,0.7727272727272727,0.1759880374144503,0.9370012352941176,P_meth,slim,5
80,1.5303030303030303,0.7637969853737345,0.9435278415841584,P_meth,slim,5
90,0.9242424242424243,0.451072220852847,0.9464755327868852,P_meth,slim,5
100,1.1287878787878787,0.46062831688455247,0.9482676174496645,P_meth,slim,5
110,0.856060606060606,0.504945869640282,0.9497222123893805,P_meth,slim,5
120,0.2803030303030303,0.15045191022173482,0.9505712432432432,P_meth,slim,5
130,0.8333333333333334,0.4245415419161677,0.951273109090909,P_meth,slim,5
140,0.7024793388429752,0.31252611347873316,0.9517578235294119,P_meth,slim,5
0,5.087719298245614,0.7798803175973137,0.15612581504702194,P_meth,slim,6
10,3.189393939393939,0.6515133041333322,0.39932600000000007,P_meth,slim,6
20,0.43939393939393934,0.7792683671599863,0.6958566206896551,P_meth,slim,6
30,0.13636363636363638,0.12632116198456075,0.8462708333333333,P_meth,slim,6
40,0.9166666666666666,0.42551377618167197,0.8882396198347107,P_meth,slim,6
50,0.6818181818181818,0.4687019166278711,0.908338988888889,P_meth,slim,6
60,0.8712121212121213,0.3414796551910307,0.9273731739130434,P_meth,slim,6
70,1.1893939393939394,0.4194292653309047,0.9361287261146496,P_meth,slim,6
80,0.9772727272727273,0.49855948281919754,0.9437034728682171,P_meth,slim,6
90,0.5833333333333334,0.44235924932975873,0.945923168831169,P_meth,slim,6
100,0.5378787878787878,0.3666265041388267,0.9483671971830985,P_meth,slim,6
110,1.0303030303030303,0.4282974033038449,0.9499148529411765,P_meth,slim,6
120,0.5909090909090909,0.14510278113663844,0.9507181153846153,P_meth,slim,6
130,0.5606060606060606,0.7788107349587792,0.9514947297297296,P_meth,slim,6
140,0.6887052341597797,0.21195694062636486,0.9516354,P_meth,slim,6
0,2.5039872408293458,0.6931196403965268,0.1818097286624204,P_meth,slim,7
10,2.083333333333333,1.0881034027960963,0.4044485309090909,P_meth,slim,7
20,2.2575757575757573,0.6631063640409435,0.7103317852348994,P_meth,slim,7
30,0.3712121212121212,0.3362725117497816,0.7952792857142857,P_meth,slim,7
40,1.2727272727272727,0.74802671523983,0.8824269345238095,P_meth,slim,7
50,0.946969696969697,0.2179984832590377,0.91463332,P_meth,slim,7
60,0.8333333333333334,0.3687375563772297,0.9252227181818181,P_meth,slim,7
70,0.6818181818181818,0.28950190077005555,0.9360003777777779,P_meth,slim,7
80,0.6287878787878788,0.13055695243179602,0.9424604337349397,P_meth,slim,7
90,1.174242424242424,1.5921931176168462,0.9465020903225807,P_meth,slim,7
100,0.7803030303030303,0.20599001260544947,0.9484391747572817,P_meth,slim,7
110,1.2575757575757576,0.4210833788136179,0.9498029578313252,P_meth,slim,7
120,1.0227272727272727,0.744379558384922,0.9504664888888888,P_meth,slim,7
130,0.8636363636363636,0.631769862461585,0.9512792456140352,P_meth,slim,7
140,0.3856749311294766,0.14124121063894832,0.9516,P_meth,slim,7
0,4.162679425837321,0.8360248778795077,0.1437446992337165,P_meth,slim,8
10,1.575757575757576,0.5259165613147914,0.5015368846153846,P_meth,slim,8
20,1.0075757575757576,0.6299562948982008,0.6583871203007519,P_meth,slim,8
30,1.0833333333333335,0.41641480880127424,0.8291593006993008,P_meth,slim,8
40,2.1212121212121215,0.752878292824027,0.8863661607142858,P_meth,slim,8
50,0.6893939393939394,0.2718360474694716,0.9100775824175824,P_meth,slim,8
60,1.2272727272727273,0.8713368321543827,0.9276056790123457,P_meth,slim,8
70,0.4318181818181818,0.5891380606364319,0.9375087719298247,P_meth,slim,8
80,0.856060606060606,0.4301434965164028,0.942773796460177,P_meth,slim,8
90,1.0984848484848484,0.2540287580727791,0.9456949448275862,P_meth,slim,8
100,0.5378787878787878,0.21508831197444275,0.9486545070422534,P_meth,slim,8
110,1.3333333333333335,0.5291400563031258,0.9497195227272729,P_meth,slim,8
120,2.0757575757575757,0.6882849965745604,0.9506825547445257,P_meth,slim,8
130,0.75,0.4050334738408133,0.9514135656565657,P_meth,slim,8
140,0.9228650137741048,0.7998552952880528,0.951663432835821,P_meth,slim,8
0,2.9505582137161084,0.8465821240128408,0.10632337702702703,P_meth,slim,9
10,0.46212121212121215,0.291074720746123,0.5437529836065573,P_meth,slim,9
20,1.9696969696969695,0.9923319801533604,0.7084220769230769,P_meth,slim,9
30,0.8484848484848486,0.49153184783259196,0.8216530535714286,P_meth,slim,9
40,0.9393939393939393,0.21773253803136153,0.883412064516129,P_meth,slim,9
50,1.4393939393939394,0.3947964940560145,0.9121293736842104,P_meth,slim,9
60,1.9393939393939394,0.5490902118560068,0.9259056640625,P_meth,slim,9
70,0.5757575757575757,0.30255689529335833,0.9370669210526316,P_meth,slim,9
80,0.9015151515151516,0.6918117116482277,0.9435993193277311,P_meth,slim,9
90,0.8484848484848486,0.35161155295102553,0.946785232142857,P_meth,slim,9
100,0.34848484848484845,0.2842457096312109,0.9485384130434783,P_meth,slim,9
110,0.5681818181818182,0.21809914478698983,0.9498940000000001,P_meth,slim,9
120,0.7196969696969697,0.18787699001285474,0.9507122105263158,P_meth,slim,9
130,1.628787878787879,0.8769490331312457,0.951376888372093,P_meth,slim,9
140,2.0523415977961434,0.5840777344863632,0.9516838255033557,P_meth,slim,9
0,0.3668261562998405,0.6241647992434366,0.13239991304347826,P_meth,slim,10
10,1.1818181818181819,0.35031489552817735,0.4639069743589744,P_meth,slim,10
20,1.6212121212121213,0.5886324422995174,0.6390339626168224,P_meth,slim,10
30,0.5151515151515151,0.27271732921745684,0.820800294117647,P_meth,slim,10
40,1.3257575757575757,0.41888500427951786,0.8771645085714285,P_meth,slim,10
50,0.6287878787878788,0.6351967161790796,0.915422686746988,P_meth,slim,10
60,1.9545454545454546,0.4940463756005849,0.9294505736434108,P_meth,slim,10
70,1.2727272727272727,0.5019556714471969,0.9375902321428571,P_meth,slim,10
80,1.3409090909090908,0.35157413844473134,0.9428174011299435,P_meth,slim,10
90,0.34848484848484845,0.18504748089183623,0.9457070434782608,P_meth,slim,10
100,0.7803030303030303,0.3271021291952364,0.9484615825242718,P_meth,slim,10
110,1.2196969696969697,0.3800334040277961,0.9496878819875776,P_meth,slim,10
120,1.0681818181818181,0.3611722379405498,0.9506995460992906,P_meth,slim,10
130,1.5606060606060606,0.550909267723427,0.9513310533980582,P_meth,slim,10
140,0.6749311294765841,0.47431177859583773,0.9516986326530614,P_meth,slim,10
0,3.508771929824561,0.7141557272633375,0.18255852818181817,P_meth,slim,11
10,1.7878787878787878,0.7358102841486169,0.3967754110169492,P_meth,slim,11
20,0.4166666666666667,0.36597906962676185,0.7012628363636364,P_meth,slim,11
30,0.8939393939393939,0.5938374495794796,0.8136019152542372,P_meth,slim,11
40,0.7727272727272727,0.6994431053112793,0.8848303921568628,P_meth,slim,11
50,0.43939393939393934,0.2898879978190244,0.9089394310344827,P_meth,slim,11
60,1.553030303030303,0.6638405605110543,0.9269818536585366,P_meth,slim,11
70,1.1590909090909092,0.32029790432931876,0.938207111111111,P_meth,slim,11
80,1.0303030303030303,0.40454664274961916,0.9423149264705882,P_meth,slim,11
90,1.4015151515151516,0.2738515504797449,0.9459542486486486,P_meth,slim,11
100,0.4090909090909091,0.24923076923076923,0.9482287037037038,P_meth,slim,11
110,0.24242424242424243,0.44330632635069894,0.94983128125,P_meth,slim,11
120,1.196969696969697,0.40779136474020306,0.9507813164556962,P_meth,slim,11
130,0.946969696969697,0.6062521126967564,0.9512967840000001,P_meth,slim,11
140,0.4407713498622589,0.18903896243387663,0.95167375,P_meth,slim,11
0,3.062200956937799,0.7036130128429365,0.17005149166666667,P_meth,slim,12
10,2.6818181818181817,1.0228392062095324,0.3587870056497175,P_meth,slim,12
20,1.3409090909090908,0.9015210563277024,0.7029353163841808,P_meth,slim,12
30,0.5909090909090909,0.27453803695704343,0.827079358974359,P_meth,slim,12
40,1.977272727272727,0.5795609386828161,0.8876804597701149,P_meth,slim,12
50,0.3106060606060606,0.20284401400268365,0.9094448536585366,P_meth,slim,12
60,0.856060606060606,0.5060182106848682,0.9270590619469027,P_meth,slim,12
70,0.20454545454545456,0.48098464196064666,0.9382125555555555,P_meth,slim,12
80,0.9242424242424243,0.21142792623654616,0.9425268606557378,P_meth,slim,12
90,0.46212121212121215,0.09431730064166688,0.9467532131147541,P_meth,slim,12
100,0.6212121212121212,0.31553171641791045,0.948451219512195,P_meth,slim,12
110,1.0227272727272727,0.7133364289946039,0.9496874814814814,P_meth,slim,12
120,0.3257575757575758,0.09321727705698801,0.9507076744186047,P_meth,slim,12
130,1.0378787878787878,0.32590478044138793,0.9514887591240876,P_meth,slim,12
140,0.46831955922865015,1.661360775893981,0.9517249999999999,P_meth,slim,12
0,8.397129186602871,1.0278078077189852,0.16840863247863247,P_meth,slim,13
10,1.6742424242424243,1.2545478002838346,0.32682472850678734,P_meth,slim,13
20,0.7727272727272727,0.4106806244395234,0.7035000980392156,P_meth,slim,13
30,0.4924242424242424,0.22550699649912218,0.8266274461538462,P_meth,slim,13
40,1.3409090909090908,0.3061786120531947,0.8805012429378534,P_meth,slim,13
50,2.106060606060606,0.5351611491906081,0.9080930575539568,P_meth,slim,13
60,1.4545454545454546,0.43295545396773333,0.9292971354166667,P_meth,slim,13
70,0.30303030303030304,0.37551740324026,0.9370595249999999,P_meth,slim,13
80,0.9924242424242424,0.26558377131412664,0.9431167709923666,P_meth,slim,13
90,1.4772727272727273,0.398311431878532,0.9457949743589743,P_meth,slim,13
100,1.378787878787879,0.5782812357078553,0.9482809395604397,P_meth,slim,13
110,1.090909090909091,0.6251808972503619,0.9499947291666666,P_meth,slim,13
120,0.6666666666666667,0.9775309265337035,0.9508187045454545,P_meth,slim,13
130,0.9242424242424243,0.5916846699880959,0.951334213114754,P_meth,slim,13
140,0.2066115702479339,0.13135548243286277,0.9516815333333334,P_meth,slim,13
0,4.577352472089314,1.012191505222068,0.15727626655052263,P_meth,slim,14
10,2.9772727272727275,0.8828875439946083,0.3458888804071247,P_meth,slim,14
20,1.6818181818181819,0.6583689058638508,0.6803735585585585,P_meth,slim,14
30,1.0454545454545454,0.3315556688083581,0.8172496086956521,P_meth,slim,14
40,1.7272727272727273,0.46252155391013283,0.8830880701754387,P_meth,slim,14
50,1.8560606060606062,1.0981920919302917,0.910983306122449,P_meth,slim,14
60,0.553030303030303,0.33594578010821674,0.927625301369863,P_meth,slim,14
70,0.393939393939394,0.4402822322001283,0.9380814038461539,P_meth,slim,14
80,1.0378787878787878,0.4260472129293691,0.9428467810218978,P_meth,slim,14
90,0.4166666666666667,0.5009038347431315,0.9463261272727272,P_meth,slim,14
100,1.5227272727272727,0.39721892853293095,0.9484056318407961,P_meth,slim,14
110,0.7348484848484849,0.27066448511599,0.949704979381443,P_meth,slim,14
120,0.5227272727272727,0.6902300766922307,0.9507426086956522,P_meth,slim,14
130,1.1590909090909092,0.27781293158945974,0.9514718300653596,P_meth,slim,14
140,2.3002754820936637,0.5789504094464201,0.9517502455089821,P_meth,slim,14
0,6.913875598086125,1.0201418379025962,0.12408749653979237,P_meth,slim,15
10,2.6136363636363633,0.8907056798623064,0.38547993333333336,P_meth,slim,15
20,1.6666666666666667,0.6391829727290735,0.6593278318181818,P_meth,slim,15
30,0.4924242424242424,0.15508696076552947,0.8253002461538462,P_meth,slim,15
40,1.0075757575757576,0.3770084137557821,0.885065037593985,P_meth,slim,15
50,0.856060606060606,0.5594604934474559,0.9085911504424778,P_meth,slim,15
60,0.6439393939393939,0.8871528875956735,0.9263599882352942,P_meth,slim,15
70,0.46969696969696967,0.331290429657456,0.935469887096774,P_meth,slim,15
80,0.6818181818181818,0.9051566500060954,0.9425645888888888,P_meth,slim,15
90,0.20454545454545456,0.17816792977264093,0.9462961111111112,P_meth,slim,15
100,3.106060606060606,0.811292131125915,0.9482913658536586,P_meth,slim,15
110,0.5227272727272727,1.398777528642074,0.9496949275362319,P_meth,slim,15
120,0.75,0.33078352258632826,0.9504219696969697,P_meth,slim,15
130,1.0833333333333335,0.5714147327888405,0.95144386013986,P_meth,slim,15
140,0.1790633608815427,0.10284810126582278,0.9517336923076922,P_meth,slim,15
0,2.0494417862838916,0.5683878253351786,0.12905384435797665,P_meth,slim,16
10,1.0606060606060608,0.7481599637255776,0.38360085,P_meth,slim,16
20,1.5227272727272727,0.5448720581591162,0.6881969054726368,P_meth,slim,16
30,0.856060606060606,0.34699185327520665,0.8278343805309735,P_meth,slim,16
40,0.7045454545454546,0.39045304767114924,0.885425806451613,P_meth,slim,16
50,1.3257575757575757,0.6272299245694922,0.9168437028571429,P_meth,slim,16
60,0.7196969696969697,0.3031533753009777,0.9300817473684211,P_meth,slim,16
70,0.7651515151515151,0.39625030464788646,0.937419207920792,P_meth,slim,16
80,1.9318181818181817,0.39847617784870215,0.9435105215686276,P_meth,slim,16
90,0.7954545454545454,0.2973202563904549,0.9458047523809524,P_meth,slim,16
100,0.9318181818181818,0.45905384467490756,0.9480363821138211,P_meth,slim,16
110,2.0378787878787876,0.820391018857811,0.9500205501858737,P_meth,slim,16
120,0.6590909090909091,0.7299863969793667,0.9507973908045976,P_meth,slim,16
130,0.6136363636363636,0.23647124392897903,0.9513907407407409,P_meth,slim,16
140,0.7575757575757576,1.584737623330132,0.9517118181818182,P_meth,slim,16
0,2.511961722488038,0.7822347306200311,0.16849348666666664,P_meth,slim,17
10,3.727272727272727,0.562499025604515,0.38271875,P_meth,slim,17
20,1.6969696969696972,0.4255172175594929,0.6530017946428571,P_meth,slim,17
30,0.7575757575757576,0.43206724537491653,0.81063732,P_meth,slim,17
40,3.257575757575758,1.0729922039819428,0.8853353953488371,P_meth,slim,17
50,0.7348484848484849,0.42713601366408244,0.9159613402061857,P_meth,slim,17
60,1.0454545454545454,0.7103859233145102,0.9281134782608695,P_meth,slim,17
70,0.8636363636363636,0.36243647486692837,0.9374704912280701,P_meth,slim,17
80,0.4242424242424243,0.21418388753027898,0.9425177678571429,P_meth,slim,17
90,0.9393939393939393,0.6179775280898876,0.9461199193548387,P_meth,slim,17
100,0.7651515151515151,0.1805804254719716,0.9484711485148516,P_meth,slim,17
110,1.0833333333333335,0.4551394883418127,0.9498478951048951,P_meth,slim,17
120,0.5227272727272727,0.26292239921019356,0.9508690289855074,P_meth,slim,17
130,0.7954545454545454,0.3645277183089701,0.9514581047619048,P_meth,slim,17
140,0.9228650137741048,0.8645330309487966,0.9516880597014925,P_meth,slim,17
0,4.12280701754386,0.733727556176755,0.14695279883945842,P_meth,slim,18
10,1.0075757575757576,0.5862317679115242,0.40290092481203,P_meth,slim,18
20,0.30303030303030304,0.21099575610808738,0.7460967500000001,P_meth,slim,18
30,1.2424242424242424,0.5109251313423112,0.8414435914634146,P_meth,slim,18
40,1.1893939393939394,0.837881765034083,0.8748840573248408,P_meth,slim,18
50,1.4318181818181819,0.2671807228915663,0.9124454497354497,P_meth,slim,18
60,1.0984848484848484,0.2884215475307861,0.927528275862069,P_meth,slim,18
70,0.9242424242424243,1.065121631810786,0.9380862540983607,P_meth,slim,18
80,0.8409090909090909,0.23731163429519156,0.9425742882882884,P_meth,slim,18
90,0.856060606060606,0.714415717528953,0.9459257079646018,P_meth,slim,18
100,1.7348484848484849,0.7023495297222946,0.9483777991266376,P_meth,slim,18
110,0.7727272727272727,0.8993987975951904,0.9494749117647059,P_meth,slim,18
120,0.6969696969696969,0.3319919517102616,0.9508608695652174,P_meth,slim,18
130,0.4242424242424243,0.2985605118180203,0.9513442857142858,P_meth,slim,18
140,0.34435261707988984,0.9857219666646754,0.9516828,P_meth,slim,18
0,3.3971291866028706,1.3034649655543296,0.08939700305164318,P_meth,slim,19
10,2.1893939393939394,0.5531052361440963,0.4223085121107267,P_meth,slim,19
20,1.174242424242424,0.8082803302650812,0.6814924516129032,P_meth,slim,19
30,0.7803030303030303,0.5214789812826022,0.8324110679611652,P_meth,slim,19
40,1.0303030303030303,0.6543418673820492,0.8795107720588234,P_meth,slim,19
50,0.8409090909090909,0.30825938221891214,0.9060643243243243,P_meth,slim,19
60,0.4166666666666667,0.37093428434207704,0.9276738181818182,P_meth,slim,19
70,0.5,0.12440702459866168,0.9367291515151515,P_meth,slim,19
80,0.4242424242424243,0.28203836820658396,0.9433366607142857,P_meth,slim,19
90,0.28787878787878785,0.283085952931881,0.9464737631578948,P_meth,slim,19
100,0.856060606060606,0.308138525992216,0.9483617522123895,P_meth,slim,19
110,0.5833333333333334,0.23497752871331076,0.9498228311688311,P_meth,slim,19
120,0.946969696969697,0.421585160202361,0.9505845200000002,P_meth,slim,19
130,1.7954545454545456,0.9712692568008098,0.95134794092827,P_meth,slim,19
140,1.0055096418732783,0.24164426433414915,0.9517053424657534,P_meth,slim,19
0,2.416267942583732,1.154858977616595,0.07578237623762375,P_meth,slim,20
10,1.121212121212121,0.5887139060155134,0.4101739256756757,P_meth,slim,20
20,0.8484848484848486,0.357997307271336,0.6866746964285715,P_meth,slim,20
30,1.5984848484848484,1.0625586558930575,0.8225023270142179,P_meth,slim,20
40,1.4015151515151516,0.41683736173699304,0.8819390432432432,P_meth,slim,20
50,0.24242424242424243,0.6854694751874331,0.91226784375,P_meth,slim,20
60,0.8333333333333334,0.29219524760126214,0.9269433363636363,P_meth,slim,20
70,0.7954545454545454,0.9309010800064479,0.9376613999999999,P_meth,slim,20
80,0.6363636363636364,0.7116725074132553,0.9438844047619048,P_meth,slim,20
90,1.9166666666666665,0.5416346350340102,0.9461036837944664,P_meth,slim,20
100,1.3863636363636365,0.6855410881928915,0.9486882240437159,P_meth,slim,20
110,0.9166666666666666,0.4390179543280595,0.9496781818181818,P_meth,slim,20
120,1.1287878787878787,1.030126539847482,0.9508504026845639,P_meth,slim,20
130,0.22727272727272727,0.12073538827403274,0.9513264000000002,P_meth,slim,20
140,0.5922865013774105,0.5779216812267092,0.9516623488372093,P_meth,slim,20
0,2.200956937799043,1.1403245192307694,0.1405759811594203,P_meth,slim,21
10,2.5227272727272725,0.8249752259691902,0.42237335735735737,P_meth,slim,21
20,1.5303030303030303,0.6447712686982217,0.690622702970297,P_meth,slim,21
30,0.45454545454545453,0.2934159244824469,0.7983241666666667,P_meth,slim,21
40,0.8484848484848486,0.1915085443070769,0.8818758392857143,P_meth,slim,21
50,0.803030303030303,0.5097342037771042,0.9130219905660377,P_meth,slim,21
60,0.5075757575757576,0.24371693121693125,0.9308920895522388,P_meth,slim,21
70,1.9318181818181817,0.9394834236718562,0.9364038039215687,P_meth,slim,21
80,1.174242424242424,0.41424551031564455,0.9429918838709677,P_meth,slim,21
90,1.3560606060606062,0.5475959822566665,0.9466611731843577,P_meth,slim,21
100,0.803030303030303,0.6211544096103135,0.9486359433962264,P_meth,slim,21
110,1.9318181818181817,0.5224923162894664,0.9498074941176471,P_meth,slim,21
120,1.0606060606060608,0.43123967405001246,0.950741,P_meth,slim,21
130,0.6969696969696969,0.45774594798341495,0.9513192391304348,P_meth,slim,21
140,0.27548209366391185,0.20148365234911622,0.9516375,P_meth,slim,21
0,0.7575757575757576,0.5319464829598961,0.1357835157894737,P_meth,slim,22
10,4.128787878787879,0.8019834430663102,0.43650608440366967,P_meth,slim,22
20,1.6742424242424243,1.4018529909272643,0.6447188235294117,P_meth,slim,22
30,1.9848484848484849,0.738627141087523,0.7983616412213741,P_meth,slim,22
40,0.8939393939393939,0.5491313176895308,0.8930606779661017,P_meth,slim,22
50,1.0454545454545454,0.32974910394265233,0.9125082536231883,P_meth,slim,22
60,1.1363636363636365,0.4428064086163866,0.9279225466666667,P_meth,slim,22
70,1.1818181818181819,0.4456139743434379,0.9365260256410257,P_meth,slim,22
80,1.0681818181818181,0.6339798483516933,0.942958560283688,P_meth,slim,22
90,1.090909090909091,0.31189493236369364,0.9462715972222221,P_meth,slim,22
100,0.9090909090909091,0.4406168636090526,0.9489274333333334,P_meth,slim,22
110,0.14393939393939392,0.11213047910295618,0.949926,P_meth,slim,22
120,0.5075757575757576,0.6040488484550447,0.9509413432835822,P_meth,slim,22
130,0.3787878787878788,0.28501593498181943,0.9514253599999999,P_meth,slim,22
140,0.39944903581267216,0.4030237308121539,0.9517172413793105,P_meth,slim,22
0,4.074960127591706,0.9601270831791292,0.09115393542074364,P_meth,slim,23
10,3.0606060606060606,0.9151659304564503,0.43121774504950505,P_meth,slim,23
20,0.46969696969696967,0.21691881977502359,0.6422169677419355,P_meth,slim,23
30,0.7575757575757576,0.45516613563950836,0.82277345,P_meth,slim,23
40,1.7954545454545456,1.1253723182295639,0.8746322784810127,P_meth,slim,23
50,0.6666666666666667,0.3776406561896526,0.9095131363636363,P_meth,slim,23
60,1.8030303030303032,0.7043819841796561,0.9269298487394959,P_meth,slim,23
70,0.803030303030303,0.3662443723170348,0.9386647641509435,P_meth,slim,23
80,0.5984848484848485,0.2864630548367424,0.9417287721518987,P_meth,slim,23
90,1.0075757575757576,0.708468858201306,0.9463064812030076,P_meth,slim,23
100,0.7196969696969697,0.3038939133975049,0.948561894736842,P_meth,slim,23
110,2.409090909090909,0.4796643172531059,0.9499069182389938,P_meth,slim,23
120,0.5303030303030304,0.1634709626741302,0.9506791428571428,P_meth,slim,23
130,0.8863636363636364,0.5554236885829575,0.9512281367521368,P_meth,slim,23
140,0.371900826446281,0.5591289887358414,0.9516775925925925,P_meth,slim,23
0,3.2057416267942584,0.8643330672878016,0.11556875621890549,P_meth,slim,24
10,0.12878787878787878,0.07092467571872865,0.5186672941176471,P_meth,slim,24
20,0.6590909090909091,0.403241664091688,0.6749841609195402,P_meth,slim,24
30,0.8333333333333334,1.211797499624443,0.8242934818181817,P_meth,slim,24
40,1.7803030303030303,0.745963572352695,0.885772485106383,P_meth,slim,24
50,1.7196969696969697,0.5802680960993992,0.9118905286343612,P_meth,slim,24
60,1.7727272727272727,0.5658386458562322,0.9294228504273503,P_meth,slim,24
70,0.6363636363636364,0.1369450194400668,0.9371169523809523,P_meth,slim,24
80,1.0681818181818181,0.2272355450503136,0.943228560283688,P_meth,slim,24
90,0.7121212121212122,0.18426445691882742,0.9460560638297871,P_meth,slim,24
100,1.6893939393939394,0.9721075540114793,0.9484661434977579,P_meth,slim,24
110,1.4242424242424243,0.20529518628453436,0.9496215265957446,P_meth,slim,24
120,0.6363636363636364,0.3391178287650704,0.9507321428571428,P_meth,slim,24
130,0.25757575757575757,0.08908827441094151,0.9513851764705883,P_meth,slim,24
140,0.31680440771349866,0.2570049944975874,0.9516766086956522,P_meth,slim,24
0,1.0207336523125996,0.3846083805292007,0.09634034375,P_meth,slim,25
10,2.4545454545454546,0.5238351869090196,0.4464145092592592,P_meth,slim,25
20,0.5681818181818182,0.6805339785803649,0.7349437866666667,P_meth,slim,25
30,3.4621212121212124,0.7135810355229071,0.813465625820569,P_meth,slim,25
40,1.628787878787879,0.31917908668445133,0.883014711627907,P_meth,slim,25
50,1.2878787878787878,0.5565614226543316,0.9123373352941175,P_meth,slim,25
60,1.3030303030303032,0.6917986032396065,0.9267477732558137,P_meth,slim,25
70,1.6742424242424243,0.3616492156332829,0.9387215701357465,P_meth,slim,25
80,0.4166666666666667,1.4190774042220482,0.9428659454545454,P_meth,slim,25
90,0.553030303030303,0.3537522852926276,0.9456305479452053,P_meth,slim,25
100,1.4166666666666665,0.47644047775298604,0.9484560481283422,P_meth,slim,25
110,2.2954545454545454,0.6726561475147915,0.9497805610561055,P_meth,slim,25
120,0.6439393939393939,0.6767026127234567,0.950898811764706,P_meth,slim,25
130,0.30303030303030304,0.27192106049213594,0.9513167499999999,P_meth,slim,25
140,0.49586776859504134,0.46622059140945393,0.9517219444444444,P_meth,slim,25
0,1.8819776714513556,1.166968847865502,0.14319531694915252,P_meth,slim,26
10,1.5227272727272727,0.34490468712626227,0.38948933333333335,P_meth,slim,26
20,1.7348484848484849,0.7259226527828476,0.6876772794759825,P_meth,slim,26
30,0.6060606060606061,0.24406140363041337,0.8302875500000001,P_meth,slim,26
40,0.6893939393939394,0.49466297687289984,0.8793234835164836,P_meth,slim,26
50,0.8939393939393939,0.3714567802309442,0.9077972033898304,P_meth,slim,26
60,1.2045454545454546,0.5023552389705882,0.9282371320754715,P_meth,slim,26
70,1.3106060606060606,0.5104066087329686,0.9369624508670522,P_meth,slim,26
80,0.5227272727272727,0.17758886267475188,0.9428254347826086,P_meth,slim,26
90,0.8939393939393939,0.32622354774391366,0.9459856779661019,P_meth,slim,26
100,0.7045454545454546,1.008709942481512,0.9482764516129033,P_meth,slim,26
110,0.7121212121212122,0.7266508936728432,0.949986489361702,P_meth,slim,26
120,0.46969696969696967,0.4030137391047422,0.9507079032258062,P_meth,slim,26
130,0.6666666666666667,0.8201304753028891,0.9514526590909091,P_meth,slim,26
140,1.8319559228650135,0.47057940558390876,0.9516572180451127,P_meth,slim,26
0,2.8149920255183414,0.9507680253342258,0.10620010764872521,P_meth,slim,27
10,2.984848484848485,0.7238635003437823,0.475115959390863,P_meth,slim,27
20,0.8106060606060607,0.3008998875140607,0.7120229906542057,P_meth,slim,27
30,0.2803030303030303,0.16976252711195153,0.8291375675675676,P_meth,slim,27
40,0.25,0.19167810750871264,0.8730227272727273,P_meth,slim,27
50,1.946969696969697,0.878336742355591,0.9085052451361867,P_meth,slim,27
60,1.4166666666666665,0.49856997430801303,0.9294658021390374,P_meth,slim,27
70,1.6212121212121213,0.43757900215629414,0.937666401869159,P_meth,slim,27
80,0.6590909090909091,0.6509023306429671,0.9431501034482758,P_meth,slim,27
90,1.2272727272727273,0.6725797320249103,0.9461461234567902,P_meth,slim,27
100,1.0757575757575757,0.5268868587491216,0.9481603873239437,P_meth,slim,27
110,2.3106060606060606,0.7560137457044672,0.9496654032786886,P_meth,slim,27
120,1.3409090909090908,0.514376293426093,0.9507572203389829,P_meth,slim,27
130,2.9166666666666665,0.7848794108925571,0.951268987012987,P_meth,slim,27
140,0.6198347107438017,0.17433158219117778,0.9517199999999999,P_meth,slim,27
0,4.393939393939394,0.9543378995433792,0.1367816333938294,P_meth,slim,28
10,1.3484848484848484,1.0820369705175321,0.4455774550561798,P_meth,slim,28
20,2.0454545454545454,0.5416594475803144,0.7122888518518519,P_meth,slim,28
30,0.5757575757575757,0.36684901851797674,0.8189114999999999,P_meth,slim,28
40,1.5,0.5073355565822013,0.8859222727272728,P_meth,slim,28
50,1.7348484848484849,0.746042480095168,0.9130574323144106,P_meth,slim,28
60,0.5227272727272727,0.21839003289757633,0.92790115942029,P_meth,slim,28
70,1.0757575757575757,0.3173893607510058,0.93738,P_meth,slim,28
80,1.2272727272727273,0.9614070424054958,0.9411732901234569,P_meth,slim,28
90,0.4318181818181818,0.1783893744043018,0.9454919999999999,P_meth,slim,28
100,1.2878787878787878,0.49374023630882974,0.9480138235294118,P_meth,slim,28
110,0.7575757575757576,0.35994175487966495,0.94981738,P_meth,slim,28
120,0.18181818181818182,0.05844694943084331,0.95087025,P_meth,slim,28
130,1.8484848484848486,0.6508770511680543,0.9513454098360656,P_meth,slim,28
140,0.9917355371900827,0.6389845094664373,0.9516569444444445,P_meth,slim,28
0,3.6682615629984054,0.8774439675727229,0.061354889130434784,P_meth,slim,29
10,2.2045454545454546,0.7762069885302748,0.4370464261168384,P_meth,slim,29
20,1.1287878787878787,0.34796454540629485,0.6696528993288591,P_meth,slim,29
30,1.4090909090909092,0.8320342682083746,0.8247831451612903,P_meth,slim,29
40,1.3939393939393938,0.5054839850985452,0.8855007608695652,P_meth,slim,29
50,0.75,0.30409509138211077,0.9105981616161615,P_meth,slim,29
60,2.3409090909090913,0.6140921409214092,0.9281227216828478,P_meth,slim,29
70,0.46969696969696967,0.22039101631927613,0.9375311290322581,P_meth,slim,29
80,1.575757575757576,0.5444875003470473,0.9432520192307692,P_meth,slim,29
90,1.2575757575757576,0.5988619654872723,0.9466473795180722,P_meth,slim,29
100,0.9090909090909091,0.5012150668286756,0.9487506666666666,P_meth,slim,29
110,0.8257575757575757,1.5598100648294704,0.9499672568807338,P_meth,slim,29
120,1.0151515151515151,0.4638137193203272,0.9506295522388059,P_meth,slim,29
130,1.196969696969697,0.6953900732866982,0.9513563924050633,P_meth,slim,29
140,1.9696969696969695,1.118524751419192,0.9516363636363636,P_meth,slim,29
0,5.36682615629984,1.2892907420576754,0.11241170430906391,P_meth,slim,30
10,1.7348484848484849,0.7112905730703526,0.5071799956331877,P_meth,slim,30
20,0.8333333333333334,0.42166645370381123,0.6830464181818181,P_meth,slim,30
30,1.5984848484848484,0.414550650433126,0.8203060094786729,P_meth,slim,30
40,0.5454545454545455,0.5191513535953853,0.8793801527777778,P_meth,slim,30
50,0.9772727272727273,1.0618210842697329,0.9179753178294573,P_meth,slim,30
60,2.0984848484848486,0.6031672715275487,0.9268212996389893,P_meth,slim,30
70,1.2651515151515151,0.5726606743908143,0.9361835329341318,P_meth,slim,30
80,1.0,0.5150488622457123,0.9424452121212121,P_meth,slim,30
90,0.8636363636363636,0.4225280927270584,0.9460819649122808,P_meth,slim,30
100,0.4166666666666667,0.2720833489487689,0.9482064181818182,P_meth,slim,30
110,2.1742424242424243,1.0122266635316246,0.9498263066202091,P_meth,slim,30
120,1.659090909090909,0.5031153190156289,0.9505428310502284,P_meth,slim,30
130,0.5909090909090909,0.3722315818396107,0.9512374615384616,P_meth,slim,30
140,0.5371900826446281,1.1045788095953308,0.9517220512820515,P_meth,slim,30
0,0.13556618819776714,0.15836050302748023,0.10711564705882354,P_meth,slim,31
10,1.9848484848484849,0.7192203870613533,0.48416381679389314,P_meth,slim,31
20,1.840909090909091,0.5044760532722685,0.7020160164609053,P_meth,slim,31
30,0.5984848484848485,0.21692551558294054,0.8181330126582277,P_meth,slim,31
40,0.8787878787878787,0.37664190485561083,0.8730563793103449,P_meth,slim,31
50,1.5378787878787878,0.5887186427570206,0.9091131034482759,P_meth,slim,31
60,1.924242424242424,0.35867339625023265,0.9285966141732283,P_meth,slim,31
70,0.3787878787878788,0.30699959066721244,0.93762016,P_meth,slim,31
80,0.7575757575757576,0.31740993493096337,0.94251269,P_meth,slim,31
90,0.4015151515151515,0.570580367337618,0.9465394150943397,P_meth,slim,31
100,0.6515151515151516,0.24382385916981328,0.9486978023255813,P_meth,slim,31
110,1.2196969696969697,0.569664023674349,0.9500087577639752,P_meth,slim,31
120,0.23484848484848483,0.22000709700312912,0.9506882258064516,P_meth,slim,31
130,0.16666666666666669,0.05168050626964268,0.9513251818181817,P_meth,slim,31
140,0.34435261707988984,1.1813560535548078,0.9516863999999999,P_meth,slim,31
0,3.7719298245614032,0.9917087582197655,0.1295586109936575,P_meth,slim,32
10,4.204545454545454,1.1141290297070658,0.3760633441441441,P_meth,slim,32
20,2.1136363636363638,0.7587801169446059,0.7157334408602152,P_meth,slim,32
30,0.30303030303030304,0.20461309523809523,0.843627,P_meth,slim,32
40,0.25,0.3859307167537875,0.8779530303030304,P_meth,slim,32
50,0.6742424242424242,0.30206415649329943,0.9147407865168539,P_meth,slim,32
60,0.553030303030303,0.23694072055945153,0.9285495205479452,P_meth,slim,32
70,1.2878787878787878,0.4385296359265991,0.9370028470588235,P_meth,slim,32
80,1.371212121212121,0.3964187583790169,0.9428758950276241,P_meth,slim,32
90,1.9166666666666665,0.3828069298645801,0.9460900750988143,P_meth,slim,32
100,0.24242424242424243,0.09697370414755431,0.9485820625000001,P_meth,slim,32
110,1.4621212121212122,0.4631713675881854,0.9497337927461139,P_meth,slim,32
120,1.4696969696969697,0.40691928035924835,0.9505114432989692,P_meth,slim,32
130,0.5,0.46450126895433896,0.9513737878787879,P_meth,slim,32
140,1.6253443526170797,0.7173318350542052,0.9516543898305085,P_meth,slim,32
0,3.3413078149920254,0.7022310704364123,0.18054836276849642,P_meth,slim,33
10,0.9924242424242424,0.6255109496972283,0.4412233740458015,P_meth,slim,33
20,1.6666666666666667,0.5625443119873854,0.6717922727272727,P_meth,slim,33
30,0.4166666666666667,0.40827344198130716,0.8405538363636362,P_meth,slim,33
40,0.3409090909090909,0.5519215044971382,0.8753332222222222,P_meth,slim,33
50,1.575757575757576,0.824747222906441,0.9122294663461538,P_meth,slim,33
60,0.5909090909090909,0.2130803521537755,0.9285060384615383,P_meth,slim,33
70,1.1893939393939394,0.4632593572846439,0.9385758535031846,P_meth,slim,33
80,0.5909090909090909,0.24531223940339755,0.9429117948717948,P_meth,slim,33
90,0.9772727272727273,0.8182761802245119,0.9467544573643412,P_meth,slim,33
100,0.3181818181818182,0.16280695159840955,0.9478852857142857,P_meth,slim,33
110,0.8484848484848486,0.2825774488516468,0.9499639017857143,P_meth,slim,33
120,0.7651515151515151,0.35767175326765827,0.950816316831683,P_meth,slim,33
130,0.75,0.5884524978160434,0.9512834747474748,P_meth,slim,33
140,1.2258953168044076,2.8944515620380407,0.9516595505617979,P_meth,slim,33
0,3.4130781499202554,0.6315704748404751,0.13897628037383178,P_meth,slim,34
10,1.7803030303030303,0.4481234289676694,0.48631902553191486,P_meth,slim,34
20,0.7045454545454546,0.26129155846920094,0.698331505376344,P_meth,slim,34
30,2.0378787878787876,0.8193044633957249,0.8141482899628253,P_meth,slim,34
40,0.7196969696969697,0.2686778222955456,0.8851455894736842,P_meth,slim,34
50,0.8636363636363636,0.36753714938890353,0.9128919298245615,P_meth,slim,34
60,1.1363636363636365,0.3265850094181839,0.9266516533333331,P_meth,slim,34
70,1.378787878787879,0.6831715265573547,0.9376810494505494,P_meth,slim,34
80,0.4242424242424243,0.6547619047619047,0.9440635357142856,P_meth,slim,34
90,0.8636363636363636,1.0054522129570238,0.946142543859649,P_meth,slim,34
100,1.1363636363636365,0.5238012095046111,0.9485212733333335,P_meth,slim,34
110,0.5757575757575757,0.29631379962192816,0.9497217105263159,P_meth,slim,34
120,0.7272727272727273,0.3646471796819697,0.9509280208333334,P_meth,slim,34
130,0.7045454545454546,0.25577770925183557,0.9513286021505377,P_meth,slim,34
140,0.1652892561983471,1.2091603053435116,0.9516156666666665,P_meth,slim,34
0,0.8452950558213715,0.2869718237641876,0.1293179433962264,P_meth,slim,35
10,0.44696969696969696,0.19375255003035158,0.4582651525423729,P_meth,slim,35
20,0.8863636363636364,0.206871609403255,0.7368637094017095,P_meth,slim,35
30,0.5378787878787878,0.36346995128913157,0.7972291690140846,P_meth,slim,35
40,0.5909090909090909,0.37001365629267596,0.8874500256410257,P_meth,slim,35
50,1.3106060606060606,0.5122085798750208,0.9084569595375722,P_meth,slim,35
60,0.5454545454545455,0.20426497706747362,0.9281889444444444,P_meth,slim,35
70,0.196969696969697,0.2735053633190418,0.9376211153846155,P_meth,slim,35
80,0.6439393939393939,0.2356420089636372,0.9440377647058824,P_meth,slim,35
90,0.4166666666666667,0.16721175549311348,0.9467583636363637,P_meth,slim,35
100,1.2651515151515151,0.43012850781856704,0.9487698862275449,P_meth,slim,35
110,0.9696969696969697,0.7123403178886125,0.9500452031249998,P_meth,slim,35
120,0.5681818181818182,0.2426732294659228,0.9506875733333334,P_meth,slim,35
130,1.0454545454545454,0.5303828796040181,0.9513971304347826,P_meth,slim,35
140,1.9008264462809916,0.4932174478109009,0.9516716884057971,P_meth,slim,35
0,1.3556618819776716,0.7294714257850596,0.17290800588235294,P_meth,slim,36
10,3.5757575757575757,0.8923210889342104,0.3954081694915254,P_meth,slim,36
20,0.10606060606060608,0.12747464992757124,0.7193642142857143,P_meth,slim,36
30,1.8484848484848486,0.32231012943241477,0.8202203360655738,P_meth,slim,36
40,1.5303030303030303,0.486604861668735,0.8881811237623762,P_meth,slim,36
50,1.106060606060606,0.4287029910442183,0.9128022397260274,P_meth,slim,36
60,0.3787878787878788,0.40309282128330093,0.9299259599999999,P_meth,slim,36
70,0.6666666666666667,0.34538740120956946,0.9372235113636364,P_meth,slim,36
80,0.5681818181818182,0.21085902689624028,0.9437834666666667,P_meth,slim,36
90,0.6060606060606061,0.38955577361497434,0.9460131875,P_meth,slim,36
100,0.7196969696969697,0.2926979562493581,0.948203705263158,P_meth,slim,36
110,0.45454545454545453,0.29296441518088334,0.9496813333333332,P_meth,slim,36
120,0.9545454545454546,1.3293051359516617,0.9506394285714287,P_meth,slim,36
130,0.9545454545454546,0.5837878819788135,0.9512134444444443,P_meth,slim,36
140,2.2176308539944904,0.5606441128674842,0.9516612111801244,P_meth,slim,36
0,1.8660287081339715,1.5671391896417008,0.13101895726495727,P_meth,slim,37
10,1.9696969696969695,0.7921962209101026,0.36834353076923076,P_meth,slim,37
20,1.2424242424242424,1.1944646758922068,0.6453981219512195,P_meth,slim,37
30,1.0075757575757576,0.26677040058107204,0.802955939849624,P_meth,slim,37
40,1.0151515151515151,0.5983033189462719,0.8752647686567164,P_meth,slim,37
50,0.7272727272727273,0.26755852842809363,0.9146350937500002,P_meth,slim,37
60,0.787878787878788,0.31060791181341807,0.9238775192307693,P_meth,slim,37
70,0.8484848484848486,0.17760691975012013,0.9362721339285714,P_meth,slim,37
80,1.2424242424242424,0.5535921605130855,0.9423089024390243,P_meth,slim,37
90,1.2272727272727273,0.49263716618441183,0.9465997222222222,P_meth,slim,37
100,1.0378787878787878,0.629696433670165,0.9483373357664235,P_meth,slim,37
110,0.9090909090909091,0.8484926399691457,0.9497686583333335,P_meth,slim,37
120,0.48484848484848486,0.5012103089847643,0.950590171875,P_meth,slim,37
130,1.924242424242424,0.44542104298243984,0.9513820866141732,P_meth,slim,37
140,0.3581267217630854,0.6908768821966342,0.9516538461538462,P_meth,slim,37
0,2.488038277511962,0.8310799357478993,0.14143774038461537,P_meth,slim,38
10,0.8863636363636364,0.6215039397329513,0.414606735042735,P_meth,slim,38
20,0.8106060606060607,0.3755024778271689,0.6912091588785046,P_meth,slim,38
30,2.772727272727273,0.5352086462916926,0.8221670491803279,P_meth,slim,38
40,0.7045454545454546,0.510432345676959,0.8836590645161291,P_meth,slim,38
50,0.7424242424242424,0.34136970106400943,0.917689081632653,P_meth,slim,38
60,0.4772727272727273,0.4701226751088246,0.9270310476190476,P_meth,slim,38
70,0.856060606060606,0.4704412989175687,0.9386956460176991,P_meth,slim,38
80,0.15151515151515152,0.35872489605130853,0.94379715,P_meth,slim,38
90,0.9772727272727273,0.35346867604932125,0.9464912403100776,P_meth,slim,38
100,1.2121212121212122,0.5802389089750212,0.9483780625,P_meth,slim,38
110,0.5,0.29928476711989943,0.9498205606060607,P_meth,slim,38
120,0.7121212121212122,0.6337272847993298,0.9505598936170213,P_meth,slim,38
130,0.8409090909090909,0.3559766763848396,0.9513737117117117,P_meth,slim,38
140,0.9228650137741048,0.34126690127801446,0.9517319402985074,P_meth,slim,38
0,6.140350877192982,0.7846237218214015,0.18867002987012987,P_meth,slim,39
10,2.8181818181818183,0.5389174239431055,0.48547482258064517,P_meth,slim,39
20,0.946969696969697,0.5652272213429799,0.68177576,P_meth,slim,39
30,0.5833333333333334,0.3633867473239376,0.802862896103896,P_meth,slim,39
40,2.242424242424242,0.5684655271749567,0.8805151317567568,P_meth,slim,39
50,0.22727272727272727,0.2387411828540423,0.9106598666666668,P_meth,slim,39
60,1.1136363636363638,0.37819548285997184,0.926524217687075,P_meth,slim,39
70,0.4924242424242424,0.3630670277589709,0.9385300153846154,P_meth,slim,39
80,0.6742424242424242,0.6174448672398931,0.943039775280899,P_meth,slim,39
90,0.946969696969697,0.31598541487927445,0.94605764,P_meth,slim,39
100,0.46969696969696967,0.4861300861300861,0.9487319838709677,P_meth,slim,39
110,0.7651515151515151,0.8582464271919659,0.9496956435643565,P_meth,slim,39
120,0.5984848484848485,0.8553710873416891,0.9506299493670887,P_meth,slim,39
130,1.174242424242424,0.250019551871114,0.9512558838709675,P_meth,slim,39
140,0.5234159779614325,0.35062701841211263,0.951703947368421,P_meth,slim,39
0,3.330143540669857,0.6554797716261253,0.13897314458107282,P_meth,oracle,-1
10,1.7621212121212122,0.38366877745183425,0.42989828854877443,P_meth,oracle,-1
20,1.275,0.2819865121935119,0.6845492786098667,P_meth,oracle,-1
30,1.0662878787878787,0.24141567430020025,0.8224483398840923,P_meth,oracle,-1
40,1.031439393939394,0.23284993285796193,0.8823539997075348,P_meth,oracle,-1
50,0.956060606060606,0.2184773324455954,0.9123442253957116,P_meth,oracle,-1
60,0.9378787878787879,0.21639281365737176,0.9281696082624112,P_meth,oracle,-1
70,0.9249999999999999,0.20431512318111392,0.9373397291857883,P_meth,oracle,-1
80,0.9723484848484849,0.22441771710997135,0.9428182675463616,P_meth,oracle,-1
90,0.9321969696969696,0.21796076346626242,0.9462141434213137,P_meth,oracle,-1
100,0.965530303030303,0.22367938846235486,0.948387016497567,P_meth,oracle,-1
110,0.9367424242424243,0.21596309407217312,0.9497917229580128,P_meth,oracle,-1
120,0.9136363636363637,0.20499816171666407,0.9507263280685538,P_meth,oracle,-1
130,0.8772727272727272,0.21100634792200557,0.951340852720589,P_meth,oracle,-1
140,0.9882920110192838,0.22762304556558655,0.9516818573966278,P_meth,oracle,-1
0,1.0925039872408293,0.5054757073138009,0.11686648175182482,P_meth_fb,slim,0
10,3.5151515151515147,0.9608524176620638,0.3179199849137931,P_meth_fb,slim,0
20,1.4318181818181819,0.5967164807408966,0.5257842751322751,P_meth_fb,slim,0
30,1.5075757575757576,0.33535386548056145,0.7653431557788943,P_meth_fb,slim,0
40,0.6818181818181818,0.46389578745138466,0.8643032777777778,P_meth_fb,slim,0
50,0.9393939393939393,0.4177065948031665,0.8997070161290323,P_meth_fb,slim,0
60,0.393939393939394,0.1018234466880678,0.9061125,P_meth_fb,slim,0
70,1.6136363636363635,0.7280391933462459,0.9205666197183099,P_meth_fb,slim,0
80,0.07575757575757576,0.12284554964076982,0.9303817999999999,P_meth_fb,slim,0
90,1.2878787878787878,0.4955217552599502,0.9226882705882353,P_meth_fb,slim,0
100,1.4696969696969697,1.0368366925524937,0.9304276134020617,P_meth_fb,slim,0
110,0.8863636363636364,0.8575616906914245,0.9195376068376069,P_meth_fb,slim,0
120,0.7121212121212122,0.5028489913030791,0.9239327446808511,P_meth_fb,slim,0
130,1.7727272727272727,0.5344980342211639,0.9426769999999999,P_meth_fb,slim,0
140,0.15151515151515152,0.19293117193728407,0.9490589090909091,P_meth_fb,slim,0
0,1.858054226475279,1.186061578330351,0.13021158369098712,P_meth_fb,slim,1
10,0.3409090909090909,0.20794387615786933,0.2611373777777778,P_meth_fb,slim,1
20,1.1515151515151514,0.4805495279290672,0.6847758552631579,P_meth_fb,slim,1
30,0.75,0.9310477493267219,0.8310642323232322,P_meth_fb,slim,1
40,0.6590909090909091,0.3582212462256382,0.8460392068965518,P_meth_fb,slim,1
50,0.6590909090909091,0.39371104543927377,0.9046765402298852,P_meth_fb,slim,1
60,0.3409090909090909,0.19930745691737797,0.9159818000000002,P_meth_fb,slim,1
70,0.9015151515151516,0.5519907228449941,0.9302506722689076,P_meth_fb,slim,1
80,0.21969696969696967,0.08212125112627108,0.9414491724137931,P_meth_fb,slim,1
90,0.9545454545454546,0.23679422308658254,0.9356679365079364,P_meth_fb,slim,1
100,1.1666666666666667,0.9168733931712597,0.9236409935064935,P_meth_fb,slim,1
110,1.8333333333333333,0.41781877254617794,0.930097632231405,P_meth_fb,slim,1
120,1.4772727272727273,1.1928484702436672,0.9191302564102563,P_meth_fb,slim,1
130,1.3106060606060606,0.37050256996002284,0.9354040867052023,P_meth_fb,slim,1
140,1.3085399449035813,0.5593070658233946,0.9492704210526316,P_meth_fb,slim,1
0,0.342902711323764,0.2085139523606601,0.08104595348837208,P_meth_fb,slim,2
10,0.5378787878787878,0.3835450497642745,0.4238721267605634,P_meth_fb,slim,2
20,2.083333333333333,1.4091067893327123,0.6474846909090908,P_meth_fb,slim,2
30,0.7727272727272727,0.3256909806046474,0.7928115784313726,P_meth_fb,slim,2
40,0.9015151515151516,0.69453410326928,0.8663186890756303,P_meth_fb,slim,2
50,1.606060606060606,0.716516965556796,0.8785382594339621,P_meth_fb,slim,2
60,1.4015151515151516,0.36107061429319176,0.9033218108108108,P_meth_fb,slim,2
70,2.1287878787878785,0.664609695001989,0.8997293274021351,P_meth_fb,slim,2
80,1.2727272727272727,0.5376756004480631,0.9132155714285713,P_meth_fb,slim,2
90,0.8939393939393939,0.4927398690329316,0.9365318050847458,P_meth_fb,slim,2
100,1.6136363636363635,1.0122990955700213,0.927327455399061,P_meth_fb,slim,2
110,0.28787878787878785,0.3534833899451734,0.9424373157894737,P_meth_fb,slim,2
120,0.9015151515151516,0.48811410459587956,0.9391984873949581,P_meth_fb,slim,2
130,0.23484848484848483,0.21015438027055067,0.9310032258064517,P_meth_fb,slim,2
140,1.556473829201102,0.6204349200539075,0.9488716371681416,P_meth_fb,slim,2
0,5.940988835725678,1.103201010538408,0.08244646711409397,P_meth_fb,slim,3
10,3.0,0.7521194366586282,0.24148025757575758,P_meth_fb,slim,3
20,4.174242424242424,0.9961077130828502,0.4697130925589837,P_meth_fb,slim,3
30,1.9621212121212124,0.5509306260575296,0.6679570656370657,P_meth_fb,slim,3
40,1.5227272727272727,0.5404898877136943,0.8117216268656716,P_meth_fb,slim,3
50,0.9772727272727273,0.5098478361109282,0.8707805193798449,P_meth_fb,slim,3
60,0.5681818181818182,0.40597063889116713,0.8929894666666667,P_meth_fb,slim,3
70,1.7575757575757573,0.6430803346436851,0.920210172413793,P_meth_fb,slim,3
80,0.7348484848484849,0.3366585508221894,0.9333624226804125,P_meth_fb,slim,3
90,0.7727272727272727,0.48180699092496637,0.9379156862745097,P_meth_fb,slim,3
100,1.0681818181818181,0.5160195628306218,0.943646695035461,P_meth_fb,slim,3
110,0.8939393939393939,0.18642818158315538,0.9379795,P_meth_fb,slim,3
120,0.9166666666666666,0.35134029326751753,0.9299567768595041,P_meth_fb,slim,3
130,0.9848484848484848,0.39493307311325104,0.9369319230769231,P_meth_fb,slim,3
140,1.7079889807162536,0.9184051351684976,0.9507313387096774,P_meth_fb,slim,3
0,2.8309409888357258,0.9239541926935453,0.06757645183098591,P_meth_fb,slim,4
10,2.462121212121212,0.7495754153241869,0.3639309815384616,P_meth_fb,slim,4
20,0.9242424242424243,0.6719126813922245,0.6929500081967211,P_meth_fb,slim,4
30,0.803030303030303,0.6754525706010137,0.8037729716981131,P_meth_fb,slim,4
40,0.8863636363636364,0.4238153258471366,0.8629986324786325,P_meth_fb,slim,4
50,0.7727272727272727,0.2840398465881042,0.886775725490196,P_meth_fb,slim,4
60,1.196969696969697,0.34799787757335887,0.9053940759493672,P_meth_fb,slim,4
70,1.1893939393939394,0.43985805005603285,0.9128335031847135,P_meth_fb,slim,4
80,0.7424242424242424,0.19707915769074905,0.9288845408163264,P_meth_fb,slim,4
90,0.9696969696969697,0.5047891632856707,0.9299456484375002,P_meth_fb,slim,4
100,1.7727272727272727,0.48587581286041914,0.9276997222222222,P_meth_fb,slim,4
110,1.4696969696969697,0.6055103141049285,0.9264031958762887,P_meth_fb,slim,4
120,1.8106060606060606,0.5840902610891614,0.9328434811715481,P_meth_fb,slim,4
130,0.46212121212121215,0.1918394381096239,0.9354826229508195,P_meth_fb,slim,4
140,1.143250688705234,1.298535059024321,0.9475230240963856,P_meth_fb,slim,4
0,2.5279106858054226,0.8023962200472494,0.09899873438485804,P_meth_fb,slim,5
10,1.5606060606060606,0.6999371930438723,0.3943116650485437,P_meth_fb,slim,5
20,0.4015151515151515,0.3603807796917498,0.646385679245283,P_meth_fb,slim,5
30,1.5151515151515151,1.1859412060662688,0.7836723500000001,P_meth_fb,slim,5
40,0.7954545454545454,0.3448498932607474,0.8198505904761904,P_meth_fb,slim,5
50,1.121212121212121,0.38844217508529977,0.881661527027027,P_meth_fb,slim,5
60,1.3333333333333335,0.33092885713308945,0.9180294943181817,P_meth_fb,slim,5
70,0.4166666666666667,0.29459264248788763,0.9170438000000001,P_meth_fb,slim,5
80,0.21969696969696967,0.27536398687920816,0.939081275862069,P_meth_fb,slim,5
90,0.4242424242424243,0.2556865349493607,0.9179240714285715,P_meth_fb,slim,5
100,1.4242424242424243,0.42247047167016794,0.9430668085106383,P_meth_fb,slim,5
110,1.0454545454545454,0.5761457443780246,0.9223817391304348,P_meth_fb,slim,5
120,0.6742424242424242,0.5957524493397431,0.9309839662921349,P_meth_fb,slim,5
130,1.4545454545454546,0.7238164869310912,0.9384592187499998,P_meth_fb,slim,5
140,0.6198347107438017,0.25754422476586897,0.9516384444444443,P_meth_fb,slim,5
0,0.3269537480063796,0.22186147186147187,0.2205288536585366,P_meth_fb,slim,6
10,1.0303030303030303,0.7602527399928853,0.5147161102941177,P_meth_fb,slim,6
20,0.15151515151515152,0.1153160708669672,0.69444935,P_meth_fb,slim,6
30,0.3409090909090909,0.1215340295282679,0.8170559111111111,P_meth_fb,slim,6
40,0.6969696969696969,0.4081440603343393,0.8308271304347825,P_meth_fb,slim,6
50,1.712121212121212,0.4479992311088552,0.8816925619469028,P_meth_fb,slim,6
60,0.9924242424242424,0.5553592877835087,0.8918276335877863,P_meth_fb,slim,6
70,0.8257575757575757,0.597771444240405,0.9214544036697248,P_meth_fb,slim,6
80,1.4318181818181819,0.3925344812937211,0.9346362433862434,P_meth_fb,slim,6
90,0.6818181818181818,0.2769811848639575,0.9356980333333333,P_meth_fb,slim,6
100,1.25,0.5356721234062648,0.9422154181818183,P_meth_fb,slim,6
110,0.43939393939393934,1.5117289313640316,0.9411823275862068,P_meth_fb,slim,6
120,1.0075757575757576,0.4705592246333304,0.9319222406015037,P_meth_fb,slim,6
130,1.7500000000000002,0.48310893241354835,0.9484088051948052,P_meth_fb,slim,6
140,0.31680440771349866,0.2302756329545972,0.9078665217391304,P_meth_fb,slim,6
0,5.653907496012759,1.0220735026232215,0.11344977263751763,P_meth_fb,slim,7
10,0.8106060606060607,0.2768738581207706,0.28697151401869164,P_meth_fb,slim,7
20,1.946969696969697,0.519489269952498,0.4815853151750973,P_meth_fb,slim,7
30,1.7575757575757573,0.6939559841920161,0.7212962068965517,P_meth_fb,slim,7
40,0.6515151515151516,0.3044051871158735,0.8602245697674419,P_meth_fb,slim,7
50,0.8257575757575757,0.3972083880870611,0.9003724128440366,P_meth_fb,slim,7
60,0.5,0.24832539976626858,0.9250250151515153,P_meth_fb,slim,7
70,1.4393939393939394,0.32479557822160177,0.9322468263157894,P_meth_fb,slim,7
80,0.7803030303030303,0.5944594074644094,0.9265196601941746,P_meth_fb,slim,7
90,0.9924242424242424,0.3587373242826083,0.9376875877862595,P_meth_fb,slim,7
100,0.44696969696969696,0.3418188202247191,0.9461268305084746,P_meth_fb,slim,7
110,1.378787878787879,0.4924262610941439,0.9410517802197803,P_meth_fb,slim,7
120,0.7348484848484849,0.18578277170948007,0.9414074123711339,P_meth_fb,slim,7
130,1.4393939393939394,0.6401486533395953,0.9438419999999998,P_meth_fb,slim,7
140,0.3581267217630854,0.29497713755285865,0.9505715384615384,P_meth_fb,slim,7
0,1.427432216905901,0.3866862617382225,0.10424531173184357,P_meth_fb,slim,8
10,0.6060606060606061,0.23543785644533427,0.4178766749999999,P_meth_fb,slim,8
20,0.46969696969696967,0.31184508341017686,0.6417313064516129,P_meth_fb,slim,8
30,0.14393939393939392,0.16810327493062724,0.7666592631578947,P_meth_fb,slim,8
40,1.3257575757575757,0.2631411074253636,0.8631702742857144,P_meth_fb,slim,8
50,0.5075757575757576,0.24129915201519173,0.8864184626865672,P_meth_fb,slim,8
60,0.5303030303030304,0.2790883115157154,0.9274527857142857,P_meth_fb,slim,8
70,0.8409090909090909,0.30222896959145873,0.9263873513513514,P_meth_fb,slim,8
80,0.33333333333333337,0.25722789115646255,0.9303926818181818,P_meth_fb,slim,8
90,0.44696969696969696,1.335162009257672,0.9345545762711865,P_meth_fb,slim,8
100,1.0,0.4691488330515137,0.9322490227272726,P_meth_fb,slim,8
110,1.5454545454545454,0.5055439365892306,0.9239246078431372,P_meth_fb,slim,8
120,0.5984848484848485,0.43409123075770323,0.9431836075949367,P_meth_fb,slim,8
130,1.553030303030303,0.7266419261113112,0.9382409121951218,P_meth_fb,slim,8
140,0.24793388429752067,0.14364827936446517,0.9468393333333334,P_meth_fb,slim,8
0,2.8229665071770333,0.6355977159397265,0.15049731920903953,P_meth_fb,slim,9
10,1.0227272727272727,0.7019893637975183,0.3872213481481481,P_meth_fb,slim,9
20,1.1136363636363638,0.6388358464476196,0.5758195238095238,P_meth_fb,slim,9
30,1.5378787878787878,0.36820943801203193,0.7745754630541871,P_meth_fb,slim,9
40,0.6742424242424242,0.2747967327538618,0.8505869438202247,P_meth_fb,slim,9
50,0.20454545454545456,0.11633676293936387,0.8720461481481482,P_meth_fb,slim,9
60,2.007575757575758,0.6030556197267113,0.9234834867924527,P_meth_fb,slim,9
70,0.25,0.302819642956454,0.929457909090909,P_meth_fb,slim,9
80,0.6818181818181818,0.3262678582217852,0.9364810666666668,P_meth_fb,slim,9
90,0.9166666666666666,0.4189223215409795,0.9432079008264463,P_meth_fb,slim,9
100,1.0378787878787878,0.49676405630212395,0.936949197080292,P_meth_fb,slim,9
110,0.553030303030303,0.28999813409253694,0.9396967808219178,P_meth_fb,slim,9
120,0.06060606060606061,0.0782767260166338,0.93222975,P_meth_fb,slim,9
130,1.1818181818181819,0.8364475351769408,0.9466029487179486,P_meth_fb,slim,9
140,3.0853994490358128,0.9118383559278128,0.9467313080357143,P_meth_fb,slim,9
0,2.974481658692185,0.7963176213334714,0.22014466246648795,P_meth_fb,slim,10
10,2.6136363636363633,0.6646118281641302,0.4158643826086956,P_meth_fb,slim,10
20,0.0984848484848485,0.10689990281827018,0.6862201538461539,P_meth_fb,slim,10
30,1.4545454545454546,0.4363981995819228,0.7941773958333332,P_meth_fb,slim,10
40,0.5378787878787878,0.18845009249577738,0.8652996338028169,P_meth_fb,slim,10
50,0.7045454545454546,0.4087884862571678,0.8855178279569893,P_meth_fb,slim,10
60,0.6969696969696969,0.24625966767922977,0.9065394130434783,P_meth_fb,slim,10
70,1.143939393939394,0.36817703234386834,0.897372953642384,P_meth_fb,slim,10
80,1.553030303030303,0.424439961979214,0.9282715804878048,P_meth_fb,slim,10
90,1.2727272727272727,0.37231166999647425,0.8976801547619049,P_meth_fb,slim,10
100,1.2954545454545454,0.5161933598305883,0.9130672105263158,P_meth_fb,slim,10
110,1.7954545454545456,0.595840316928234,0.9297066666666667,P_meth_fb,slim,10
120,0.9166666666666666,0.3937481510699143,0.9363429669421487,P_meth_fb,slim,10
130,1.0303030303030303,0.29468541937517234,0.9427733749999999,P_meth_fb,slim,10
140,0.15151515151515152,0.22603443444690055,0.9438127272727272,P_meth_fb,slim,10
0,6.754385964912281,0.9087052145459156,0.08247943778040141,P_meth_fb,slim,11
10,1.9393939393939394,0.7523980014428086,0.33226230468749995,P_meth_fb,slim,11
20,0.7803030303030303,0.4113518092702408,0.5699866019417476,P_meth_fb,slim,11
30,0.8787878787878787,0.32745096361941095,0.8017945086206896,P_meth_fb,slim,11
40,1.893939393939394,1.0112586799703365,0.8593743199999999,P_meth_fb,slim,11
50,0.9545454545454546,0.40495529714252326,0.8910775396825398,P_meth_fb,slim,11
60,0.75,0.4199849592163366,0.9232700101010101,P_meth_fb,slim,11
70,1.446969696969697,0.5759504370114175,0.9247674031413612,P_meth_fb,slim,11
80,1.659090909090909,0.34214214024655826,0.9342126027397262,P_meth_fb,slim,11
90,0.1893939393939394,0.1858547629506978,0.9205168,P_meth_fb,slim,11
100,0.09090909090909091,0.09188894432133284,0.9480958333333334,P_meth_fb,slim,11
110,1.840909090909091,0.4841879632285235,0.9307358559670782,P_meth_fb,slim,11
120,0.7424242424242424,1.2163381976831655,0.9297742346938775,P_meth_fb,slim,11
130,0.34848484848484845,0.20298052429949656,0.8635422173913044,P_meth_fb,slim,11
140,0.6611570247933884,1.4111987170920752,0.9444593750000001,P_meth_fb,slim,11
0,6.6028708133971294,0.9113224915618288,0.07577594649758454,P_meth_fb,slim,12
10,3.234848484848485,0.8740230740602902,0.3054994800936768,P_meth_fb,slim,12
20,0.33333333333333337,0.20665509094531895,0.5662112045454545,P_meth_fb,slim,12
30,1.0606060606060608,0.3055424204647287,0.7301384428571428,P_meth_fb,slim,12
40,1.0378787878787878,0.4261596614099748,0.8408382335766422,P_meth_fb,slim,12
50,0.6969696969696969,0.35048225943306377,0.8900297826086956,P_meth_fb,slim,12
60,0.46969696969696967,0.8863089952132384,0.9208872258064515,P_meth_fb,slim,12
70,0.6742424242424242,1.5487238979118332,0.9226255056179775,P_meth_fb,slim,12
80,1.7272727272727273,0.41069644816349266,0.9181110219298246,P_meth_fb,slim,12
90,0.7727272727272727,0.7867794867000141,0.9390941764705883,P_meth_fb,slim,12
100,1.9621212121212124,0.7276086049699065,0.9350194826254826,P_meth_fb,slim,12
110,0.4015151515151515,0.21261335732172815,0.9418442075471698,P_meth_fb,slim,12
120,0.15151515151515152,0.6152125279642057,0.9359780000000001,P_meth_fb,slim,12
130,1.6515151515151514,0.6322755856722871,0.9456957522935778,P_meth_fb,slim,12
140,0.3581267217630854,0.13826555688950842,0.9494288076923076,P_meth_fb,slim,12
0,10.940988835725678,1.3145310907681451,0.08155729664723031,P_meth_fb,slim,13
10,1.0303030303030303,0.6379848322233516,0.21724184632352941,P_meth_fb,slim,13
20,0.962121212121212,0.35345612792227504,0.6382915354330709,P_meth_fb,slim,13
30,1.2196969696969697,0.49384896382809634,0.8026832298136646,P_meth_fb,slim,13
40,0.36363636363636365,0.13130027893020113,0.8742646458333335,P_meth_fb,slim,13
50,0.6060606060606061,0.5721778519489809,0.9036006375,P_meth_fb,slim,13
60,0.6969696969696969,0.40997110216868776,0.9060325543478261,P_meth_fb,slim,13
70,0.9848484848484848,1.1526370939573873,0.9263374153846153,P_meth_fb,slim,13
80,0.946969696969697,0.4279445176416885,0.930899608,P_meth_fb,slim,13
90,0.25757575757575757,0.10765326437895485,0.9356553529411764,P_meth_fb,slim,13
100,1.1818181818181819,0.31229052482157643,0.9437543717948719,P_meth_fb,slim,13
110,0.33333333333333337,0.1343499019208705,0.9374311136363637,P_meth_fb,slim,13
120,1.2575757575757576,0.4335918948868133,0.9406347831325301,P_meth_fb,slim,13
130,1.1363636363636365,0.30401763916484204,0.9430001333333333,P_meth_fb,slim,13
140,1.143250688705234,0.7303220989761092,0.9513159156626506,P_meth_fb,slim,13
0,6.874003189792663,0.9211086591532056,0.08853573201856149,P_meth_fb,slim,14
10,2.3409090909090913,0.7952148296608815,0.22717854368932042,P_meth_fb,slim,14
20,2.1363636363636362,1.4973933191735855,0.5379518156028369,P_meth_fb,slim,14
30,1.4166666666666665,0.438637954870971,0.7697527647058823,P_meth_fb,slim,14
40,0.6060606060606061,0.3558239210717848,0.8585191250000002,P_meth_fb,slim,14
50,0.4772727272727273,0.15367841368987117,0.8937943174603175,P_meth_fb,slim,14
60,0.9696969696969697,0.7724238822346164,0.909051015625,P_meth_fb,slim,14
70,1.2878787878787878,0.34876564316487724,0.9258860352941177,P_meth_fb,slim,14
80,0.9318181818181818,0.7810876342223761,0.9330384796747968,P_meth_fb,slim,14
90,0.75,0.2965161395722435,0.9288249090909092,P_meth_fb,slim,14
100,1.4015151515151516,0.6459189665296536,0.9405346864864864,P_meth_fb,slim,14
110,0.15151515151515152,0.097395410610197,0.9317615,P_meth_fb,slim,14
120,1.3560606060606062,0.3754278141991414,0.9352492737430167,P_meth_fb,slim,14
130,1.1136363636363638,0.5463053160879088,0.927566,P_meth_fb,slim,14
140,0.5096418732782368,0.22869237036551449,0.9312740540540542,P_meth_fb,slim,14
0,2.7910685805422646,0.9044812936823351,0.12059607428571427,P_meth_fb,slim,15
10,3.446969696969697,0.5599185573007561,0.36967470549450554,P_meth_fb,slim,15
20,1.090909090909091,0.8250143231653326,0.581862638888889,P_meth_fb,slim,15
30,0.6439393939393939,0.714522250808773,0.6985215764705883,P_meth_fb,slim,15
40,0.6212121212121212,0.2129627079160584,0.8704500731707316,P_meth_fb,slim,15
50,0.4015151515151515,0.1975389515414024,0.9035747169811321,P_meth_fb,slim,15
60,0.27272727272727276,0.6604402935290192,0.9097519166666667,P_meth_fb,slim,15
70,0.6666666666666667,0.3754484631048191,0.9340932272727273,P_meth_fb,slim,15
80,1.3333333333333335,0.502148483093124,0.9243295681818182,P_meth_fb,slim,15
90,0.28787878787878785,0.3066427025639145,0.9142600526315791,P_meth_fb,slim,15
100,1.9318181818181817,0.6112709205020921,0.9269735686274511,P_meth_fb,slim,15
110,1.3181818181818181,0.8984087744277378,0.9150569137931034,P_meth_fb,slim,15
120,2.3863636363636367,0.681130171543895,0.9340722317460317,P_meth_fb,slim,15
130,0.6515151515151516,0.23024407656954174,0.9366567441860465,P_meth_fb,slim,15
140,1.184573002754821,0.26668295456147184,0.9351402093023257,P_meth_fb,slim,15
0,10.869218500797448,1.726167289976072,0.053670936757153336,P_meth_fb,slim,16
10,2.015151515151515,0.6747714056200201,0.3248714060150376,P_meth_fb,slim,16
20,2.2196969696969697,0.589400663220521,0.4661344470989761,P_meth_fb,slim,16
30,0.803030303030303,0.26770237434710237,0.7108158018867924,P_meth_fb,slim,16
40,1.1818181818181819,0.6638297872340425,0.8441553141025642,P_meth_fb,slim,16
50,1.0303030303030303,0.5312562885450821,0.8870662941176469,P_meth_fb,slim,16
60,0.5378787878787878,0.2474403180922911,0.9158330985915492,P_meth_fb,slim,16
70,1.143939393939394,0.44758222066531034,0.9128636622516558,P_meth_fb,slim,16
80,0.6818181818181818,0.28540951941649606,0.9195674666666667,P_meth_fb,slim,16
90,0.8787878787878787,0.37619218428306794,0.9033876465517242,P_meth_fb,slim,16
100,0.8484848484848486,0.6188570567453076,0.9320033035714285,P_meth_fb,slim,16
110,0.6969696969696969,0.6852035749751738,0.9472555,P_meth_fb,slim,16
120,0.46212121212121215,0.42736131456595117,0.9489659016393442,P_meth_fb,slim,16
130,0.25,0.20771541652758574,0.9486178484848485,P_meth_fb,slim,16
140,0.027548209366391182,0.02468304723437675,0.9516745,P_meth_fb,slim,16
0,7.583732057416268,1.0138117843546128,0.07592150157728708,P_meth_fb,slim,17
10,2.25,0.8441169757857884,0.272997835016835,P_meth_fb,slim,17
20,1.5378787878787878,0.7977944241327156,0.5946827733990148,P_meth_fb,slim,17
30,0.34848484848484845,0.662347012239021,0.7474255000000001,P_meth_fb,slim,17
40,0.9848484848484848,0.4861547876047528,0.8421568384615385,P_meth_fb,slim,17
50,0.9166666666666666,0.5175229405360569,0.890988438016529,P_meth_fb,slim,17
60,0.46969696969696967,0.22221498159069436,0.8856775322580646,P_meth_fb,slim,17
70,1.0151515151515151,0.5914136685836565,0.9154615522388061,P_meth_fb,slim,17
80,0.5227272727272727,0.3969215482903785,0.9328933768115941,P_meth_fb,slim,17
90,1.5378787878787878,0.39922050988665214,0.9284551576354679,P_meth_fb,slim,17
100,1.4772727272727273,0.5217793201868188,0.9358529641025641,P_meth_fb,slim,17
110,1.3636363636363635,0.6178746775401515,0.9374055111111109,P_meth_fb,slim,17
120,0.6742424242424242,0.4169357987010682,0.9395648314606742,P_meth_fb,slim,17
130,0.5681818181818182,0.14572238560792727,0.95106552,P_meth_fb,slim,17
140,0.7988980716253443,0.841041414918159,0.9497025,P_meth_fb,slim,17
0,5.151515151515151,0.8616153165278334,0.0796286346749226,P_meth_fb,slim,18
10,1.9166666666666665,0.7225599861528809,0.35428956916996046,P_meth_fb,slim,18
20,1.0757575757575757,0.4195146843568292,0.7352736830985916,P_meth_fb,slim,18
30,0.46969696969696967,0.2749741287782064,0.820021370967742,P_meth_fb,slim,18
40,0.9545454545454546,0.42140681770962657,0.878837365079365,P_meth_fb,slim,18
50,1.2272727272727273,0.24632652779121686,0.8940732098765433,P_meth_fb,slim,18
60,0.6590909090909091,0.32411379543915103,0.9179295172413792,P_meth_fb,slim,18
70,1.2803030303030303,0.34411056950700314,0.9133374437869822,P_meth_fb,slim,18
80,0.5984848484848485,0.3410339594997645,0.927397506329114,P_meth_fb,slim,18
90,1.2348484848484849,0.7366828045715694,0.9388530981595091,P_meth_fb,slim,18
100,0.30303030303030304,0.21134032997910612,0.9411101000000002,P_meth_fb,slim,18
110,0.9924242424242424,0.6807391602169925,0.9434616030534351,P_meth_fb,slim,18
120,0.6742424242424242,1.6354372581228946,0.9422897977528092,P_meth_fb,slim,18
130,1.2878787878787878,0.7324237874534892,0.9465294235294117,P_meth_fb,slim,18
140,0.8126721763085398,0.8831133487549326,0.9512852711864408,P_meth_fb,slim,18
0,4.0111642743221685,0.9254391222294391,0.12645757176938371,P_meth_fb,slim,19
10,1.1515151515151514,0.820707483883635,0.3361555460526316,P_meth_fb,slim,19
20,1.0681818181818181,0.5614073189271365,0.5259392340425532,P_meth_fb,slim,19
30,1.7575757575757573,0.6867722779382478,0.7573959698275863,P_meth_fb,slim,19
40,0.8939393939393939,0.7498266964492031,0.8749661016949152,P_meth_fb,slim,19
50,0.7954545454545454,0.5535585909417686,0.8808198095238094,P_meth_fb,slim,19
60,0.5984848484848485,0.22325079533631065,0.8966294810126583,P_meth_fb,slim,19
70,0.14393939393939392,0.06670922438557293,0.9249609999999999,P_meth_fb,slim,19
80,0.5833333333333334,0.984540276647681,0.9383685714285714,P_meth_fb,slim,19
90,0.22727272727272727,0.12837969266679633,0.9378003333333333,P_meth_fb,slim,19
100,0.12878787878787878,0.09481316229782488,0.9428484705882354,P_meth_fb,slim,19
110,1.2575757575757576,0.3571999126236066,0.9449920963855423,P_meth_fb,slim,19
120,0.46969696969696967,0.4545050648658255,0.9298572580645161,P_meth_fb,slim,19
130,0.9696969696969697,0.3472684671352818,0.9484937499999999,P_meth_fb,slim,19
140,2.369146005509642,0.6896845021476697,0.9463431395348837,P_meth_fb,slim,19
0,2.017543859649123,0.5289835330194955,0.11275261660079053,P_meth_fb,slim,20
10,2.356060606060606,0.46861515841959384,0.3908939678456592,P_meth_fb,slim,20
20,0.787878787878788,0.9998834634657965,0.6381677115384616,P_meth_fb,slim,20
30,1.5833333333333335,0.4612421504570959,0.7481158851674639,P_meth_fb,slim,20
40,0.196969696969697,0.05833639293436136,0.8842543461538462,P_meth_fb,slim,20
50,0.8333333333333334,0.26283873069891206,0.9085558272727272,P_meth_fb,slim,20
60,0.8333333333333334,0.3879552194939482,0.9022327,P_meth_fb,slim,20
70,0.7196969696969697,0.2757316563688736,0.9081690210526316,P_meth_fb,slim,20
80,0.44696969696969696,0.17381057593165417,0.933138186440678,P_meth_fb,slim,20
90,0.9318181818181818,0.4431924267487757,0.9374460162601627,P_meth_fb,slim,20
100,0.5,0.36828800189385935,0.9383326212121211,P_meth_fb,slim,20
110,0.5151515151515151,0.18687852895617849,0.9448499852941176,P_meth_fb,slim,20
120,1.053030303030303,0.33141985990339917,0.9402026258992806,P_meth_fb,slim,20
130,0.5,0.23601696981518508,0.9380144242424242,P_meth_fb,slim,20
140,1.3085399449035813,0.3167242528944656,0.9409472736842105,P_meth_fb,slim,20
0,0.8612440191387559,0.5293881734325565,0.06516656296296296,P_meth_fb,slim,21
10,3.7803030303030303,1.0732441733145628,0.349328877755511,P_meth_fb,slim,21
20,1.3636363636363635,0.3474862818967837,0.5636277222222222,P_meth_fb,slim,21
30,1.3181818181818181,0.5099285993392775,0.7504483333333332,P_meth_fb,slim,21
40,0.9848484848484848,0.5031992446146538,0.8232965153846155,P_meth_fb,slim,21
50,2.4015151515151514,1.5362361406858067,0.8862656813880128,P_meth_fb,slim,21
60,0.46969696969696967,0.1552670122103921,0.9012483387096775,P_meth_fb,slim,21
70,0.7803030303030303,0.25565233088135747,0.9178909514563106,P_meth_fb,slim,21
80,0.0984848484848485,0.15011809990377045,0.9383206923076923,P_meth_fb,slim,21
90,0.8181818181818182,0.3128058172754122,0.9421455092592593,P_meth_fb,slim,21
100,1.106060606060606,0.3035467337854823,0.9430093835616439,P_meth_fb,slim,21
110,0.22727272727272727,0.14029319861407324,0.9415503,P_meth_fb,slim,21
120,0.6742424242424242,0.25007876161201603,0.944571573033708,P_meth_fb,slim,21
130,0.4242424242424243,0.26928373150313656,0.9507700535714286,P_meth_fb,slim,21
140,0.8677685950413223,0.3234916559691913,0.9516948412698413,P_meth_fb,slim,21
0,3.006379585326954,0.6847810830670663,0.08249792652519894,P_meth_fb,slim,22
10,0.8939393939393939,1.0650547707287719,0.36785039830508465,P_meth_fb,slim,22
20,1.924242424242424,0.9724800445516986,0.6855763385826772,P_meth_fb,slim,22
30,0.5075757575757576,0.20407692343192596,0.8074446567164179,P_meth_fb,slim,22
40,0.6439393939393939,0.514395745461214,0.8522220705882354,P_meth_fb,slim,22
50,1.3636363636363635,0.4216204705965859,0.9020114444444445,P_meth_fb,slim,22
60,0.06818181818181819,0.033042955842595374,0.8934478888888889,P_meth_fb,slim,22
70,1.1893939393939394,0.4040727034499432,0.8981355222929935,P_meth_fb,slim,22
80,1.378787878787879,0.8171873299227169,0.9409937197802198,P_meth_fb,slim,22
90,0.9090909090909091,0.2888571178478686,0.9293253833333334,P_meth_fb,slim,22
100,0.9848484848484848,0.36838263707011293,0.9420775384615385,P_meth_fb,slim,22
110,1.1136363636363638,0.46483104239630896,0.9394970680272108,P_meth_fb,slim,22
120,0.6969696969696969,0.31254343025679826,0.9328352173913044,P_meth_fb,slim,22
130,1.7045454545454544,0.4429728399480961,0.9364102666666666,P_meth_fb,slim,22
140,0.08264462809917356,0.18258945038731098,0.9468643333333334,P_meth_fb,slim,22
0,3.5167464114832536,0.8088774761555392,0.14341948979591837,P_meth_fb,slim,23
10,2.621212121212121,0.7692152226196972,0.3455574566473988,P_meth_fb,slim,23
20,0.43939393939393934,0.49226495891362215,0.6699144482758621,P_meth_fb,slim,23
30,0.9242424242424243,1.1724449233367793,0.7361716393442623,P_meth_fb,slim,23
40,0.8712121212121213,0.49616274661053505,0.861948,P_meth_fb,slim,23
50,0.28787878787878785,0.17254545829807433,0.9065726315789473,P_meth_fb,slim,23
60,0.34848484848484845,0.39123711340206185,0.909894652173913,P_meth_fb,slim,23
70,1.3257575757575757,0.5173201472682809,0.9316870228571428,P_meth_fb,slim,23
80,1.0151515151515151,0.23118063143366496,0.933628776119403,P_meth_fb,slim,23
90,0.06818181818181819,0.030926707867567047,0.9185928888888889,P_meth_fb,slim,23
100,0.7575757575757576,0.5258126195028681,0.9361124000000001,P_meth_fb,slim,23
110,0.7803030303030303,0.3760309321119796,0.9470569902912621,P_meth_fb,slim,23
120,1.2045454545454546,0.38756712438046137,0.9331943396226415,P_meth_fb,slim,23
130,0.18181818181818182,0.1360415682569674,0.94541875,P_meth_fb,slim,23
140,2.0798898071625342,0.7815060812559301,0.9414933311258278,P_meth_fb,slim,23
0,5.7894736842105265,1.0262187364804953,0.12828313636363636,P_meth_fb,slim,24
10,1.840909090909091,0.613563588646893,0.4303233333333334,P_meth_fb,slim,24
20,1.196969696969697,0.6548893759459409,0.5681259303797468,P_meth_fb,slim,24
30,1.378787878787879,0.37036922839744085,0.6543788681318681,P_meth_fb,slim,24
40,1.1363636363636365,0.35469378103570587,0.8601679,P_meth_fb,slim,24
50,0.7954545454545454,0.7020351929330485,0.8808286,P_meth_fb,slim,24
60,1.1818181818181819,0.42299349240780915,0.9161440384615386,P_meth_fb,slim,24
70,0.7651515151515151,0.7663302140574346,0.9169264356435642,P_meth_fb,slim,24
80,0.46969696969696967,0.19588601080915477,0.9351661774193548,P_meth_fb,slim,24
90,0.3106060606060606,0.10164907403929228,0.9147329268292683,P_meth_fb,slim,24
100,0.6893939393939394,0.1430793749865997,0.9249450879120878,P_meth_fb,slim,24
110,1.3106060606060606,0.7668903262205564,0.9387385549132949,P_meth_fb,slim,24
120,0.196969696969697,0.10853821291452932,0.9154895384615386,P_meth_fb,slim,24
130,1.1666666666666667,0.3956341668483169,0.949661,P_meth_fb,slim,24
140,1.184573002754821,0.25981159539699544,0.9487202093023256,P_meth_fb,slim,24
0,2.161084529505582,0.8162389846983713,0.0947169324723247,P_meth_fb,slim,25
10,2.106060606060606,0.6480346692190597,0.3170945035971222,P_meth_fb,slim,25
20,0.6060606060606061,0.7430967996171925,0.5636274875,P_meth_fb,slim,25
30,2.0454545454545454,0.7221796695480905,0.7774307148148148,P_meth_fb,slim,25
40,0.9696969696969697,0.48125234986498966,0.8536921015624999,P_meth_fb,slim,25
50,1.2196969696969697,0.4760838007849604,0.8903809937888199,P_meth_fb,slim,25
60,0.4318181818181818,0.19422187345118122,0.9221991403508771,P_meth_fb,slim,25
70,0.7424242424242424,0.3332680674780243,0.9187953163265307,P_meth_fb,slim,25
80,1.0151515151515151,0.5978139638634843,0.9345863955223881,P_meth_fb,slim,25
90,0.15151515151515152,0.08771988117943368,0.9320284999999998,P_meth_fb,slim,25
100,0.25757575757575757,0.13181003847396397,0.9410807058823529,P_meth_fb,slim,25
110,0.3787878787878788,0.30113335645064154,0.9459774800000001,P_meth_fb,slim,25
120,0.4924242424242424,0.5406495355959118,0.9395050000000001,P_meth_fb,slim,25
130,0.803030303030303,0.37252197805123516,0.9424909433962264,P_meth_fb,slim,25
140,1.2258953168044076,0.7519586256336729,0.9454788764044942,P_meth_fb,slim,25
0,1.555023923444976,0.5397335301592362,0.08571036410256411,P_meth_fb,slim,26
10,1.0757575757575757,0.2625415999013928,0.5006964577464789,P_meth_fb,slim,26
20,0.6287878787878788,0.48764421022646354,0.6563985180722891,P_meth_fb,slim,26
30,1.0378787878787878,0.9615159667797403,0.7879438686131386,P_meth_fb,slim,26
40,0.8712121212121213,0.6724848270057148,0.8630477826086956,P_meth_fb,slim,26
50,0.9015151515151516,0.2768749162747738,0.8896357563025211,P_meth_fb,slim,26
60,1.1363636363636365,0.8452724509485836,0.8974554933333332,P_meth_fb,slim,26
70,1.2272727272727273,0.436474079758984,0.9047341975308643,P_meth_fb,slim,26
80,2.0303030303030303,0.6143693232142547,0.9101868507462687,P_meth_fb,slim,26
90,0.6287878787878788,0.3352714364404186,0.927729048192771,P_meth_fb,slim,26
100,0.48484848484848486,0.18594168192703198,0.9410035937500001,P_meth_fb,slim,26
110,0.75,0.3630786670445263,0.9303418585858587,P_meth_fb,slim,26
120,1.0378787878787878,0.5816100086836266,0.9386042335766422,P_meth_fb,slim,26
130,0.9318181818181818,0.5982005349760882,0.9476969105691058,P_meth_fb,slim,26
140,0.09641873278236915,0.19173306772908366,0.9517307142857142,P_meth_fb,slim,26
0,6.044657097288677,0.852206234317535,0.08569136965699209,P_meth_fb,slim,27
10,3.4621212121212124,0.586805913584162,0.31282724266958434,P_meth_fb,slim,27
20,2.484848484848485,0.7508350126075632,0.535171506097561,P_meth_fb,slim,27
30,0.8181818181818182,0.37236515606634457,0.608819814814815,P_meth_fb,slim,27
40,0.7424242424242424,0.5345145322171445,0.7775016326530613,P_meth_fb,slim,27
50,2.7803030303030303,0.6669952719392208,0.8238985013623978,P_meth_fb,slim,27
60,1.977272727272727,0.5749301613048572,0.9045173065134098,P_meth_fb,slim,27
70,1.9015151515151516,0.3689269361649059,0.8759898804780877,P_meth_fb,slim,27
80,0.6590909090909091,0.24365818262057728,0.9121485057471262,P_meth_fb,slim,27
90,1.2272727272727273,0.47559950358300973,0.9273588827160493,P_meth_fb,slim,27
100,0.17424242424242423,0.1158389548548579,0.9165362173913043,P_meth_fb,slim,27
110,0.46969696969696967,0.22310913373462446,0.9487290322580646,P_meth_fb,slim,27
120,1.8636363636363635,0.42606680714939893,0.9450062479674796,P_meth_fb,slim,27
130,0.7727272727272727,0.954649876627244,0.9503699705882352,P_meth_fb,slim,27
140,0.2892561983471074,0.9493800945270223,0.9283519523809525,P_meth_fb,slim,27
0,11.347687400318978,0.8787879354967897,0.0826374672522839,P_meth_fb,slim,28
10,1.8106060606060606,0.9211632796075684,0.33473709205020924,P_meth_fb,slim,28
20,2.2272727272727275,0.5580384104360431,0.47388938775510203,P_meth_fb,slim,28
30,2.5,0.7045488364269217,0.7098962030303031,P_meth_fb,slim,28
40,0.803030303030303,0.5732358821408671,0.8513535,P_meth_fb,slim,28
50,0.9848484848484848,0.7615091727241261,0.892914623076923,P_meth_fb,slim,28
60,0.8636363636363636,0.3463498391158044,0.9200953859649122,P_meth_fb,slim,28
70,1.0378787878787878,0.285267189540834,0.9337900729927008,P_meth_fb,slim,28
80,0.4772727272727273,0.20586298575594492,0.9380176825396825,P_meth_fb,slim,28
90,1.1515151515151514,0.3295143998318268,0.9294202960526315,P_meth_fb,slim,28
100,1.0227272727272727,0.36974943354884765,0.9403329629629631,P_meth_fb,slim,28
110,0.25,0.278858957287719,0.9250060606060605,P_meth_fb,slim,28
120,1.0757575757575757,0.8676894020053513,0.9443187746478873,P_meth_fb,slim,28
130,0.3409090909090909,0.1695244183657161,0.9454825333333332,P_meth_fb,slim,28
140,0.6749311294765841,0.4191345144441997,0.9452220408163265,P_meth_fb,slim,28
0,9.138755980861243,1.0639545924503617,0.04852238821989529,P_meth_fb,slim,29
10,1.4772727272727273,0.5424291723213608,0.15340342051282052,P_meth_fb,slim,29
20,2.348484848484848,0.8175138150245135,0.4839982580645161,P_meth_fb,slim,29
30,2.083333333333333,0.5928640724372103,0.5982343418181818,P_meth_fb,slim,29
40,0.8939393939393939,0.44826375498598453,0.808340720338983,P_meth_fb,slim,29
50,0.8636363636363636,0.5368035786905245,0.8958972807017543,P_meth_fb,slim,29
60,0.7424242424242424,0.39092672843647436,0.9096649999999998,P_meth_fb,slim,29
70,0.5984848484848485,0.3222974977747008,0.9145633417721519,P_meth_fb,slim,29
80,0.8181818181818182,0.3441184138110825,0.9248839351851852,P_meth_fb,slim,29
90,2.1363636363636362,0.45494877793014427,0.9350444680851062,P_meth_fb,slim,29
100,1.0606060606060608,0.4722501903822467,0.9315280928571428,P_meth_fb,slim,29
110,0.6136363636363636,0.3185954624282624,0.9363482962962962,P_meth_fb,slim,29
120,0.8257575757575757,0.33106609356735917,0.9399690825688075,P_meth_fb,slim,29
130,1.446969696969697,0.6195934256055362,0.9488983664921465,P_meth_fb,slim,29
140,0.8126721763085398,0.8366277071158472,0.9516220338983049,P_meth_fb,slim,29
0,2.3205741626794256,0.7395997396806082,0.11101702714776633,P_meth_fb,slim,30
10,2.3030303030303028,0.4338115263618772,0.40399462828947363,P_meth_fb,slim,30
20,1.5,0.5058567590793315,0.6524668484848485,P_meth_fb,slim,30
30,0.553030303030303,0.20814162962194954,0.7082865479452055,P_meth_fb,slim,30
40,0.5833333333333334,0.5124636979670861,0.8471597402597403,P_meth_fb,slim,30
50,1.6363636363636365,0.6719171980826605,0.8575529629629629,P_meth_fb,slim,30
60,1.1590909090909092,0.2725476648025393,0.8955628169934642,P_meth_fb,slim,30
70,1.0227272727272727,0.3417564208782105,0.8887559111111111,P_meth_fb,slim,30
80,0.6136363636363636,0.23067861627350045,0.9359648271604939,P_meth_fb,slim,30
90,0.8787878787878787,0.2782512620526482,0.9358735862068965,P_meth_fb,slim,30
100,0.5303030303030304,0.5079825834542815,0.9404020857142857,P_meth_fb,slim,30
110,0.9015151515151516,0.45326269499125676,0.9428142100840337,P_meth_fb,slim,30
120,1.0378787878787878,0.821066969353008,0.9293226642335767,P_meth_fb,slim,30
130,0.36363636363636365,1.3999734853506565,0.9465804583333334,P_meth_fb,slim,30
140,0.1652892561983471,0.1497787359582435,0.9492859166666667,P_meth_fb,slim,30
0,3.3173843700159487,0.602020769014875,0.09879554855769229,P_meth_fb,slim,31
10,3.3636363636363638,0.7442172309755279,0.3065251576576576,P_meth_fb,slim,31
20,0.33333333333333337,0.18902927219824642,0.5015931818181818,P_meth_fb,slim,31
30,2.090909090909091,0.6340300377647448,0.7154319927536231,P_meth_fb,slim,31
40,0.21969696969696967,0.1859949857151186,0.8604906896551724,P_meth_fb,slim,31
50,1.6363636363636365,0.7624100200014973,0.8864828101851852,P_meth_fb,slim,31
60,0.9318181818181818,0.3690704589057912,0.9082186666666667,P_meth_fb,slim,31
70,0.7424242424242424,0.32957793845636457,0.9206572040816325,P_meth_fb,slim,31
80,0.34848484848484845,0.6437249538833407,0.9197657391304348,P_meth_fb,slim,31
90,0.7121212121212122,0.4877895365842152,0.9232147340425532,P_meth_fb,slim,31
100,1.25,0.308185160134594,0.930926503030303,P_meth_fb,slim,31
110,2.0757575757575757,0.8724472812007005,0.9358968540145985,P_meth_fb,slim,31
120,1.2954545454545454,0.4711176416567178,0.928988649122807,P_meth_fb,slim,31
130,0.553030303030303,1.1620559079616988,0.9168476438356165,P_meth_fb,slim,31
140,0.5371900826446281,0.32004575634744986,0.9375897435897437,P_meth_fb,slim,31
0,9.609250398724082,0.9725180795672155,0.07062665477178423,P_meth_fb,slim,32
10,2.2045454545454546,0.6712380473074987,0.20455427147766325,P_meth_fb,slim,32
20,4.803030303030303,1.0141787246418965,0.4819660047318612,P_meth_fb,slim,32
30,0.946969696969697,0.2892209963926254,0.704809432,P_meth_fb,slim,32
40,1.2575757575757576,0.3676892562649135,0.8350365060240964,P_meth_fb,slim,32
50,0.9166666666666666,0.2399293371148392,0.8809004049586777,P_meth_fb,slim,32
60,1.0,0.37017522987235923,0.9080484772727271,P_meth_fb,slim,32
70,0.6893939393939394,0.27419899743423515,0.9261547252747252,P_meth_fb,slim,32
80,1.4848484848484849,0.3969388819677564,0.9318536428571429,P_meth_fb,slim,32
90,1.5,0.794088693897889,0.9325051515151516,P_meth_fb,slim,32
100,0.3712121212121212,0.97863584094898,0.9469972857142855,P_meth_fb,slim,32
110,0.4090909090909091,0.3184019154144407,0.9489056296296297,P_meth_fb,slim,32
120,0.7651515151515151,0.38770014598370334,0.9407121287128714,P_meth_fb,slim,32
130,0.5984848484848485,0.8133277177219337,0.9506815189873419,P_meth_fb,slim,32
140,0.9917355371900827,1.0415114189278043,0.9392892777777777,P_meth_fb,slim,32
0,4.752791068580542,0.9224881100907105,0.13065326040268457,P_meth_fb,slim,33
10,1.6515151515151514,0.6733118068229678,0.33459294036697246,P_meth_fb,slim,33
20,0.6515151515151516,0.4314545247234997,0.5478924651162791,P_meth_fb,slim,33
30,1.7348484848484849,0.4332595658804508,0.7571487816593886,P_meth_fb,slim,33
40,0.8333333333333334,0.3072157619458691,0.830511181818182,P_meth_fb,slim,33
50,0.856060606060606,0.4476429420308992,0.8823771061946901,P_meth_fb,slim,33
60,0.5378787878787878,0.33837599740044044,0.92584138028169,P_meth_fb,slim,33
70,0.7424242424242424,0.6064015300669405,0.9328985,P_meth_fb,slim,33
80,0.5378787878787878,0.4335476708146367,0.9283327183098592,P_meth_fb,slim,33
90,1.106060606060606,0.5323786319261431,0.9353822602739726,P_meth_fb,slim,33
100,0.5151515151515151,0.405959132723671,0.9332637500000001,P_meth_fb,slim,33
110,0.36363636363636365,0.2304318414908242,0.9454900416666666,P_meth_fb,slim,33
120,0.17424242424242423,0.2103308762400931,0.9469779130434782,P_meth_fb,slim,33
130,0.6666666666666667,0.2661851379964618,0.9493905454545455,P_meth_fb,slim,33
140,0.6198347107438017,0.29186607572794543,0.9510097555555556,P_meth_fb,slim,33
0,2.4322169059011167,0.3747319354262227,0.15339953967213116,P_meth_fb,slim,34
10,0.5075757575757576,0.3674497062562841,0.3810102835820896,P_meth_fb,slim,34
20,2.1287878787878785,0.8468145144720082,0.64816428113879,P_meth_fb,slim,34
30,0.856060606060606,0.2939460822954438,0.7672077876106195,P_meth_fb,slim,34
40,0.7045454545454546,0.6916290128117006,0.8718652688172044,P_meth_fb,slim,34
50,1.7045454545454544,0.47761942897943827,0.8857970355555554,P_meth_fb,slim,34
60,0.7727272727272727,0.7972902553413237,0.8910806960784315,P_meth_fb,slim,34
70,1.4242424242424243,0.36811126406227745,0.917677920212766,P_meth_fb,slim,34
80,0.8712121212121213,0.27141263302437346,0.9066273913043479,P_meth_fb,slim,34
90,1.7727272727272727,0.44392449489360364,0.9154350470085469,P_meth_fb,slim,34
100,0.8333333333333334,0.9584411469609759,0.9223968727272726,P_meth_fb,slim,34
110,0.5606060606060606,0.425598661507895,0.9317195540540542,P_meth_fb,slim,34
120,1.090909090909091,0.5722233260480827,0.940899236111111,P_meth_fb,slim,34
130,0.6818181818181818,0.31229955520972447,0.9417110999999999,P_meth_fb,slim,34
140,0.8126721763085398,0.423214867949136,0.9512127966101696,P_meth_fb,slim,34
0,0.7177033492822966,0.1426814504506236,0.14193110666666667,P_meth_fb,slim,35
10,1.7954545454545456,0.6981352709614648,0.34757164978902955,P_meth_fb,slim,35
20,0.5075757575757576,0.3511865052892404,0.6734446716417911,P_meth_fb,slim,35
30,1.3409090909090908,0.5922253315488503,0.6904646836158193,P_meth_fb,slim,35
40,1.5303030303030303,0.5342073840186565,0.8294232673267327,P_meth_fb,slim,35
50,0.21969696969696967,0.35143769968051114,0.8843468965517242,P_meth_fb,slim,35
60,0.8333333333333334,0.6708556643873591,0.8919055909090908,P_meth_fb,slim,35
70,2.484848484848485,0.7297267232748711,0.9196611036585366,P_meth_fb,slim,35
80,0.6818181818181818,0.32776392168980506,0.9234301333333333,P_meth_fb,slim,35
90,1.2424242424242424,0.4998337581735565,0.9302466951219512,P_meth_fb,slim,35
100,0.75,0.6245101599984707,0.9256237979797979,P_meth_fb,slim,35
110,0.45454545454545453,0.46321748996946976,0.890806,P_meth_fb,slim,35
120,1.4924242424242424,0.39397373508432765,0.9313791370558375,P_meth_fb,slim,35
130,1.3106060606060606,0.5941119540445193,0.941377225433526,P_meth_fb,slim,35
140,0.26170798898071623,0.5150531893046371,0.9441218421052632,P_meth_fb,slim,35
0,8.923444976076556,0.9690650767074827,0.047491661394101874,P_meth_fb,slim,36
10,5.992424242424242,0.9433597455751213,0.2422198520859671,P_meth_fb,slim,36
20,1.0757575757575757,0.36216230837896424,0.49816032394366205,P_meth_fb,slim,36
30,1.0075757575757576,0.6085395190194597,0.7330582857142858,P_meth_fb,slim,36
40,1.090909090909091,0.6042111687519073,0.8425571875000001,P_meth_fb,slim,36
50,1.6666666666666667,0.2845217800246899,0.8740755909090909,P_meth_fb,slim,36
60,0.3787878787878788,0.30230576854371066,0.89805082,P_meth_fb,slim,36
70,1.5681818181818181,0.4900497869348752,0.9136734251207729,P_meth_fb,slim,36
80,0.9015151515151516,0.772013289559046,0.9322472016806723,P_meth_fb,slim,36
90,1.8257575757575757,0.4937007067499744,0.9362369709543568,P_meth_fb,slim,36
100,0.06060606060606061,0.02937887058273658,0.9441965,P_meth_fb,slim,36
110,0.5227272727272727,0.23810395219098507,0.9361057246376812,P_meth_fb,slim,36
120,0.27272727272727276,0.4484457278749788,0.9482211111111111,P_meth_fb,slim,36
130,0.8939393939393939,0.5374481564037624,0.9502602542372882,P_meth_fb,slim,36
140,2.5344352617079893,0.6238858264278119,0.9500288586956522,P_meth_fb,slim,36
0,2.77511961722488,1.3561403612359255,0.09609693965517242,P_meth_fb,slim,37
10,0.7196969696969697,0.47521960906176347,0.3909233789473684,P_meth_fb,slim,37
20,0.24242424242424243,0.34400755774179886,0.6543055625,P_meth_fb,slim,37
30,0.6363636363636364,0.36813726792212265,0.8300460952380952,P_meth_fb,slim,37
40,0.46212121212121215,0.3621480615273905,0.8541824426229507,P_meth_fb,slim,37
50,0.5681818181818182,0.8689393673419232,0.9070354666666667,P_meth_fb,slim,37
60,0.14393939393939392,0.09073477804710393,0.9168492105263157,P_meth_fb,slim,37
70,1.143939393939394,0.3894642229082809,0.9278375496688741,P_meth_fb,slim,37
80,0.10606060606060608,0.353819643882826,0.9350965,P_meth_fb,slim,37
90,0.8484848484848486,0.45436664044059794,0.936709642857143,P_meth_fb,slim,37
100,1.1136363636363638,0.407513503977688,0.9380201700680271,P_meth_fb,slim,37
110,1.5378787878787878,0.645823692734845,0.9364637586206898,P_meth_fb,slim,37
120,0.6969696969696969,0.26013863778522284,0.935218260869565,P_meth_fb,slim,37
130,0.7196969696969697,0.6858455480201268,0.9440506105263157,P_meth_fb,slim,37
140,0.27548209366391185,0.9484121281793361,0.9473477499999999,P_meth_fb,slim,37
0,4.106858054226476,0.8138023171458738,0.07590891184466021,P_meth_fb,slim,38
10,1.5075757575757576,0.5126743850171359,0.30335667839195984,P_meth_fb,slim,38
20,1.5378787878787878,0.47830184637792916,0.6111828768472906,P_meth_fb,slim,38
30,1.0075757575757576,0.37875388332758025,0.7706175563909774,P_meth_fb,slim,38
40,0.6287878787878788,0.23207537577739745,0.8663335301204821,P_meth_fb,slim,38
50,1.7803030303030303,0.5154810491750974,0.8791617914893618,P_meth_fb,slim,38
60,0.946969696969697,0.5903187721369539,0.9135254399999999,P_meth_fb,slim,38
70,1.0151515151515151,0.40155463939993824,0.8588289552238807,P_meth_fb,slim,38
80,0.962121212121212,0.6834192159676472,0.8967401574803149,P_meth_fb,slim,38
90,0.7348484848484849,0.9290378754897692,0.9266734123711342,P_meth_fb,slim,38
100,0.5075757575757576,0.21069885121001747,0.943210880597015,P_meth_fb,slim,38
110,0.9848484848484848,0.49850101094610616,0.9356617692307693,P_meth_fb,slim,38
120,1.121212121212121,0.44313588502420287,0.9359992567567567,P_meth_fb,slim,38
130,1.7954545454545456,0.47791455467052857,0.9449705485232067,P_meth_fb,slim,38
140,0.1928374655647383,1.1722912966252221,0.9350852142857142,P_meth_fb,slim,38
0,6.2041467304625195,0.8971888153675996,0.12129194177377893,P_meth_fb,slim,39
10,1.9545454545454546,0.6866295152302073,0.31454437713178296,P_meth_fb,slim,39
20,1.7348484848484849,0.6815353258418859,0.6022598689956331,P_meth_fb,slim,39
30,0.5227272727272727,0.2762796284724539,0.7676154927536232,P_meth_fb,slim,39
40,0.8787878787878787,0.3400822665043844,0.8455959568965516,P_meth_fb,slim,39
50,0.6136363636363636,0.33419810583565157,0.8899342839506172,P_meth_fb,slim,39
60,0.8863636363636364,0.3570685421782013,0.9000424786324784,P_meth_fb,slim,39
70,2.4015151515151514,0.5175881510361907,0.9182914353312303,P_meth_fb,slim,39
80,0.44696969696969696,0.31999868516205376,0.9257822711864406,P_meth_fb,slim,39
90,0.21969696969696967,0.21682488614994216,0.9404073793103447,P_meth_fb,slim,39
100,0.553030303030303,0.23143767082818947,0.9375536301369863,P_meth_fb,slim,39
110,1.2045454545454546,0.6443887701716896,0.925764144654088,P_meth_fb,slim,39
120,1.659090909090909,0.4972170431169117,0.9415976255707761,P_meth_fb,slim,39
130,0.5454545454545455,0.22482435597189696,0.9499704166666666,P_meth_fb,slim,39
140,1.1707988980716253,0.6367908465572429,0.9387519411764705,P_meth_fb,slim,39
0,3.968500797448166,0.7415633520465668,0.09005584419567049,P_meth_fb,oracle,-1
10,2.2583333333333333,0.47217217981992515,0.3091846197959401,P_meth_fb,oracle,-1
20,1.4125,0.31742477162596516,0.5757296424112969,P_meth_fb,oracle,-1
30,1.1178030303030302,0.2608704247655648,0.7521290342161612,P_meth_fb,oracle,-1
40,1.049621212121212,0.24527303469643275,0.8399613976809701,P_meth_fb,oracle,-1
50,1.0268939393939394,0.2327211464963853,0.8822646928243617,P_meth_fb,oracle,-1
60,0.8928030303030302,0.2129615587424785,0.9060196508824744,P_meth_fb,oracle,-1
70,0.9757575757575758,0.2302725031469363,0.9168488444625098,P_meth_fb,oracle,-1
80,0.946590909090909,0.22438677186554434,0.9255959186146295,P_meth_fb,oracle,-1
90,0.9151515151515152,0.22156411641189552,0.9295613266795195,P_meth_fb,oracle,-1
100,0.9359848484848485,0.21726693263523417,0.932074158636978,P_meth_fb,oracle,-1
110,0.921969696969697,0.21432871171205264,0.9330725135874081,P_meth_fb,oracle,-1
120,1.0469696969696969,0.23412635919887956,0.9358896256132218,P_meth_fb,oracle,-1
130,0.9424242424242424,0.21917620111215688,0.9398533729299395,P_meth_fb,oracle,-1
140,0.8705234159779615,0.19353005440040189,0.9442623921288461,P_meth_fb,oracle,-1
0,0.6539074960127592,0.39450952377481174,0.47483563414634145,P_meth_lam10,slim,0
10,1.9545454545454546,0.6872891070246532,0.8080130620155038,P_meth_lam10,slim,0
20,1.2196969696969697,1.03624820806881,0.9205872049689443,P_meth_lam10,slim,0
30,0.8939393939393939,0.30101575424003957,0.9442238813559322,P_meth_lam10,slim,0
40,2.2575757575757573,1.0563289507605051,0.950149577181208,P_meth_lam10,slim,0
50,0.7121212121212122,0.2571595558153127,0.9514026170212767,P_meth_lam10,slim,0
60,0.8106060606060607,0.5507033906235379,0.9522201588785049,P_meth_lam10,slim,0
70,1.446969696969697,0.6885288880635331,0.952423895287958,P_meth_lam10,slim,0
80,0.7803030303030303,0.4805666699656435,0.9525192427184466,P_meth_lam10,slim,0
90,0.6590909090909091,0.24211809054761194,0.9525559425287355,P_meth_lam10,slim,0
100,0.7121212121212122,0.5263381153973412,0.9525648936170212,P_meth_lam10,slim,0
110,1.2651515151515151,0.46140321500334897,0.95257074251497,P_meth_lam10,slim,0
120,1.3333333333333335,0.6065701320605943,0.952572840909091,P_meth_lam10,slim,0
130,0.6969696969696969,0.4391471634796193,0.9525742826086956,P_meth_lam10,slim,0
140,0.8677685950413223,0.2022816277881832,0.9525736825396824,P_meth_lam10,slim,0
0,2.0813397129186604,0.592553352504919,0.1827447471264368,P_meth_lam10,slim,1
10,0.6439393939393939,0.6941952408647122,0.8605782,P_meth_lam10,slim,1
20,0.9545454545454546,0.5484728368761582,0.9171816666666666,P_meth_lam10,slim,1
30,0.9696969696969697,0.467481586825519,0.9434474140625001,P_meth_lam10,slim,1
40,1.3257575757575757,0.6070608269692686,0.9488859085714286,P_meth_lam10,slim,1
50,1.1818181818181819,0.5266738622238364,0.9512052628205129,P_meth_lam10,slim,1
60,1.7575757575757573,0.5604356992269852,0.9521934051724137,P_meth_lam10,slim,1
70,0.5,0.9033596018249689,0.9524065606060605,P_meth_lam10,slim,1
80,1.25,0.44258757259614806,0.9525198787878787,P_meth_lam10,slim,1
90,1.053030303030303,0.33913467794404684,0.9525533309352517,P_meth_lam10,slim,1
100,0.6060606060606061,0.3208049287302687,0.9525661249999999,P_meth_lam10,slim,1
110,0.6590909090909091,0.31693464257919235,0.9525717471264369,P_meth_lam10,slim,1
120,0.9848484848484848,0.29635872531207474,0.9525728384615384,P_meth_lam10,slim,1
130,1.3181818181818181,0.33006449536116256,0.9525739655172414,P_meth_lam10,slim,1
140,0.9090909090909091,0.46683599652766616,0.9525744545454545,P_meth_lam10,slim,1
0,0.7496012759170654,0.4240601503759398,0.16545189361702126,P_meth_lam10,slim,2
10,1.2121212121212122,0.6079552323874333,0.82428143125,P_meth_lam10,slim,2
20,0.5303030303030304,0.1814304732507864,0.9226797857142855,P_meth_lam10,slim,2
30,0.803030303030303,0.2622385486168379,0.9436792169811321,P_meth_lam10,slim,2
40,0.9848484848484848,0.2961265406000531,0.9498551769230769,P_meth_lam10,slim,2
50,1.0378787878787878,0.3368714396950945,0.9512821167883213,P_meth_lam10,slim,2
60,1.1818181818181819,0.47292486759849156,0.952226173076923,P_meth_lam10,slim,2
70,0.8939393939393939,0.6021245998979451,0.9524191355932203,P_meth_lam10,slim,2
80,0.34848484848484845,0.1193654288466453,0.9525130217391305,P_meth_lam10,slim,2
90,0.28787878787878785,0.36615276804484936,0.9525560789473684,P_meth_lam10,slim,2
100,0.75,1.2101120474117975,0.9525674040404041,P_meth_lam10,slim,2
110,1.0984848484848484,0.5165573637762125,0.952571448275862,P_meth_lam10,slim,2
120,2.1515151515151514,0.5611371229448322,0.9525734014084507,P_meth_lam10,slim,2
130,1.3333333333333335,0.33429454526617514,0.9525738522727273,P_meth_lam10,slim,2
140,1.0192837465564737,0.5011183846011781,0.9525743243243243,P_meth_lam10,slim,2
0,0.6698564593301436,0.22199442611397638,0.3309053214285715,P_meth_lam10,slim,3
10,0.5227272727272727,0.22379808046705688,0.8746133333333334,P_meth_lam10,slim,3
20,1.196969696969697,0.4528459203481024,0.927452006329114,P_meth_lam10,slim,3
30,0.8939393939393939,0.475742507727456,0.944926,P_meth_lam10,slim,3
40,1.3106060606060606,0.42859877704079913,0.9495987225433525,P_meth_lam10,slim,3
50,0.8106060606060607,0.5496789258610624,0.951439785046729,P_meth_lam10,slim,3
60,1.4924242424242424,0.892626664835919,0.9521775532994923,P_meth_lam10,slim,3
70,0.9166666666666666,0.8847675075614053,0.9524587603305785,P_meth_lam10,slim,3
80,1.6363636363636365,0.4672734841308602,0.9525037824074074,P_meth_lam10,slim,3
90,0.15151515151515152,0.255546521082588,0.9525557499999999,P_meth_lam10,slim,3
100,1.174242424242424,0.9174476480875298,0.9525672774193547,P_meth_lam10,slim,3
110,0.75,0.2328822294535073,0.952570505050505,P_meth_lam10,slim,3
120,0.5,0.3021789348816882,0.9525729696969696,P_meth_lam10,slim,3
130,0.8106060606060607,0.9219682232985627,0.9525738130841122,P_meth_lam10,slim,3
140,0.7300275482093663,0.3105799623539439,0.9525739622641508,P_meth_lam10,slim,3
0,3.843700159489633,1.1725462299166627,0.18528545850622408,P_meth_lam10,slim,4
10,1.0757575757575757,0.5073267905571825,0.833459647887324,P_meth_lam10,slim,4
20,2.0757575757575757,0.6515348032857761,0.9219494270072993,P_meth_lam10,slim,4
30,1.3939393939393938,0.5044886361276011,0.9425812119565218,P_meth_lam10,slim,4
40,1.1515151515151514,0.6485354296094694,0.9500951118421053,P_meth_lam10,slim,4
50,0.6666666666666667,0.3987504720057671,0.9513272954545454,P_meth_lam10,slim,4
60,1.4242424242424243,0.8835530110444126,0.9521654787234042,P_meth_lam10,slim,4
70,1.1136363636363638,0.3621203186001896,0.9524244693877548,P_meth_lam10,slim,4
80,0.9318181818181818,1.9272131614557366,0.9525078292682926,P_meth_lam10,slim,4
90,0.5757575757575757,0.29046604280552213,0.9525538026315791,P_meth_lam10,slim,4
100,0.6818181818181818,0.4886315027475239,0.9525654444444445,P_meth_lam10,slim,4
110,1.8030303030303032,0.7848192337670125,0.9525709411764707,P_meth_lam10,slim,4
120,0.9242424242424243,0.40136580016449414,0.9525732213114754,P_meth_lam10,slim,4
130,0.8106060606060607,0.2743163455562461,0.9525736261682243,P_meth_lam10,slim,4
140,0.6887052341597797,0.417056340520183,0.9525734800000001,P_meth_lam10,slim,4
0,3.3173843700159487,0.8316522181633137,0.17504981009615386,P_meth_lam10,slim,5
10,1.4393939393939394,0.5153685871749663,0.8339539631578946,P_meth_lam10,slim,5
20,0.2651515151515152,0.23886832254461982,0.9326757142857142,P_meth_lam10,slim,5
30,0.5,0.3227527340624166,0.940779090909091,P_meth_lam10,slim,5
40,0.5606060606060606,0.18897272199651768,0.9494922567567567,P_meth_lam10,slim,5
50,1.106060606060606,0.9731957096976188,0.9516556849315069,P_meth_lam10,slim,5
60,0.27272727272727276,0.14317392981102972,0.9522783333333334,P_meth_lam10,slim,5
70,0.5681818181818182,0.2986515430329723,0.9524267200000001,P_meth_lam10,slim,5
80,0.7272727272727273,0.9642367980520469,0.9525129375000002,P_meth_lam10,slim,5
90,0.38636363636363635,0.21619191367738208,0.9525502352941178,P_meth_lam10,slim,5
100,0.9242424242424243,0.3523219028533174,0.9525644262295082,P_meth_lam10,slim,5
110,0.43939393939393934,0.742004264392324,0.9525715689655172,P_meth_lam10,slim,5
120,1.2878787878787878,0.19989381754433475,0.9525734823529411,P_meth_lam10,slim,5
130,0.4772727272727273,0.5547772485289997,0.9525735555555556,P_meth_lam10,slim,5
140,1.0192837465564737,0.27369624424195554,0.9525745675675676,P_meth_lam10,slim,5
0,1.690590111642743,0.7335178661298439,0.33571532547169813,P_meth_lam10,slim,6
10,1.2045454545454546,0.3963559725338229,0.7624827358490567,P_meth_lam10,slim,6
20,1.6893939393939394,0.3475455979446686,0.9270639013452915,P_meth_lam10,slim,6
30,0.5757575757575757,0.7461620849696537,0.9402796184210527,P_meth_lam10,slim,6
40,0.08333333333333334,0.130168178721268,0.9495728181818183,P_meth_lam10,slim,6
50,0.5681818181818182,0.26716032858021826,0.9516952266666666,P_meth_lam10,slim,6
60,0.25,0.1270860077021823,0.9520574242424242,P_meth_lam10,slim,6
70,0.48484848484848486,0.28163004053765733,0.9524458281249999,P_meth_lam10,slim,6
80,0.9242424242424243,1.3900013810247203,0.9525005737704919,P_meth_lam10,slim,6
90,0.4924242424242424,0.19411237703953738,0.9525510615384615,P_meth_lam10,slim,6
100,0.5757575757575757,0.4626068671665329,0.9525686842105262,P_meth_lam10,slim,6
110,1.4318181818181819,0.3808878222157082,0.9525704814814813,P_meth_lam10,slim,6
120,0.2803030303030303,0.20437882896454757,0.9525734864864864,P_meth_lam10,slim,6
130,0.7348484848484849,0.29639849439565175,0.9525737525773196,P_meth_lam10,slim,6
140,0.9090909090909091,0.42525358038913236,0.9525738484848485,P_meth_lam10,slim,6
0,3.6363636363636362,0.7835112739087309,0.3246474407894736,P_meth_lam10,slim,7
10,0.5227272727272727,0.1804757998359311,0.8228329565217392,P_meth_lam10,slim,7
20,1.25,0.34659011342949164,0.9337137515151516,P_meth_lam10,slim,7
30,0.9015151515151516,0.4788323659952202,0.9449818487394959,P_meth_lam10,slim,7
40,1.0378787878787878,0.577000389261488,0.9496402189781024,P_meth_lam10,slim,7
50,0.9090909090909091,0.45724842676519833,0.9514984333333333,P_meth_lam10,slim,7
60,1.0,0.46697862897390136,0.9521162121212121,P_meth_lam10,slim,7
70,1.4015151515151516,0.3788631004095817,0.952408264864865,P_meth_lam10,slim,7
80,0.6515151515151516,0.37409540882907355,0.9525163837209301,P_meth_lam10,slim,7
90,1.446969696969697,0.8265741693932818,0.9525499005235603,P_meth_lam10,slim,7
100,1.4848484848484849,0.4499446960368972,0.9525666836734695,P_meth_lam10,slim,7
110,0.5075757575757576,0.6382978723404256,0.9525712089552238,P_meth_lam10,slim,7
120,0.8939393939393939,0.6019477508115628,0.952573186440678,P_meth_lam10,slim,7
130,1.946969696969697,0.44314280787739774,0.9525741011673151,P_meth_lam10,slim,7
140,0.027548209366391182,0.7470288624787774,0.952575,P_meth_lam10,slim,7
0,5.111642743221691,1.048236833237527,0.35438198439937596,P_meth_lam10,slim,8
10,1.3863636363636365,0.3661076134500141,0.829096174863388,P_meth_lam10,slim,8
20,0.6969696969696969,0.18547310609415998,0.9150642717391304,P_meth_lam10,slim,8
30,1.2651515151515151,0.5385833235604549,0.9424881736526948,P_meth_lam10,slim,8
40,0.803030303030303,0.21463217089580397,0.9485151603773585,P_meth_lam10,slim,8
50,0.7348484848484849,0.3777592890902976,0.9514762989690722,P_meth_lam10,slim,8
60,1.3939393939393938,0.47814035529797155,0.9521707554347827,P_meth_lam10,slim,8
70,1.053030303030303,0.7275178429817605,0.9523965467625901,P_meth_lam10,slim,8
80,0.5681818181818182,0.3010729143858113,0.9525086666666666,P_meth_lam10,slim,8
90,0.46212121212121215,0.6051769233081803,0.9525505737704918,P_meth_lam10,slim,8
100,0.4015151515151515,0.18766195097613184,0.9525677169811321,P_meth_lam10,slim,8
110,0.5303030303030304,0.28318019945202794,0.9525717857142859,P_meth_lam10,slim,8
120,0.48484848484848486,0.26465004667715075,0.9525726562500001,P_meth_lam10,slim,8
130,1.0075757575757576,0.5250376821302963,0.9525737443609023,P_meth_lam10,slim,8
140,0.04132231404958678,0.02575777286327566,0.9525733333333334,P_meth_lam10,slim,8
0,2.7033492822966507,0.7712539512373362,0.190077610619469,P_meth_lam10,slim,9
10,2.1363636363636362,0.8632893308719164,0.8622055283687942,P_meth_lam10,slim,9
20,2.106060606060606,0.6414599611935601,0.9169516187050359,P_meth_lam10,slim,9
30,2.0378787878787876,0.6966560197138664,0.9424980966542751,P_meth_lam10,slim,9
40,1.0606060606060608,0.28020038573040107,0.9493380714285712,P_meth_lam10,slim,9
50,0.6969696969696969,0.4952893674293405,0.9514966847826087,P_meth_lam10,slim,9
60,0.5151515151515151,0.18937028473054396,0.952123661764706,P_meth_lam10,slim,9
70,0.946969696969697,0.36827397798391204,0.952389592,P_meth_lam10,slim,9
80,0.5757575757575757,0.5910285263170297,0.9525055263157893,P_meth_lam10,slim,9
90,0.5757575757575757,0.3607465209104967,0.9525563421052632,P_meth_lam10,slim,9
100,1.0757575757575757,0.42523650718028994,0.9525663732394367,P_meth_lam10,slim,9
110,0.20454545454545456,0.4417451660882499,0.9525727037037038,P_meth_lam10,slim,9
120,1.0681818181818181,0.6556753329105897,0.9525731843971631,P_meth_lam10,slim,9
130,1.106060606060606,0.6658006743684706,0.9525735616438356,P_meth_lam10,slim,9
140,1.3911845730027548,0.5107615450038693,0.9525737029702971,P_meth_lam10,slim,9
0,1.379585326953748,0.9070543374642517,0.5534695549132949,P_meth_lam10,slim,10
10,0.8181818181818182,0.42898669346830454,0.8209234166666668,P_meth_lam10,slim,10
20,0.24242424242424243,0.3807532135066433,0.92037759375,P_meth_lam10,slim,10
30,0.7196969696969697,0.45171608887351944,0.9403236000000001,P_meth_lam10,slim,10
40,1.3409090909090908,0.499405774673176,0.9495572090395481,P_meth_lam10,slim,10
50,0.4318181818181818,0.2654136770588609,0.9510460175438596,P_meth_lam10,slim,10
60,0.14393939393939392,0.0951066347116464,0.9521996315789473,P_meth_lam10,slim,10
70,1.1136363636363638,0.4071509505224726,0.9524110476190476,P_meth_lam10,slim,10
80,1.3257575757575757,0.2995106695813852,0.9525202914285713,P_meth_lam10,slim,10
90,0.5075757575757576,0.40443395708719754,0.9525536865671642,P_meth_lam10,slim,10
100,0.3181818181818182,0.2376950780312125,0.9525669523809522,P_meth_lam10,slim,10
110,0.8787878787878787,0.8132654903918674,0.9525704396551724,P_meth_lam10,slim,10
120,1.1666666666666667,0.32414331956691594,0.9525724025974027,P_meth_lam10,slim,10
130,0.46212121212121215,0.22995990266972818,0.9525748196721312,P_meth_lam10,slim,10
140,0.30303030303030304,0.19020422064737552,0.9525740000000001,P_meth_lam10,slim,10
0,7.376395534290271,1.180784830251301,0.16857680648648646,P_meth_lam10,slim,11
10,0.18181818181818182,0.8090300832524644,0.8212928749999998,P_meth_lam10,slim,11
20,0.803030303030303,0.2033188991252289,0.9191848584905663,P_meth_lam10,slim,11
30,0.9318181818181818,0.3202467927981948,0.9423055609756097,P_meth_lam10,slim,11
40,0.8712121212121213,0.26533451725897905,0.9494120869565217,P_meth_lam10,slim,11
50,0.6287878787878788,0.21614242199460237,0.9514221325301204,P_meth_lam10,slim,11
60,0.6439393939393939,0.8711180124223601,0.9521982117647059,P_meth_lam10,slim,11
70,0.3787878787878788,0.2213739945931079,0.9524092000000001,P_meth_lam10,slim,11
80,1.0984848484848484,0.23919319161699099,0.952523648275862,P_meth_lam10,slim,11
90,1.3939393939393938,0.6523280548333728,0.952553929347826,P_meth_lam10,slim,11
100,1.4621212121212122,0.5365198236029972,0.9525671450777202,P_meth_lam10,slim,11
110,0.16666666666666669,0.1079746571878997,0.95257,P_meth_lam10,slim,11
120,0.7424242424242424,0.5696118924536111,0.9525728163265307,P_meth_lam10,slim,11
130,2.1515151515151514,1.0269334443689597,0.9525735915492957,P_meth_lam10,slim,11
140,0.9504132231404958,0.8032596041909198,0.9525742318840579,P_meth_lam10,slim,11
0,2.5518341307814993,1.5462672143029716,0.32921146249999994,P_meth_lam10,slim,12
10,0.6818181818181818,0.3705159153427272,0.8099328999999998,P_meth_lam10,slim,12
20,0.7045454545454546,0.2289504015397642,0.9279738064516128,P_meth_lam10,slim,12
30,0.27272727272727276,0.17146321046098778,0.9446994999999999,P_meth_lam10,slim,12
40,1.6515151515151514,0.9740840035746201,0.9492027568807341,P_meth_lam10,slim,12
50,1.3484848484848484,0.8184649254199267,0.951222640449438,P_meth_lam10,slim,12
60,0.03787878787878788,0.11257803704840857,0.9520946,P_meth_lam10,slim,12
70,1.8560606060606062,0.6204364158190182,0.9524242040816326,P_meth_lam10,slim,12
80,2.0303030303030303,0.8550297288151978,0.9525082462686566,P_meth_lam10,slim,12
90,0.27272727272727276,0.20236432391919057,0.9525512500000001,P_meth_lam10,slim,12
100,1.1590909090909092,0.37318728103241827,0.9525648758169935,P_meth_lam10,slim,12
110,1.0757575757575757,0.6931593778428631,0.9525720563380281,P_meth_lam10,slim,12
120,0.9545454545454546,0.5044677792134525,0.9525729285714285,P_meth_lam10,slim,12
130,0.09090909090909091,0.07413162106760766,0.9525739999999999,P_meth_lam10,slim,12
140,1.4600550964187327,1.0317214529044818,0.9525745283018869,P_meth_lam10,slim,12
0,4.8086124401913874,0.9283588217181565,0.2001686500829187,P_meth_lam10,slim,13
10,0.6969696969696969,0.2870446970950434,0.8433289239130436,P_meth_lam10,slim,13
20,0.27272727272727276,0.16399099982054857,0.9282940277777778,P_meth_lam10,slim,13
30,0.7727272727272727,0.6201007709809053,0.9452307941176469,P_meth_lam10,slim,13
40,0.1893939393939394,0.44924852973208457,0.9481336,P_meth_lam10,slim,13
50,1.1515151515151514,0.7182336263925084,0.9515184144736843,P_meth_lam10,slim,13
60,0.6590909090909091,0.44948921679909193,0.9521163218390805,P_meth_lam10,slim,13
70,1.2651515151515151,0.7389033767522306,0.9523684850299403,P_meth_lam10,slim,13
80,0.6590909090909091,0.18362471738358763,0.9525183908045978,P_meth_lam10,slim,13
90,0.5075757575757576,0.32357912760959756,0.9525599552238806,P_meth_lam10,slim,13
100,1.4772727272727273,0.5841874483672709,0.9525655846153847,P_meth_lam10,slim,13
110,0.7954545454545454,0.9184038591515696,0.952571542857143,P_meth_lam10,slim,13
120,0.4015151515151515,0.17124561850118472,0.9525731320754718,P_meth_lam10,slim,13
130,2.181818181818182,0.4556830931216018,0.9525738472222223,P_meth_lam10,slim,13
140,0.6887052341597797,0.1842227196855932,0.9525737599999999,P_meth_lam10,slim,13
0,3.054226475279107,0.6407490868349611,0.3161482480417755,P_meth_lam10,slim,14
10,0.946969696969697,0.3133212815410091,0.84536216,P_meth_lam10,slim,14
20,1.1136363636363638,0.30955860299795157,0.9175393129251702,P_meth_lam10,slim,14
30,1.5833333333333335,0.41613244801361166,0.9446959712918661,P_meth_lam10,slim,14
40,2.242424242424242,0.5851204025398347,0.9493922364864865,P_meth_lam10,slim,14
50,1.3939393939393938,0.82502802404973,0.9514493913043477,P_meth_lam10,slim,14
60,0.6363636363636364,0.5212877990070708,0.9521307738095237,P_meth_lam10,slim,14
70,0.5681818181818182,0.688561532362392,0.9523941066666667,P_meth_lam10,slim,14
80,0.1590909090909091,0.08784327644012904,0.9525045714285713,P_meth_lam10,slim,14
90,0.9242424242424243,0.3138912062123327,0.9525518688524591,P_meth_lam10,slim,14
100,0.5378787878787878,0.7298155993022677,0.9525678450704226,P_meth_lam10,slim,14
110,0.2803030303030303,0.23067767470858286,0.9525703513513514,P_meth_lam10,slim,14
120,0.46969696969696967,0.6929368533351397,0.9525733225806452,P_meth_lam10,slim,14
130,1.1515151515151514,0.7504600607429793,0.9525739868421053,P_meth_lam10,slim,14
140,0.5509641873278237,0.2837367267099437,0.9525749999999998,P_meth_lam10,slim,14
0,1.586921850079745,1.100036852155851,0.39236374371859295,P_meth_lam10,slim,15
10,0.9924242424242424,0.3524347592144202,0.849649572519084,P_meth_lam10,slim,15
20,1.3636363636363635,0.4677183768440033,0.9196672944444445,P_meth_lam10,slim,15
30,1.5454545454545454,0.746109855033914,0.9451985784313726,P_meth_lam10,slim,15
40,0.6060606060606061,0.32264372311302314,0.9497347125,P_meth_lam10,slim,15
50,0.27272727272727276,0.15193078708588312,0.9511583055555555,P_meth_lam10,slim,15
60,0.8787878787878787,0.2844647893080476,0.9522456896551723,P_meth_lam10,slim,15
70,0.29545454545454547,0.2954308079011098,0.9524053333333333,P_meth_lam10,slim,15
80,0.5303030303030304,0.27067563450587057,0.9525128857142856,P_meth_lam10,slim,15
90,0.44696969696969696,0.41291991856124877,0.9525556101694914,P_meth_lam10,slim,15
100,0.8484848484848486,0.28036745128084534,0.9525666875000001,P_meth_lam10,slim,15
110,0.13636363636363638,0.08920794160934732,0.9525713333333334,P_meth_lam10,slim,15
120,1.0151515151515151,0.25553086797860747,0.9525734776119403,P_meth_lam10,slim,15
130,0.8712121212121213,0.45339960096056203,0.9525743304347826,P_meth_lam10,slim,15
140,0.09641873278236915,1.8864842792976726,0.9525742857142856,P_meth_lam10,slim,15
0,1.8819776714513556,0.7605394478569545,0.37178843220338986,P_meth_lam10,slim,16
10,1.1590909090909092,0.41930862659607593,0.8283022745098039,P_meth_lam10,slim,16
20,1.090909090909091,0.34361329042987815,0.9257446180555555,P_meth_lam10,slim,16
30,0.5757575757575757,0.2897546097324276,0.9429177368421053,P_meth_lam10,slim,16
40,0.45454545454545453,0.17941770798408802,0.9486658166666666,P_meth_lam10,slim,16
50,1.4318181818181819,0.2894078669568324,0.9514901428571428,P_meth_lam10,slim,16
60,1.106060606060606,0.402916924517888,0.9521884794520549,P_meth_lam10,slim,16
70,0.5,0.4782346160180052,0.9523969242424243,P_meth_lam10,slim,16
80,0.5,0.883068439831333,0.9525216818181816,P_meth_lam10,slim,16
90,0.9242424242424243,0.463355123837584,0.9525536065573772,P_meth_lam10,slim,16
100,0.8863636363636364,0.21922926236535942,0.9525662307692307,P_meth_lam10,slim,16
110,2.4015151515151514,0.396877637931198,0.9525702902208201,P_meth_lam10,slim,16
120,2.1287878787878785,0.504090674349705,0.9525715871886121,P_meth_lam10,slim,16
130,0.7272727272727273,0.354469470645497,0.9525740833333333,P_meth_lam10,slim,16
140,0.26170798898071623,0.2651555198443744,0.9525733684210527,P_meth_lam10,slim,16
0,1.1961722488038278,0.6674262291766389,0.49278246000000003,P_meth_lam10,slim,17
10,0.21212121212121215,0.1753170981604986,0.8575983928571428,P_meth_lam10,slim,17
20,1.4393939393939394,0.6385448916408668,0.9272591421052631,P_meth_lam10,slim,17
30,0.9166666666666666,0.6255385145614337,0.9420949338842974,P_meth_lam10,slim,17
40,1.0606060606060608,0.2752998802266755,0.9492047571428571,P_meth_lam10,slim,17
50,0.9772727272727273,0.3761730555113727,0.9513592790697675,P_meth_lam10,slim,17
60,0.5984848484848485,0.14704347850610144,0.9521818227848101,P_meth_lam10,slim,17
70,1.3863636363636365,0.4053101740303496,0.9524505409836066,P_meth_lam10,slim,17
80,0.5909090909090909,0.3010896074956573,0.9525207820512821,P_meth_lam10,slim,17
90,0.5454545454545455,0.3633110851166311,0.9525536111111111,P_meth_lam10,slim,17
100,0.9242424242424243,0.5310574982522325,0.9525661475409837,P_meth_lam10,slim,17
110,0.6818181818181818,0.2574962177533672,0.9525705222222224,P_meth_lam10,slim,17
120,1.121212121212121,0.5970477674887686,0.9525724999999999,P_meth_lam10,slim,17
130,0.6287878787878788,0.3225122752481543,0.9525739036144579,P_meth_lam10,slim,17
140,0.4407713498622589,0.28564472936784874,0.9525741875,P_meth_lam10,slim,17
0,4.9362041467304625,1.0159628569510173,0.2726765234248788,P_meth_lam10,slim,18
10,1.2121212121212122,0.4426318150000211,0.8629519312499999,P_meth_lam10,slim,18
20,0.8409090909090909,0.32903660453626765,0.9259482882882882,P_meth_lam10,slim,18
30,0.8787878787878787,0.4743229931416464,0.9430206034482758,P_meth_lam10,slim,18
40,0.8333333333333334,0.7757736365190632,0.9496556363636364,P_meth_lam10,slim,18
50,0.6136363636363636,0.44120195759641484,0.9515937777777776,P_meth_lam10,slim,18
60,0.5,0.18862368794817613,0.9521019242424242,P_meth_lam10,slim,18
70,2.272727272727273,0.5312341535266705,0.9524154333333333,P_meth_lam10,slim,18
80,1.2651515151515151,0.7783788364571121,0.9525177185628744,P_meth_lam10,slim,18
90,1.1818181818181819,0.3597283170752159,0.9525582435897436,P_meth_lam10,slim,18
100,0.5757575757575757,0.16683629687281726,0.9525692105263157,P_meth_lam10,slim,18
110,0.9924242424242424,0.5007819287576021,0.9525713053435115,P_meth_lam10,slim,18
120,1.0833333333333335,0.26630023814092074,0.952572979020979,P_meth_lam10,slim,18
130,0.25757575757575757,0.22659800060587704,0.9525749411764705,P_meth_lam10,slim,18
140,0.49586776859504134,0.4280155642023346,0.9525739999999998,P_meth_lam10,slim,18
0,3.955342902711324,0.6759907241253276,0.29463663306451615,P_meth_lam10,slim,19
10,0.3106060606060606,0.9096104070725066,0.8630773902439024,P_meth_lam10,slim,19
20,0.8787878787878787,0.3314673143614189,0.9330017500000001,P_meth_lam10,slim,19
30,1.371212121212121,0.3629557835633836,0.9451133149171271,P_meth_lam10,slim,19
40,1.4166666666666665,0.7993160931823039,0.9496890374331552,P_meth_lam10,slim,19
50,1.946969696969697,0.4271296044480706,0.9511734941634241,P_meth_lam10,slim,19
60,1.2272727272727273,0.49134900392913766,0.9522350000000002,P_meth_lam10,slim,19
70,1.5075757575757576,0.44477104484283675,0.9524451457286432,P_meth_lam10,slim,19
80,0.5833333333333334,0.24564965197215774,0.9525138831168831,P_meth_lam10,slim,19
90,0.7121212121212122,0.18671562283684956,0.9525527553191488,P_meth_lam10,slim,19
100,0.7727272727272727,0.3189009947891994,0.9525643039215685,P_meth_lam10,slim,19
110,0.6363636363636364,0.30915245163916605,0.9525715714285715,P_meth_lam10,slim,19
120,0.45454545454545453,0.49579326923076916,0.9525731000000001,P_meth_lam10,slim,19
130,0.6666666666666667,0.26419093799609716,0.9525731590909092,P_meth_lam10,slim,19
140,1.7355371900826446,0.7844172994387587,0.9525743968253969,P_meth_lam10,slim,19
0,2.092902711323764,0.4469248691112107,0.3080669242627998,P_meth_lam10,oracle,-1
10,1.071590909090909,0.2422887036768629,0.8295644880919538,P_meth_lam10,oracle,-1
20,0.9662878787878788,0.22449710560260322,0.9233836782512204,P_meth_lam10,oracle,-1
30,1.031439393939394,0.2356483577052855,0.9434736008545412,P_meth_lam10,oracle,-1
40,0.9412878787878788,0.21491083221680965,0.9494321588609901,P_meth_lam10,oracle,-1
50,0.9147727272727273,0.2101940889014969,0.9514315245423429,P_meth_lam10,oracle,-1
60,0.9363636363636364,0.21546052336178845,0.9521537104961468,P_meth_lam10,oracle,-1
70,1.0049242424242424,0.23697904861353192,0.9524205425621287,P_meth_lam10,oracle,-1
80,0.9367424242424243,0.22082037193955342,0.9525179957274345,P_meth_lam10,oracle,-1
90,0.9325757575757576,0.22016748497691113,0.9525529363492018,P_meth_lam10,oracle,-1
100,0.9212121212121211,0.21695096471894953,0.9525665253537735,P_meth_lam10,oracle,-1
110,0.9670454545454547,0.22614726978958055,0.952571365583356,P_meth_lam10,oracle,-1
120,0.959469696969697,0.2202572595516353,0.9525730878427829,P_meth_lam10,oracle,-1
130,0.8901515151515151,0.20650837163102767,0.9525737484611039,P_meth_lam10,oracle,-1
140,0.9077134986225895,0.20962732806994938,0.9525739568210179,P_meth_lam10,oracle,-1
0,1.036682615629984,0.8272431014867235,0.09233973153846153,P_meth_lam50,slim,0
10,1.659090909090909,0.9868434527914138,0.2083589771689498,P_meth_lam50,slim,0
20,3.0757575757575757,0.9137564748287303,0.3793909532019704,P_meth_lam50,slim,0
30,1.2954545454545454,0.653821198498401,0.5333749473684211,P_meth_lam50,slim,0
40,1.6439393939393938,0.38268843838427563,0.6448250414746544,P_meth_lam50,slim,0
50,2.3333333333333335,0.6020025290739858,0.7247311363636363,P_meth_lam50,slim,0
60,0.553030303030303,0.35386400693332554,0.7977758630136986,P_meth_lam50,slim,0
70,1.3257575757575757,0.4191571131506461,0.8399783542857142,P_meth_lam50,slim,0
80,1.4318181818181819,0.5505121607845042,0.8776224867724867,P_meth_lam50,slim,0
90,1.7424242424242427,0.38594430503329336,0.8944128347826086,P_meth_lam50,slim,0
100,0.9090909090909091,0.7573656680022568,0.9086815,P_meth_lam50,slim,0
110,1.0454545454545454,0.5080661356181806,0.9180470289855073,P_meth_lam50,slim,0
120,0.2803030303030303,0.2128995135219961,0.922831945945946,P_meth_lam50,slim,0
130,1.1893939393939394,0.3214458548933477,0.9303881974522292,P_meth_lam50,slim,0
140,0.4407713498622589,0.13363282609383403,0.935406,P_meth_lam50,slim,0
0,4.186602870813397,1.1203911183540436,0.1044914819047619,P_meth_lam50,slim,1
10,1.9318181818181817,0.9356705639041316,0.2041087450980392,P_meth_lam50,slim,1
20,2.0984848484848486,0.8995630609352856,0.3671890216606498,P_meth_lam50,slim,1
30,1.4848484848484849,0.3400219742092176,0.5110793673469388,P_meth_lam50,slim,1
40,0.9393939393939393,0.49062689215680394,0.6254899193548386,P_meth_lam50,slim,1
50,1.6742424242424243,0.650170945123718,0.7347407239819005,P_meth_lam50,slim,1
60,1.1666666666666667,0.6031904287138583,0.7958831233766234,P_meth_lam50,slim,1
70,1.174242424242424,0.3795172006989349,0.8392031548387098,P_meth_lam50,slim,1
80,0.6212121212121212,0.1882349667667201,0.8672978048780488,P_meth_lam50,slim,1
90,3.015151515151515,0.5415557667607468,0.8956546381909548,P_meth_lam50,slim,1
100,2.871212121212121,0.6309130760480537,0.9079223746701848,P_meth_lam50,slim,1
110,1.2727272727272727,0.217053413775688,0.9172722023809525,P_meth_lam50,slim,1
120,0.46969696969696967,0.20162800323235514,0.9265388387096775,P_meth_lam50,slim,1
130,0.7727272727272727,0.9269407650152838,0.9319024019607843,P_meth_lam50,slim,1
140,0.12396694214876033,0.5697841726618705,0.9344767777777778,P_meth_lam50,slim,1
0,3.0223285486443383,0.9832237979937736,0.11369894722955146,P_meth_lam50,slim,2
10,0.9772727272727273,0.8743876513540992,0.19556895348837208,P_meth_lam50,slim,2
20,2.4242424242424243,1.0115378536431165,0.31192600000000004,P_meth_lam50,slim,2
30,0.7727272727272727,0.42318862444838384,0.4754173137254902,P_meth_lam50,slim,2
40,2.1136363636363638,0.5622183412513283,0.6204256630824373,P_meth_lam50,slim,2
50,0.5151515151515151,0.14796010879419763,0.7471414852941177,P_meth_lam50,slim,2
60,0.9696969696969697,0.6989616514292805,0.8001792656249999,P_meth_lam50,slim,2
70,0.25757575757575757,0.1681327079555842,0.8405619411764705,P_meth_lam50,slim,2
80,0.36363636363636365,0.18588385779415478,0.871418625,P_meth_lam50,slim,2
90,0.3409090909090909,0.8366432857263586,0.8900605777777778,P_meth_lam50,slim,2
100,0.5151515151515151,0.18382744468383158,0.9051115147058825,P_meth_lam50,slim,2
110,0.9090909090909091,0.4343581699919929,0.9174570833333333,P_meth_lam50,slim,2
120,0.803030303030303,0.573095007946,0.9243737264150945,P_meth_lam50,slim,2
130,0.6590909090909091,0.30072431509539693,0.9318416551724138,P_meth_lam50,slim,2
140,1.5840220385674932,0.9300900680105387,0.9345657565217391,P_meth_lam50,slim,2
0,4.194577352472089,1.1065883380455883,0.08620519201520913,P_meth_lam50,slim,3
10,1.3257575757575757,0.5087298930566078,0.18238344571428572,P_meth_lam50,slim,3
20,0.28787878787878785,0.7352682497801231,0.3696796315789474,P_meth_lam50,slim,3
30,2.9545454545454546,0.7825444551526631,0.5184300230769231,P_meth_lam50,slim,3
40,2.106060606060606,0.8888415219013109,0.6450308273381294,P_meth_lam50,slim,3
50,1.2121212121212122,0.7984394138728848,0.7282190312500001,P_meth_lam50,slim,3
60,1.4621212121212122,0.6034478674669687,0.7997098393782384,P_meth_lam50,slim,3
70,0.6742424242424242,0.18523949631507744,0.8442908876404494,P_meth_lam50,slim,3
80,0.5075757575757576,0.2573338997550032,0.8680503432835821,P_meth_lam50,slim,3
90,0.4090909090909091,0.24304418985270052,0.8913167037037039,P_meth_lam50,slim,3
100,1.4545454545454546,0.7072257351586961,0.9062871822916666,P_meth_lam50,slim,3
110,0.9090909090909091,0.43559324830465124,0.9153862,P_meth_lam50,slim,3
120,0.962121212121212,0.5788554104542033,0.9243606771653543,P_meth_lam50,slim,3
130,0.48484848484848486,0.21715325652770706,0.9309725624999999,P_meth_lam50,slim,3
140,0.8677685950413223,0.26516842467762713,0.9340437142857142,P_meth_lam50,slim,3
0,6.092503987240829,0.9504207002623721,0.07466177578534032,P_meth_lam50,slim,4
10,1.5606060606060606,0.8687761987526839,0.18208377669902914,P_meth_lam50,slim,4
20,3.5909090909090913,0.8691810793915399,0.34630552531645564,P_meth_lam50,slim,4
30,0.7651515151515151,0.6386219714315824,0.5313938712871288,P_meth_lam50,slim,4
40,1.2045454545454546,0.30800749032890523,0.6561341509433962,P_meth_lam50,slim,4
50,2.287878787878788,0.5778614025576426,0.7511595264900662,P_meth_lam50,slim,4
60,1.840909090909091,1.1649343008433024,0.8096652098765431,P_meth_lam50,slim,4
70,1.3106060606060606,0.4678396118955331,0.8506500751445086,P_meth_lam50,slim,4
80,0.5606060606060606,0.4235575713951209,0.8751427027027027,P_meth_lam50,slim,4
90,1.2803030303030303,0.7128705277823937,0.8900947337278106,P_meth_lam50,slim,4
100,0.8181818181818182,0.6026989549159536,0.9085957407407406,P_meth_lam50,slim,4
110,0.44696969696969696,0.7003093302640098,0.9200245762711865,P_meth_lam50,slim,4
120,0.5378787878787878,0.3876026700414402,0.9257139999999998,P_meth_lam50,slim,4
130,0.787878787878788,0.4007122216060013,0.9307477692307693,P_meth_lam50,slim,4
140,1.0330578512396695,0.4980630879911455,0.9349734933333333,P_meth_lam50,slim,4
0,2.1770334928229667,0.7446623850026038,0.10269032600732603,P_meth_lam50,slim,5
10,0.9242424242424243,2.0707213578500707,0.21117554918032788,P_meth_lam50,slim,5
20,0.45454545454545453,0.6837842971353582,0.34511223333333335,P_meth_lam50,slim,5
30,0.9393939393939393,0.43850530985779657,0.516961435483871,P_meth_lam50,slim,5
40,1.6515151515151514,0.8977014649729218,0.640782128440367,P_meth_lam50,slim,5
50,2.007575757575758,0.5018622561706964,0.7390468264150943,P_meth_lam50,slim,5
60,0.8863636363636364,0.38559872166183967,0.7960600256410257,P_meth_lam50,slim,5
70,0.6363636363636364,0.20766222675037083,0.8414845833333334,P_meth_lam50,slim,5
80,1.0303030303030303,0.5037178372008193,0.8730117352941178,P_meth_lam50,slim,5
90,1.9545454545454546,0.9307410180868102,0.8975263488372094,P_meth_lam50,slim,5
100,0.7575757575757576,0.8125577100646352,0.9032279,P_meth_lam50,slim,5
110,1.0303030303030303,0.37942258105423343,0.9154397426470589,P_meth_lam50,slim,5
120,1.893939393939394,0.7891489626278182,0.9258077199999999,P_meth_lam50,slim,5
130,0.7272727272727273,0.5511721978165369,0.9317139270833334,P_meth_lam50,slim,5
140,1.2534435261707988,0.3228442112732081,0.9345144175824175,P_meth_lam50,slim,5
0,7.033492822966507,0.9699413489736071,0.08939873922902494,P_meth_lam50,slim,6
10,3.166666666666667,0.588192652921988,0.20300990430622007,P_meth_lam50,slim,6
20,1.2803030303030303,0.6465487259152775,0.3609164615384616,P_meth_lam50,slim,6
30,0.5,1.0596993139687636,0.4845744545454546,P_meth_lam50,slim,6
40,2.159090909090909,0.45172585211922106,0.6458045192982456,P_meth_lam50,slim,6
50,1.946969696969697,0.7030793399460318,0.751874513618677,P_meth_lam50,slim,6
60,1.0833333333333335,0.730212765957447,0.8076901048951048,P_meth_lam50,slim,6
70,1.1818181818181819,0.3218546027458924,0.8488612115384615,P_meth_lam50,slim,6
80,0.5,0.5318096912427205,0.8660856060606061,P_meth_lam50,slim,6
90,0.5681818181818182,0.2581822923458078,0.8941969866666667,P_meth_lam50,slim,6
100,0.7727272727272727,0.2359944051237288,0.906647294117647,P_meth_lam50,slim,6
110,0.8484848484848486,0.22049414312432328,0.9178490357142858,P_meth_lam50,slim,6
120,0.3257575757575758,0.2881364536270876,0.9246937209302326,P_meth_lam50,slim,6
130,0.8257575757575757,0.4053894138927865,0.9295996513761469,P_meth_lam50,slim,6
140,2.024793388429752,0.8554424017987039,0.9344442857142856,P_meth_lam50,slim,6
0,4.872408293460925,0.8599467731204257,0.1000164464811784,P_meth_lam50,slim,7
10,3.871212121212121,1.0461080351742427,0.1914767495107632,P_meth_lam50,slim,7
20,3.848484848484848,0.8662491473925714,0.3559663385826772,P_meth_lam50,slim,7
30,1.3106060606060606,0.5466950755308707,0.4714853294797688,P_meth_lam50,slim,7
40,0.5606060606060606,0.3925035360678925,0.6541300810810811,P_meth_lam50,slim,7
50,0.6666666666666667,0.6250269037062546,0.7530502727272729,P_meth_lam50,slim,7
60,0.5303030303030304,0.20652844459941525,0.8067616,P_meth_lam50,slim,7
70,0.8636363636363636,0.31716858327993797,0.8422258157894738,P_meth_lam50,slim,7
80,0.8787878787878787,0.3509013158799345,0.8753902931034482,P_meth_lam50,slim,7
90,1.090909090909091,0.2905693373527128,0.8932242708333334,P_meth_lam50,slim,7
100,1.2803030303030303,0.5842359990781286,0.9093058165680473,P_meth_lam50,slim,7
110,0.9015151515151516,1.1979134891098775,0.9197998739495798,P_meth_lam50,slim,7
120,0.7651515151515151,0.6992772247107326,0.9251640792079209,P_meth_lam50,slim,7
130,0.3257575757575758,0.17912030345680727,0.9300850465116279,P_meth_lam50,slim,7
140,1.487603305785124,0.4130138772199206,0.934869814814815,P_meth_lam50,slim,7
0,5.7336523125996814,1.0758738896421007,0.08851704033379694,P_meth_lam50,slim,8
10,3.272727272727273,1.2752482332945703,0.25226551851851853,P_meth_lam50,slim,8
20,1.8257575757575757,0.8031264674250571,0.32086611618257266,P_meth_lam50,slim,8
30,1.1287878787878787,0.6323302469135803,0.524774744966443,P_meth_lam50,slim,8
40,0.8409090909090909,0.42821320645534616,0.666013963963964,P_meth_lam50,slim,8
50,1.1136363636363638,0.448015515688855,0.7456647210884354,P_meth_lam50,slim,8
60,2.3106060606060606,0.4653539047654274,0.8023570819672132,P_meth_lam50,slim,8
70,2.265151515151515,0.45752149196427744,0.8401762541806019,P_meth_lam50,slim,8
80,1.143939393939394,0.5412362735833687,0.8746240993377484,P_meth_lam50,slim,8
90,0.6742424242424242,0.9144262652365459,0.893469831460674,P_meth_lam50,slim,8
100,1.3636363636363635,0.45241286863270774,0.9049103888888889,P_meth_lam50,slim,8
110,1.5,0.968897126969416,0.9179142676767678,P_meth_lam50,slim,8
120,1.3484848484848484,0.3811427143927768,0.9254726741573034,P_meth_lam50,slim,8
130,1.3560606060606062,0.6083419155509784,0.930864407821229,P_meth_lam50,slim,8
140,0.8677685950413223,0.4637674693554324,0.9350890476190477,P_meth_lam50,slim,8
0,1.8500797448165869,0.7422848333834267,0.10164209137931035,P_meth_lam50,slim,9
10,2.4545454545454546,0.7726689671369986,0.223201975308642,P_meth_lam50,slim,9
20,1.7651515151515151,0.5545338497154849,0.36509188841201723,P_meth_lam50,slim,9
30,0.24242424242424243,0.28710085233065535,0.48531428125,P_meth_lam50,slim,9
40,1.6893939393939394,0.4340530194672101,0.6487872645739909,P_meth_lam50,slim,9
50,0.43939393939393934,0.1915168252634107,0.7256831551724138,P_meth_lam50,slim,9
60,2.0378787878787876,0.5932792429123281,0.7945447323420074,P_meth_lam50,slim,9
70,0.9848484848484848,0.493548776769844,0.8343465384615385,P_meth_lam50,slim,9
80,0.10606060606060608,0.0935146951663833,0.8703315714285713,P_meth_lam50,slim,9
90,0.44696969696969696,0.36303291908673085,0.8942365254237288,P_meth_lam50,slim,9
100,0.7727272727272727,0.3161839991733751,0.9102876470588234,P_meth_lam50,slim,9
110,0.9318181818181818,0.5863827451207004,0.9166737398373983,P_meth_lam50,slim,9
120,0.3257575757575758,0.1991537020273257,0.9234757674418606,P_meth_lam50,slim,9
130,1.5909090909090908,0.8319877062711224,0.9308428095238095,P_meth_lam50,slim,9
140,1.997245179063361,0.5439107008888989,0.9340511034482759,P_meth_lam50,slim,9
0,2.5279106858054226,0.5240785040642261,0.08292851451104101,P_meth_lam50,slim,10
10,1.7196969696969697,1.0382968106781985,0.1892174185022026,P_meth_lam50,slim,10
20,1.0075757575757576,0.7445608380338437,0.34792324812030073,P_meth_lam50,slim,10
30,3.2651515151515156,1.0275063663782982,0.5238569025522042,P_meth_lam50,slim,10
40,1.1136363636363638,1.0822810227120612,0.6341261904761906,P_meth_lam50,slim,10
50,0.7045454545454546,0.7530456759376265,0.7357933978494624,P_meth_lam50,slim,10
60,1.4772727272727273,0.4035292347053954,0.8067511282051281,P_meth_lam50,slim,10
70,1.2803030303030303,0.4048198018364606,0.8447446153846154,P_meth_lam50,slim,10
80,1.7575757575757573,0.6445393892197925,0.875713099137931,P_meth_lam50,slim,10
90,0.7575757575757576,0.6210186587878843,0.8954619899999998,P_meth_lam50,slim,10
100,0.5757575757575757,0.15344658278498208,0.9071021973684211,P_meth_lam50,slim,10
110,0.6893939393939394,0.23454157782515994,0.9190487692307694,P_meth_lam50,slim,10
120,0.6136363636363636,0.18552257607779038,0.9260606049382716,P_meth_lam50,slim,10
130,1.0151515151515151,0.9867562230131547,0.9315618656716418,P_meth_lam50,slim,10
140,0.055096418732782364,0.5834254143646409,0.9344680000000001,P_meth_lam50,slim,10
0,2.017543859649123,0.5466652698296295,0.09679359565217392,P_meth_lam50,slim,11
10,3.4545454545454546,0.8643233975583208,0.17826862938596494,P_meth_lam50,slim,11
20,1.5984848484848484,0.5437252559327196,0.3739299194312796,P_meth_lam50,slim,11
30,1.6136363636363635,0.40269725233173687,0.508513910798122,P_meth_lam50,slim,11
40,0.29545454545454547,0.6581436972641267,0.6275431025641026,P_meth_lam50,slim,11
50,1.946969696969697,0.692453715988651,0.7345946186770428,P_meth_lam50,slim,11
60,1.7575757575757573,0.45266820591200285,0.7969382456896552,P_meth_lam50,slim,11
70,0.946969696969697,0.26619343389529726,0.8449331199999999,P_meth_lam50,slim,11
80,0.18181818181818182,0.13754059357796572,0.8718180416666668,P_meth_lam50,slim,11
90,1.4772727272727273,0.5170647435768667,0.8919151025641027,P_meth_lam50,slim,11
100,1.2196969696969697,0.43014147792822877,0.9075728757763976,P_meth_lam50,slim,11
110,2.0454545454545454,0.6066919965682068,0.9173703074074073,P_meth_lam50,slim,11
120,2.3636363636363638,0.41902289038701424,0.9261003205128205,P_meth_lam50,slim,11
130,1.4772727272727273,0.5496101056515463,0.9307307692307693,P_meth_lam50,slim,11
140,0.7575757575757576,0.19663393045767494,0.9347032727272728,P_meth_lam50,slim,11
0,2.6634768740031896,1.1015721039007764,0.08901427754491018,P_meth_lam50,slim,12
10,2.734848484848485,0.8980268737161488,0.20208029916897505,P_meth_lam50,slim,12
20,2.5227272727272725,1.2400485231472338,0.39562573873873874,P_meth_lam50,slim,12
30,1.924242424242424,0.5292485264450625,0.4865593818897638,P_meth_lam50,slim,12
40,0.6590909090909091,0.5655025704662294,0.6482239655172414,P_meth_lam50,slim,12
50,1.712121212121212,0.8428356707764981,0.7251831991150444,P_meth_lam50,slim,12
60,0.21969696969696967,0.0720098420975406,0.7902281724137932,P_meth_lam50,slim,12
70,0.6060606060606061,0.9566603855631253,0.8506864500000002,P_meth_lam50,slim,12
80,0.5984848484848485,0.22384983943260464,0.869430582278481,P_meth_lam50,slim,12
90,1.8560606060606062,0.6067086897793786,0.8905223428571429,P_meth_lam50,slim,12
100,0.7727272727272727,0.2856173101400085,0.9077424705882353,P_meth_lam50,slim,12
110,1.0378787878787878,1.0551374059163314,0.9176748321167884,P_meth_lam50,slim,12
120,2.083333333333333,0.6299196201740869,0.9266694618181818,P_meth_lam50,slim,12
130,0.6742424242424242,0.48151487826871053,0.9298968426966292,P_meth_lam50,slim,12
140,0.4820936639118457,0.2740831266833569,0.9347112285714286,P_meth_lam50,slim,12
0,4.681020733652312,1.0266126446497799,0.06153232214650767,P_meth_lam50,slim,13
10,1.3181818181818181,0.8912343331651857,0.14778167816091956,P_meth_lam50,slim,13
20,2.1212121212121215,0.4643391082578489,0.3466352571428571,P_meth_lam50,slim,13
30,1.5,0.9113733366808939,0.504052691919192,P_meth_lam50,slim,13
40,1.5151515151515151,0.49625366081062283,0.654095425,P_meth_lam50,slim,13
50,0.856060606060606,0.8288324331532975,0.7552690619469027,P_meth_lam50,slim,13
60,0.9924242424242424,0.33868958547152517,0.8092000229007633,P_meth_lam50,slim,13
70,0.6590909090909091,0.4238701962115955,0.836443091954023,P_meth_lam50,slim,13
80,1.712121212121212,0.9622542916309165,0.8755109734513274,P_meth_lam50,slim,13
90,0.27272727272727276,0.11674872490344645,0.8895897777777778,P_meth_lam50,slim,13
100,0.07575757575757576,0.35213146241263404,0.9080569000000001,P_meth_lam50,slim,13
110,0.3560606060606061,0.26931525164740716,0.9168121489361701,P_meth_lam50,slim,13
120,0.5681818181818182,0.20788361877084083,0.9259121333333333,P_meth_lam50,slim,13
130,0.3787878787878788,0.2325942006512638,0.9316533200000001,P_meth_lam50,slim,13
140,1.8044077134986225,0.5663751596737742,0.9347038320610687,P_meth_lam50,slim,13
0,2.5199362041467306,0.6979662729953047,0.08105521424050632,P_meth_lam50,slim,14
10,2.4696969696969697,1.1334590625098775,0.20630980061349694,P_meth_lam50,slim,14
20,1.8636363636363635,0.7304662368571416,0.36149132113821136,P_meth_lam50,slim,14
30,1.5606060606060606,0.7273855635686619,0.5135332184466019,P_meth_lam50,slim,14
40,0.8939393939393939,0.3122318887062503,0.6114529152542373,P_meth_lam50,slim,14
50,0.46969696969696967,0.30688005279656827,0.7451867741935483,P_meth_lam50,slim,14
60,1.0303030303030303,0.41310751104565535,0.8054744705882353,P_meth_lam50,slim,14
70,0.1590909090909091,0.27517471410419314,0.8500117142857144,P_meth_lam50,slim,14
80,1.2045454545454546,0.804199555521496,0.874281855345912,P_meth_lam50,slim,14
90,0.8106060606060607,0.2656704963546486,0.8945044859813084,P_meth_lam50,slim,14
100,1.2272727272727273,0.5318926663283885,0.9060623703703704,P_meth_lam50,slim,14
110,0.8181818181818182,0.36725987448862873,0.9193647407407407,P_meth_lam50,slim,14
120,0.9166666666666666,0.2392672776680878,0.9257325041322314,P_meth_lam50,slim,14
130,0.9318181818181818,0.3277536881373997,0.9322986016260163,P_meth_lam50,slim,14
140,0.5922865013774105,0.9282700421940927,0.9341623255813954,P_meth_lam50,slim,14
0,1.0925039872408293,1.9848534738228516,0.0847468,P_meth_lam50,slim,15
10,1.7424242424242427,1.6399995678525512,0.2013000695652174,P_meth_lam50,slim,15
20,1.7651515151515151,0.9177936665194504,0.3664088369098712,P_meth_lam50,slim,15
30,1.4772727272727273,0.5785023666005905,0.5202944717948718,P_meth_lam50,slim,15
40,1.1136363636363638,0.7297150937152141,0.6515369659863947,P_meth_lam50,slim,15
50,1.25,0.47201501432515724,0.7398996303030303,P_meth_lam50,slim,15
60,1.1287878787878787,0.4432984578767293,0.7960462080536912,P_meth_lam50,slim,15
70,1.2272727272727273,1.2498977122616697,0.8411629506172839,P_meth_lam50,slim,15
80,0.5378787878787878,0.3632642619595805,0.8713776056338028,P_meth_lam50,slim,15
90,0.9166666666666666,0.5667246212255616,0.8942837603305785,P_meth_lam50,slim,15
100,0.9393939393939393,0.3410397879752638,0.9045955322580644,P_meth_lam50,slim,15
110,0.9318181818181818,0.32885169266666403,0.9161648373983741,P_meth_lam50,slim,15
120,1.0984848484848484,0.4669864490975011,0.9273078275862069,P_meth_lam50,slim,15
130,1.053030303030303,0.19634365061360068,0.9319071223021582,P_meth_lam50,slim,15
140,0.4269972451790634,0.20605059619722846,0.9344058064516129,P_meth_lam50,slim,15
0,4.904306220095694,0.9527900622517677,0.0884278081300813,P_meth_lam50,slim,16
10,4.5227272727272725,1.2496471670287497,0.20932316415410387,P_meth_lam50,slim,16
20,1.0681818181818181,0.4206596029363903,0.40330302836879434,P_meth_lam50,slim,16
30,1.4090909090909092,1.0605982064175004,0.48569380107526877,P_meth_lam50,slim,16
40,0.5681818181818182,0.2391073326248672,0.6147062533333334,P_meth_lam50,slim,16
50,1.446969696969697,0.5847888107995268,0.7243753089005236,P_meth_lam50,slim,16
60,0.44696969696969696,0.4272500850330806,0.7958062881355933,P_meth_lam50,slim,16
70,0.9545454545454546,0.2520458265139116,0.8461469126984128,P_meth_lam50,slim,16
80,2.734848484848485,0.8786856226143718,0.874827700831025,P_meth_lam50,slim,16
90,0.803030303030303,0.7802810617889806,0.8888855660377358,P_meth_lam50,slim,16
100,1.3257575757575757,0.4061681289891512,0.9034091657142858,P_meth_lam50,slim,16
110,0.8181818181818182,0.3084752804320731,0.9164658148148148,P_meth_lam50,slim,16
120,0.3787878787878788,0.27461096779562283,0.9251064800000002,P_meth_lam50,slim,16
130,0.17424242424242423,0.16493187596427564,0.9308521739130434,P_meth_lam50,slim,16
140,0.15151515151515152,0.08734149803902698,0.9343721818181817,P_meth_lam50,slim,16
0,8.971291866028707,1.1313389262869837,0.08685214133333333,P_meth_lam50,slim,17
10,3.121212121212121,0.9763804407931116,0.18511069417475728,P_meth_lam50,slim,17
20,2.628787878787879,0.815638956358223,0.3804458876080692,P_meth_lam50,slim,17
30,1.9090909090909092,0.5669581224114127,0.5344953452380952,P_meth_lam50,slim,17
40,0.8939393939393939,0.9386751518657795,0.6195002118644067,P_meth_lam50,slim,17
50,1.0757575757575757,0.3960580141316475,0.7331675492957748,P_meth_lam50,slim,17
60,2.5984848484848486,0.3995488793464045,0.7990714868804664,P_meth_lam50,slim,17
70,1.1590909090909092,0.6473823902758009,0.8396068039215685,P_meth_lam50,slim,17
80,1.2348484848484849,0.24651300277034974,0.8742062576687116,P_meth_lam50,slim,17
90,1.7651515151515151,0.7827786657436347,0.8910391759656653,P_meth_lam50,slim,17
100,0.6439393939393939,0.25597853613130195,0.9050483529411764,P_meth_lam50,slim,17
110,0.9545454545454546,0.45548155288756464,0.9160534126984127,P_meth_lam50,slim,17
120,1.1590909090909092,0.7202927392951145,0.9260182026143792,P_meth_lam50,slim,17
130,1.1363636363636365,0.26241153550507595,0.9307573599999999,P_meth_lam50,slim,17
140,0.5922865013774105,0.15053706404986075,0.9351739767441861,P_meth_lam50,slim,17
0,2.368421052631579,0.7381327147709386,0.08648974444444445,P_meth_lam50,slim,18
10,1.4696969696969697,1.039454456892353,0.15823196907216494,P_meth_lam50,slim,18
20,3.0606060606060606,0.978994790002974,0.3305995618811881,P_meth_lam50,slim,18
30,1.7727272727272727,0.9186022304832713,0.46900823504273503,P_meth_lam50,slim,18
40,0.5833333333333334,1.0737829614604462,0.6259131688311689,P_meth_lam50,slim,18
50,1.3560606060606062,0.5953196807224058,0.7551247318435753,P_meth_lam50,slim,18
60,0.5151515151515151,0.29770354352123324,0.8070116323529412,P_meth_lam50,slim,18
70,0.7121212121212122,0.3049742659528971,0.8405058404255319,P_meth_lam50,slim,18
80,0.5151515151515151,0.23916739052816138,0.8765551764705882,P_meth_lam50,slim,18
90,0.4772727272727273,0.15205538063213792,0.8907646825396826,P_meth_lam50,slim,18
100,0.7045454545454546,0.3794979596883888,0.9053575483870969,P_meth_lam50,slim,18
110,2.0227272727272725,0.6378427291647815,0.9150081835205993,P_meth_lam50,slim,18
120,1.3181818181818181,0.38860708520998793,0.9256458505747128,P_meth_lam50,slim,18
130,1.3484848484848484,0.3308252044425421,0.9321250617977528,P_meth_lam50,slim,18
140,0.4269972451790634,0.20906350584989528,0.9343145161290323,P_meth_lam50,slim,18
0,7.049441786283891,1.0559560416489449,0.08058618472850677,P_meth_lam50,slim,19
10,3.840909090909091,1.4534603406262625,0.2233375325443787,P_meth_lam50,slim,19
20,2.287878787878788,0.7042412764814788,0.38698546357615893,P_meth_lam50,slim,19
30,2.0,0.7461555261501304,0.5361662878787878,P_meth_lam50,slim,19
40,1.924242424242424,0.6302231946496442,0.6405934999999999,P_meth_lam50,slim,19
50,1.4924242424242424,0.43581441184160247,0.7411543502538072,P_meth_lam50,slim,19
60,1.5984848484848484,0.6244031045290074,0.8042427203791469,P_meth_lam50,slim,19
70,1.0681818181818181,0.5900965739396207,0.8449103687943262,P_meth_lam50,slim,19
80,0.25757575757575757,0.2563838903170523,0.871164294117647,P_meth_lam50,slim,19
90,0.0984848484848485,0.06762401677201721,0.8865773076923078,P_meth_lam50,slim,19
100,0.6212121212121212,0.2931998439734755,0.909856487804878,P_meth_lam50,slim,19
110,0.946969696969697,0.24670683751738162,0.918200424,P_meth_lam50,slim,19
120,1.2045454545454546,0.3600506417712268,0.9244423773584906,P_meth_lam50,slim,19
130,0.14393939393939392,0.28053063689850344,0.9297490526315791,P_meth_lam50,slim,19
140,0.12396694214876033,0.5670644391408115,0.9338144444444444,P_meth_lam50,slim,19
0,4.099282296650718,0.7804943607152758,0.09100682330731885,P_meth_lam50,oracle,-1
10,2.9477272727272728,0.5874489489081358,0.20205084688063318,P_meth_lam50,oracle,-1
20,1.956439393939394,0.41010806111010734,0.36292097836629805,P_meth_lam50,oracle,-1
30,1.5390151515151516,0.3469141480823451,0.5140220280060218,P_meth_lam50,oracle,-1
40,1.2132575757575756,0.28524262087798335,0.6437102917265172,P_meth_lam50,oracle,-1
50,1.1602272727272727,0.2746523711428502,0.7366102792674515,P_meth_lam50,oracle,-1
60,1.0617424242424243,0.2475511672719046,0.800496244957616,P_meth_lam50,oracle,-1
70,0.9958333333333333,0.22447937100444001,0.8431191313551227,P_meth_lam50,oracle,-1
80,0.9772727272727273,0.23476068579375728,0.8723589723197713,P_meth_lam50,oracle,-1
90,1.012878787878788,0.23115741396304,0.892128420856178,P_meth_lam50,oracle,-1
100,0.9685606060606061,0.22019191371481037,0.9069122457893339,P_meth_lam50,oracle,-1
110,0.9791666666666667,0.22832802856433024,0.9173140510865387,P_meth_lam50,oracle,-1
120,0.9886363636363635,0.23771594144203256,0.9252076352160151,P_meth_lam50,oracle,-1
130,0.9810606060606062,0.21909108217652262,0.9310635704092767,P_meth_lam50,oracle,-1
140,0.9214876033057852,0.20549735442052483,0.9346899980143888,P_meth_lam50,oracle,-1
0,4.130781499202552,1.1049988041138483,0.1176012664092664,P_meth_r5,slim,0
10,6.787878787878789,0.7362201489471365,0.428642859375,P_meth_r5,slim,0
20,3.772727272727273,0.7638835628377201,0.7073022911646586,P_meth_r5,slim,0
30,3.1363636363636362,1.2210151889570606,0.8095406280193238,P_meth_r5,slim,0
40,3.931818181818182,0.6730406488729604,0.8666724181117534,P_meth_r5,slim,0
50,1.3560606060606062,0.23121455160347118,0.9124243016759778,P_meth_r5,slim,0
60,3.151515151515152,0.6856320920568963,0.9271807019230768,P_meth_r5,slim,0
70,2.356060606060606,0.9218870704058352,0.9365399356913183,P_meth_r5,slim,0
80,3.212121212121212,0.8425185234248691,0.9416821933962265,P_meth_r5,slim,0
90,3.7575757575757573,1.0451539986654619,0.9457638709677421,P_meth_r5,slim,0
100,5.681818181818182,0.9488902776127071,0.9485027733333333,P_meth_r5,slim,0
110,2.6818181818181817,0.7323081938027746,0.9497568079096045,P_meth_r5,slim,0
120,1.575757575757576,0.7320350660154,0.9507224519230769,P_meth_r5,slim,0
130,1.0227272727272727,0.5963216790705144,0.9514508444444445,P_meth_r5,slim,0
140,6.446280991735537,0.9826396510751201,0.9517057222222223,P_meth_r5,slim,0
0,7.6714513556618815,1.0867526136698185,0.10544317463617464,P_meth_r5,slim,1
10,3.2878787878787876,0.91712158808933,0.3800363064516129,P_meth_r5,slim,1
20,2.931818181818182,0.9060756233659811,0.6949245400516797,P_meth_r5,slim,1
30,2.75,1.1859515382521097,0.8328260881542701,P_meth_r5,slim,1
40,2.0303030303030303,0.8129348935114119,0.8711505373134327,P_meth_r5,slim,1
50,3.227272727272727,0.985837958758621,0.9022473309859156,P_meth_r5,slim,1
60,1.5606060606060606,0.5376059217316004,0.9278950679611649,P_meth_r5,slim,1
70,1.9545454545454546,0.539988583750872,0.9364072209302324,P_meth_r5,slim,1
80,2.212121212121212,0.9777281720866522,0.9429006917808221,P_meth_r5,slim,1
90,2.4318181818181817,0.5670103092783505,0.9465433489096573,P_meth_r5,slim,1
100,3.5909090909090913,0.668070403225462,0.9486610084388186,P_meth_r5,slim,1
110,2.909090909090909,1.1901664749113618,0.9498846171874998,P_meth_r5,slim,1
120,2.053030303030303,0.7256749190583998,0.9504794575645756,P_meth_r5,slim,1
130,7.659090909090908,0.7383604162862882,0.9514549258160238,P_meth_r5,slim,1
140,0.5785123966942148,0.8141447368421053,0.9516766666666666,P_meth_r5,slim,1
0,6.044657097288677,0.8870574509244172,0.18504645778364118,P_meth_r5,slim,2
10,1.1590909090909092,0.4532905988661002,0.42171420915032687,P_meth_r5,slim,2
20,1.9318181818181817,0.8065752899453658,0.6747163607843136,P_meth_r5,slim,2
30,5.378787878787879,0.8014613071721038,0.8168657633802817,P_meth_r5,slim,2
40,4.015151515151516,0.8292558033682295,0.870083979245283,P_meth_r5,slim,2
50,3.5833333333333335,0.8552056652101855,0.9121158076109935,P_meth_r5,slim,2
60,3.2803030303030307,0.643683442348235,0.9274619630484988,P_meth_r5,slim,2
70,0.5,0.5692554984906104,0.9389525,P_meth_r5,slim,2
80,1.7045454545454544,0.5718026222059645,0.942628608888889,P_meth_r5,slim,2
90,1.5075757575757576,0.6242039427409083,0.9462827638190955,P_meth_r5,slim,2
100,2.212121212121212,1.0774546308409647,0.9479649520547946,P_meth_r5,slim,2
110,2.628787878787879,0.812021117796601,0.9496863976945247,P_meth_r5,slim,2
120,5.196969696969697,0.9450515044303202,0.9509182215743439,P_meth_r5,slim,2
130,2.0454545454545454,0.780825519235825,0.951331888888889,P_meth_r5,slim,2
140,3.3057851239669422,0.7110025854639472,0.9516775000000001,P_meth_r5,slim,2
0,3.349282296650718,1.0856878764853795,0.0995232142857143,P_meth_r5,slim,3
10,4.166666666666666,1.0417354221611275,0.4523368290909091,P_meth_r5,slim,3
20,4.1893939393939394,0.8379480397829021,0.6827719059674503,P_meth_r5,slim,3
30,2.590909090909091,0.740264595727376,0.8231595643274854,P_meth_r5,slim,3
40,2.2575757575757573,0.915506069859239,0.8738368456375838,P_meth_r5,slim,3
50,4.151515151515151,0.9680398050430785,0.9095933576642335,P_meth_r5,slim,3
60,2.878787878787879,1.5296040594276794,0.9280816842105263,P_meth_r5,slim,3
70,1.5075757575757576,0.7888525180936363,0.935500447236181,P_meth_r5,slim,3
80,3.833333333333333,0.7397136478009709,0.9418642687747038,P_meth_r5,slim,3
90,2.0757575757575757,0.6879812520924005,0.9455076824817518,P_meth_r5,slim,3
100,3.977272727272727,0.8428196147110333,0.9484714285714285,P_meth_r5,slim,3
110,4.007575757575758,0.7815389023445719,0.949663988657845,P_meth_r5,slim,3
120,6.59090909090909,0.9531793394809137,0.9506918275862069,P_meth_r5,slim,3
130,4.28030303030303,0.9496959139390606,0.9512459999999999,P_meth_r5,slim,3
140,1.1570247933884297,0.558223833257816,0.9517661309523812,P_meth_r5,slim,3
0,4.968102073365231,1.2192720781415871,0.17948573322632425,P_meth_r5,slim,4
10,1.5378787878787878,0.5743534344174801,0.3298909802955665,P_meth_r5,slim,4
20,6.318181818181818,0.9746044055858623,0.6780069160671462,P_meth_r5,slim,4
30,0.7348484848484849,0.32547687802497266,0.806808474226804,P_meth_r5,slim,4
40,3.7954545454545454,0.8378011330813122,0.8850317584830338,P_meth_r5,slim,4
50,1.7272727272727273,0.43925634671126956,0.9079000833333333,P_meth_r5,slim,4
60,4.431818181818182,0.8803551518219317,0.9277002222222224,P_meth_r5,slim,4
70,2.5,0.9097972380260154,0.9372400303030304,P_meth_r5,slim,4
80,3.931818181818182,0.9834342970342513,0.9422064354527939,P_meth_r5,slim,4
90,2.234848484848485,0.629498147393742,0.9454818915254236,P_meth_r5,slim,4
100,2.083333333333333,0.631513021694125,0.9487987636363637,P_meth_r5,slim,4
110,2.015151515151515,1.0413799648839748,0.9494969172932329,P_meth_r5,slim,4
120,2.0681818181818183,0.7546490199363377,0.950828032967033,P_meth_r5,slim,4
130,4.825757575757575,1.140607662109698,0.9513813846153846,P_meth_r5,slim,4
140,2.2176308539944904,0.5918853883516778,0.9517240869565217,P_meth_r5,slim,4
0,6.921850079744816,1.0627112418703184,0.1836934988479263,P_meth_r5,slim,5
10,6.25,0.9606885199045134,0.4867185345454545,P_meth_r5,slim,5
20,2.8863636363636362,0.7124077830536134,0.6638740367454069,P_meth_r5,slim,5
30,1.9696969696969695,1.3352526942380265,0.8268922500000001,P_meth_r5,slim,5
40,4.007575757575758,0.9196558863350208,0.8913146143667298,P_meth_r5,slim,5
50,5.3106060606060606,1.1631520197906298,0.9118651740370899,P_meth_r5,slim,5
60,3.4621212121212124,0.6355889344055026,0.9259759606126915,P_meth_r5,slim,5
70,1.840909090909091,0.6590074209215749,0.9375376707818929,P_meth_r5,slim,5
80,1.446969696969697,1.0553192914308676,0.9436613036649216,P_meth_r5,slim,5
90,5.378787878787879,0.9038480084868359,0.9461039718309859,P_meth_r5,slim,5
100,2.1363636363636362,1.022654219575048,0.9485474113475176,P_meth_r5,slim,5
110,2.1287878787878785,0.665991553908472,0.9497598754448399,P_meth_r5,slim,5
120,2.6893939393939394,0.7792259622259987,0.9506741380281689,P_meth_r5,slim,5
130,6.3106060606060606,1.1777281743906567,0.9512760168067227,P_meth_r5,slim,5
140,4.435261707988981,0.9982760807376683,0.9517328416149069,P_meth_r5,slim,5
0,1.8261562998405103,0.9988038672755268,0.09351226200873364,P_meth_r5,slim,6
10,0.8712121212121213,0.3537983209729221,0.4830737913043478,P_meth_r5,slim,6
20,2.4924242424242427,1.0172016414638259,0.6982174498480243,P_meth_r5,slim,6
30,5.416666666666667,1.023122703177339,0.8134783916083916,P_meth_r5,slim,6
40,3.9696969696969697,0.6639188953114471,0.8780008816793893,P_meth_r5,slim,6
50,6.234848484848484,1.0807207988714884,0.9121677168894289,P_meth_r5,slim,6
60,1.6439393939393938,0.45719648722933565,0.9294874377880183,P_meth_r5,slim,6
70,1.4090909090909092,0.5336602415295131,0.936997758064516,P_meth_r5,slim,6
80,2.106060606060606,0.5827759037981438,0.942304856115108,P_meth_r5,slim,6
90,1.9696969696969695,0.9823059001322335,0.9458503846153847,P_meth_r5,slim,6
100,3.257575757575758,0.988447218381357,0.9482482139534884,P_meth_r5,slim,6
110,1.0227272727272727,0.7921056140818777,0.9497870814814816,P_meth_r5,slim,6
120,2.2954545454545454,0.47735214925430136,0.9505735643564355,P_meth_r5,slim,6
130,2.2954545454545454,0.9439074123022316,0.9513598943894387,P_meth_r5,slim,6
140,2.369146005509642,0.5804482213802519,0.9516846046511628,P_meth_r5,slim,6
0,6.961722488038277,1.2711965370716019,0.1253009873997709,P_meth_r5,slim,7
10,3.0757575757575757,0.9565592994656034,0.3901491379310345,P_meth_r5,slim,7
20,0.8787878787878787,0.6265908253877317,0.7481087068965517,P_meth_r5,slim,7
30,4.613636363636363,0.8385927064925528,0.8322335878489328,P_meth_r5,slim,7
40,1.7272727272727273,1.0518222358911273,0.8849966929824561,P_meth_r5,slim,7
50,4.21969696969697,0.8277268920050797,0.915959617594255,P_meth_r5,slim,7
60,1.6893939393939394,1.1490986313562301,0.9285457130044843,P_meth_r5,slim,7
70,1.4696969696969697,0.5738230219373922,0.938663056701031,P_meth_r5,slim,7
80,1.8181818181818181,0.609899312708161,0.9432247375,P_meth_r5,slim,7
90,2.0757575757575757,0.755170815429137,0.946354897810219,P_meth_r5,slim,7
100,2.7878787878787876,0.8690176322418136,0.9487244701086956,P_meth_r5,slim,7
110,2.196969696969697,0.5248868778280544,0.9496921931034482,P_meth_r5,slim,7
120,4.431818181818182,0.8227129283764576,0.9507407350427349,P_meth_r5,slim,7
130,4.0,0.8414322312393308,0.951134321969697,P_meth_r5,slim,7
140,5.12396694214876,1.3274293221741034,0.9517059139784947,P_meth_r5,slim,7
0,4.202551834130781,0.7474856013066278,0.15251258633776094,P_meth_r5,slim,8
10,5.704545454545454,1.1414436512967507,0.47591981274900397,P_meth_r5,slim,8
20,5.9393939393939394,1.1923844462777162,0.6647053596938776,P_meth_r5,slim,8
30,2.659090909090909,1.124623159489099,0.8460139202279201,P_meth_r5,slim,8
40,0.9318181818181818,0.4223901098901099,0.8843870487804878,P_meth_r5,slim,8
50,7.007575757575757,0.9633774546005415,0.912950908108108,P_meth_r5,slim,8
60,0.9696969696969697,0.6373732496378561,0.9289366640625,P_meth_r5,slim,8
70,3.022727272727273,0.7245782648532492,0.9359548020050124,P_meth_r5,slim,8
80,0.6742424242424242,0.46982603479304136,0.9413264044943821,P_meth_r5,slim,8
90,4.515151515151515,0.9376094962279669,0.9460120067114093,P_meth_r5,slim,8
100,4.25,0.6515140584226483,0.9480660891265598,P_meth_r5,slim,8
110,2.015151515151515,0.7903764597833624,0.9496142443609022,P_meth_r5,slim,8
120,4.651515151515151,0.87937746568119,0.9507187947882737,P_meth_r5,slim,8
130,5.325757575757576,0.7795310515386321,0.9512924039829302,P_meth_r5,slim,8
140,0.4407713498622589,0.32954173103028606,0.9516529687499999,P_meth_r5,slim,8
0,4.545454545454546,1.0496212491106678,0.11444292631578949,P_meth_r5,slim,9
10,3.4015151515151514,0.9118350241389815,0.3574551358574611,P_meth_r5,slim,9
20,2.1742424242424243,1.5280242651092253,0.6986845365853657,P_meth_r5,slim,9
30,3.1818181818181817,0.7599392487238394,0.8192711642857142,P_meth_r5,slim,9
40,2.159090909090909,0.7030198833906414,0.8899609087719299,P_meth_r5,slim,9
50,3.098484848484848,0.7545408297321624,0.9159233202933984,P_meth_r5,slim,9
60,5.507575757575758,1.0944399839421919,0.9275736616231088,P_meth_r5,slim,9
70,4.386363636363636,1.0857175327442679,0.9377044922279794,P_meth_r5,slim,9
80,2.0,1.369929789525824,0.9427098106060605,P_meth_r5,slim,9
90,1.1515151515151514,0.39574432833524653,0.9460943421052632,P_meth_r5,slim,9
100,2.7803030303030303,0.5976151646513418,0.9479582915531335,P_meth_r5,slim,9
110,4.196969696969697,2.082540695091528,0.9499308122743682,P_meth_r5,slim,9
120,3.5151515151515147,0.9231520530064843,0.9506738038793103,P_meth_r5,slim,9
130,1.3939393939393938,1.168669945050186,0.951306679347826,P_meth_r5,slim,9
140,5.895316804407714,0.9312261407915817,0.9517325,P_meth_r5,slim,9
0,3.9872408293460926,1.0057847864383636,0.09966915800000001,P_meth_r5,slim,10
10,4.431818181818182,1.1822089947089949,0.39679365470085465,P_meth_r5,slim,10
20,5.053030303030303,0.8984411672265513,0.6888065697151424,P_meth_r5,slim,10
30,4.318181818181818,1.2720417927606553,0.8151178421052632,P_meth_r5,slim,10
40,2.3181818181818183,0.7334691609557326,0.891540385620915,P_meth_r5,slim,10
50,1.924242424242424,0.6750096637031311,0.9095729133858268,P_meth_r5,slim,10
60,3.4318181818181817,0.8160513573561441,0.9250974415011038,P_meth_r5,slim,10
70,1.4696969696969697,0.9101571663148016,0.9381746340206186,P_meth_r5,slim,10
80,0.8409090909090909,0.5501239017796803,0.9426794324324325,P_meth_r5,slim,10
90,1.977272727272727,0.7452013549115544,0.946436,P_meth_r5,slim,10
100,3.3106060606060606,0.5444547429781723,0.9487538672768879,P_meth_r5,slim,10
110,3.909090909090909,0.5979310490129293,0.9497393372093024,P_meth_r5,slim,10
120,2.0681818181818183,0.6988434060180122,0.9505372271062269,P_meth_r5,slim,10
130,2.25,0.7961172934773778,0.9512259326599326,P_meth_r5,slim,10
140,1.6666666666666667,1.4578313253012047,0.9516955867768596,P_meth_r5,slim,10
0,4.346092503987241,0.8972894226115938,0.2018557155963303,P_meth_r5,slim,11
10,3.272727272727273,0.7536995035607226,0.3842731712962963,P_meth_r5,slim,11
20,0.7954545454545454,1.0232860328101236,0.6854559047619048,P_meth_r5,slim,11
30,3.9696969696969697,0.8692417509500733,0.8081499656488548,P_meth_r5,slim,11
40,1.8484848484848486,0.5129642606867554,0.8784519057377048,P_meth_r5,slim,11
50,1.3257575757575757,0.7168303067164828,0.9163536914285715,P_meth_r5,slim,11
60,0.21969696969696967,0.08565444651296003,0.9280995517241379,P_meth_r5,slim,11
70,2.1287878787878785,0.9313700872814199,0.9382814448398576,P_meth_r5,slim,11
80,5.7272727272727275,0.8199889563776919,0.9433570502645502,P_meth_r5,slim,11
90,1.7272727272727273,0.5996557000765111,0.946437947368421,P_meth_r5,slim,11
100,3.5378787878787876,0.6954971624564213,0.9482731691648821,P_meth_r5,slim,11
110,1.0606060606060608,0.2997226592276627,0.9498805714285715,P_meth_r5,slim,11
120,2.0454545454545454,0.7678849982332612,0.9509325851851852,P_meth_r5,slim,11
130,0.7954545454545454,0.979200813881196,0.9511748571428572,P_meth_r5,slim,11
140,0.8264462809917356,1.2859230394544567,0.9516016666666667,P_meth_r5,slim,11
0,13.516746411483254,1.1256554248702735,0.17306782595870207,P_meth_r5,slim,12
10,3.787878787878788,0.8395024040296116,0.42428175599999995,P_meth_r5,slim,12
20,2.4393939393939394,1.1831973944269687,0.6901498695652173,P_meth_r5,slim,12
30,1.053030303030303,0.46915752114635223,0.8275902949640287,P_meth_r5,slim,12
40,1.5378787878787878,0.637399023777581,0.8849032019704435,P_meth_r5,slim,12
50,3.5454545454545454,0.8929438701172552,0.913570121794872,P_meth_r5,slim,12
60,4.416666666666667,0.785202810388561,0.9303706123499142,P_meth_r5,slim,12
70,4.28030303030303,0.8055613762591622,0.9382287061946901,P_meth_r5,slim,12
80,1.090909090909091,0.3600040909555791,0.9418785902777778,P_meth_r5,slim,12
90,8.492424242424242,0.955884062914241,0.9458147680642283,P_meth_r5,slim,12
100,1.6515151515151514,0.5511355583560931,0.9486508302752293,P_meth_r5,slim,12
110,2.181818181818182,0.5574357019267427,0.9499554895833333,P_meth_r5,slim,12
120,4.022727272727273,1.0120828472085852,0.9507278681732582,P_meth_r5,slim,12
130,3.5378787878787876,0.8647638607152778,0.9514149379014989,P_meth_r5,slim,12
140,2.4931129476584024,0.6498359906653393,0.9517654696132596,P_meth_r5,slim,12
0,4.617224880382775,1.1777505193148126,0.20297591537132986,P_meth_r5,slim,13
10,0.8181818181818182,0.23826794447100041,0.40619172222222216,P_meth_r5,slim,13
20,3.5909090909090913,1.0823527783640159,0.7036498080168775,P_meth_r5,slim,13
30,3.098484848484848,0.9191292889465459,0.8340051320293399,P_meth_r5,slim,13
40,2.628787878787879,0.9731452366788477,0.8796850547550433,P_meth_r5,slim,13
50,2.348484848484848,0.9204358349153793,0.915113,P_meth_r5,slim,13
60,1.0833333333333335,0.42301055509490626,0.9248364965034965,P_meth_r5,slim,13
70,5.015151515151515,1.145674091749374,0.9372513791540785,P_meth_r5,slim,13
80,1.6515151515151514,0.6466894694970942,0.9428008119266055,P_meth_r5,slim,13
90,1.553030303030303,0.5714092650232492,0.9465976243902438,P_meth_r5,slim,13
100,2.628787878787879,0.7464262666953478,0.948635069164265,P_meth_r5,slim,13
110,3.3106060606060606,1.0284332812734003,0.9497635263157894,P_meth_r5,slim,13
120,3.621212121212121,0.9994392647715717,0.9504858284518827,P_meth_r5,slim,13
130,1.2272727272727273,0.8139711927890616,0.9513278209876543,P_meth_r5,slim,13
140,1.2672176308539946,0.48836199269709013,0.9516937500000001,P_meth_r5,slim,13
0,7.384370015948963,1.0827301040636923,0.18715243088552913,P_meth_r5,slim,14
10,3.212121212121212,0.8818802352184848,0.3661277806603774,P_meth_r5,slim,14
20,1.3560606060606062,0.9066977750830795,0.6912542234636871,P_meth_r5,slim,14
30,7.2727272727272725,1.0770015298317186,0.8127094104166666,P_meth_r5,slim,14
40,7.340909090909091,1.35997107982818,0.8856555985552115,P_meth_r5,slim,14
50,3.4924242424242427,1.4228195451803423,0.9096608893709327,P_meth_r5,slim,14
60,3.5606060606060606,1.4476926523297493,0.9235833340425532,P_meth_r5,slim,14
70,4.6893939393939394,0.9598454999753308,0.9363294668820679,P_meth_r5,slim,14
80,5.318181818181818,0.8621190130624092,0.9429181310541311,P_meth_r5,slim,14
90,3.6893939393939394,0.7504395191322154,0.9459463018480492,P_meth_r5,slim,14
100,3.6969696969696972,0.535864915722065,0.9482315594262294,P_meth_r5,slim,14
110,1.446969696969697,0.5086592314024242,0.9499274659685865,P_meth_r5,slim,14
120,3.0454545454545454,0.8227435949913483,0.9508476567164178,P_meth_r5,slim,14
130,1.5833333333333335,1.2801380923213987,0.9514058899521531,P_meth_r5,slim,14
140,1.955922865013774,0.45334932858635496,0.951687323943662,P_meth_r5,slim,14
0,7.097288676236045,1.2095080427960763,0.1356338988764045,P_meth_r5,slim,15
10,1.6439393939393938,0.6197960844051308,0.4724874377880185,P_meth_r5,slim,15
20,4.590909090909091,0.9687615808863602,0.6664505973597359,P_meth_r5,slim,15
30,3.810606060606061,0.8669401696902592,0.8081624970178927,P_meth_r5,slim,15
40,3.681818181818182,0.6401449686074312,0.8755891358024691,P_meth_r5,slim,15
50,5.871212121212121,0.9212647352827283,0.9157666141935483,P_meth_r5,slim,15
60,4.022727272727273,0.8625200272690802,0.9277781280602637,P_meth_r5,slim,15
70,3.2424242424242427,0.6670161370301632,0.937399836448598,P_meth_r5,slim,15
80,2.3409090909090913,0.6123938130027836,0.9435010679611651,P_meth_r5,slim,15
90,3.2424242424242427,0.9234118643125898,0.9460232710280375,P_meth_r5,slim,15
100,0.8787878787878787,0.550474547023296,0.9485413620689656,P_meth_r5,slim,15
110,2.5,0.5356352368304559,0.949789124242424,P_meth_r5,slim,15
120,3.159090909090909,0.9039047027873846,0.9506704964028777,P_meth_r5,slim,15
130,3.6060606060606064,0.798213319308195,0.9514663529411763,P_meth_r5,slim,15
140,0.15151515151515152,0.28880579202800544,0.9516927272727272,P_meth_r5,slim,15
0,8.572567783094097,0.9971315778008575,0.11132256502325581,P_meth_r5,slim,16
10,5.265151515151515,0.8933579508273347,0.49020723741007194,P_meth_r5,slim,16
20,1.2196969696969697,0.5105708245243128,0.7116939130434782,P_meth_r5,slim,16
30,4.803030303030303,0.8733784869704971,0.8377840141955835,P_meth_r5,slim,16
40,4.704545454545454,0.889964932089852,0.882327995169082,P_meth_r5,slim,16
50,1.4166666666666665,0.6842601319509897,0.9103166844919786,P_meth_r5,slim,16
60,0.7121212121212122,0.32696858382127403,0.9319841170212767,P_meth_r5,slim,16
70,0.8484848484848486,0.3738355568592148,0.9349939642857142,P_meth_r5,slim,16
80,0.8257575757575757,0.4868376531095621,0.9421072293577982,P_meth_r5,slim,16
90,2.053030303030303,0.680622096054249,0.9460520959409593,P_meth_r5,slim,16
100,4.803030303030303,0.8257619412233685,0.9484279810725551,P_meth_r5,slim,16
110,2.4924242424242427,1.1512278915892606,0.9498882674772038,P_meth_r5,slim,16
120,2.5833333333333335,0.6316835351375019,0.9507792404692083,P_meth_r5,slim,16
130,3.2803030303030307,0.7727146136562127,0.9513287297921478,P_meth_r5,slim,16
140,2.6859504132231407,0.9690097578604987,0.9516989230769232,P_meth_r5,slim,16
0,4.2105263157894735,1.1793891192148234,0.16254720454545454,P_meth_r5,slim,17
10,6.03030303030303,0.9586721361731946,0.4798711306532663,P_meth_r5,slim,17
20,3.931818181818182,0.8564549157271764,0.6903007784200385,P_meth_r5,slim,17
30,0.8787878787878787,0.6608260325406758,0.7958582931034484,P_meth_r5,slim,17
40,3.0,0.9128343758840726,0.8811231893939394,P_meth_r5,slim,17
50,4.916666666666666,0.9084719880380492,0.9095762110939907,P_meth_r5,slim,17
60,1.2424242424242424,0.8670645251732287,0.9282063780487806,P_meth_r5,slim,17
70,5.348484848484849,0.7565722710319979,0.9376129745042494,P_meth_r5,slim,17
80,2.6363636363636362,0.5399928057384815,0.9424090948275863,P_meth_r5,slim,17
90,1.8333333333333333,0.6482432251439797,0.9468010743801654,P_meth_r5,slim,17
100,2.9015151515151514,0.6542755163051215,0.9480967101827676,P_meth_r5,slim,17
110,4.325757575757576,0.8657278720911533,0.9498904028021016,P_meth_r5,slim,17
120,2.409090909090909,0.9111985204094922,0.9508804339622642,P_meth_r5,slim,17
130,1.9545454545454546,0.605954927031326,0.9512755116279069,P_meth_r5,slim,17
140,0.24793388429752067,0.12209033451518421,0.9517556111111111,P_meth_r5,slim,17
0,3.9473684210526314,1.1301291675026464,0.1195191301010101,P_meth_r5,slim,18
10,4.234848484848485,1.446137323074149,0.4774080447227192,P_meth_r5,slim,18
20,5.9393939393939394,0.774912391050409,0.698233711734694,P_meth_r5,slim,18
30,7.1818181818181825,1.0339237644819228,0.8256332278481012,P_meth_r5,slim,18
40,4.6060606060606055,1.1135685643323943,0.8767321792763159,P_meth_r5,slim,18
50,1.2272727272727273,0.6389501425267575,0.9105527777777778,P_meth_r5,slim,18
60,2.015151515151515,0.8094873615581111,0.9269808270676692,P_meth_r5,slim,18
70,4.6893939393939394,0.8696244484225897,0.9383880581583199,P_meth_r5,slim,18
80,3.5454545454545454,0.9303922720331096,0.9423133311965811,P_meth_r5,slim,18
90,2.962121212121212,0.7758589587868147,0.9463697877237852,P_meth_r5,slim,18
100,4.166666666666666,0.7394024080482833,0.9480900909090908,P_meth_r5,slim,18
110,0.196969696969697,0.527626602711927,0.949687076923077,P_meth_r5,slim,18
120,0.9772727272727273,0.5713288731118433,0.9506308139534883,P_meth_r5,slim,18
130,1.6742424242424243,0.7834438010935771,0.9512195927601811,P_meth_r5,slim,18
140,3.553719008264463,1.0351241930189299,0.9517661627906976,P_meth_r5,slim,18
0,4.0510366826156305,0.7408176657880026,0.15789415748031493,P_meth_r5,slim,19
10,5.151515151515151,1.0278066587581127,0.4247640588235294,P_meth_r5,slim,19
20,6.772727272727273,0.9499307724506554,0.6613089530201341,P_meth_r5,slim,19
30,2.553030303030303,0.6070232607645514,0.8324853738872404,P_meth_r5,slim,19
40,3.0075757575757573,0.6165959910200356,0.8838602166246852,P_meth_r5,slim,19
50,2.0,0.6748413983283887,0.9128701136363636,P_meth_r5,slim,19
60,1.946969696969697,0.6341266458805319,0.9266821789883268,P_meth_r5,slim,19
70,0.9242424242424243,0.3685176455511974,0.9377133114754098,P_meth_r5,slim,19
80,2.5227272727272725,1.0820417889284941,0.942632912912913,P_meth_r5,slim,19
90,7.909090909090908,1.0092851775521057,0.9462633237547892,P_meth_r5,slim,19
100,3.0,0.7488825214899713,0.948708835858586,P_meth_r5,slim,19
110,4.651515151515151,0.9481294307573526,0.9497978664495114,P_meth_r5,slim,19
120,2.893939393939394,0.9352325840195861,0.9508294240837698,P_meth_r5,slim,19
130,3.318181818181818,0.8191068256068639,0.9515106255707763,P_meth_r5,slim,19
140,7.782369146005509,0.9747643469941498,0.9516864955752213,P_meth_r5,slim,19
0,5.4900318979266345,0.9226361870503201,0.14957277920466658,P_meth_r5,oracle,-1
10,3.962121212121212,0.7281336669301277,0.4334378363052544,P_meth_r5,oracle,-1
20,3.4037878787878793,0.656660273058274,0.6877497967014775,P_meth_r5,oracle,-1
30,2.949242424242424,0.5887929997297602,0.8214901403237062,P_meth_r5,oracle,-1
40,2.966287878787879,0.6254690373367061,0.8819342874897598,P_meth_r5,oracle,-1
50,3.08219696969697,0.613833855234184,0.9118706890477044,P_meth_r5,oracle,-1
60,2.865530303030303,0.6146263605920372,0.9281283401385194,P_meth_r5,oracle,-1
70,2.9109848484848486,0.5814653425315621,0.9372923304325639,P_meth_r5,oracle,-1
80,2.974621212121212,0.5894152831696764,0.9428157274231099,P_meth_r5,oracle,-1
90,2.859848484848485,0.5788233386913503,0.9462206810877051,P_meth_r5,oracle,-1
100,2.8405303030303033,0.5828397847345703,0.9483783365026102,P_meth_r5,oracle,-1
110,2.6795454545454547,0.5456559453928925,0.9498201404284209,P_meth_r5,oracle,-1
120,2.7609848484848483,0.572239796658925,0.950739523344101,P_meth_r5,oracle,-1
130,2.94469696969697,0.5966397240138348,0.9513382733989165,P_meth_r5,oracle,-1
140,2.8595041322314048,0.5800233811024881,0.9516797764885914,P_meth_r5,oracle,-1
0,0.08771929824561403,0.6700507614213197,0.1533632727272727,P_meth_r50,slim,0
10,0.8636363636363636,0.930117562706291,0.4623717807017543,P_meth_r50,slim,0
20,0.21212121212121215,0.3469966389394821,0.6506050357142856,P_meth_r50,slim,0
30,0.5075757575757576,0.4819093286835222,0.8375333582089551,P_meth_r50,slim,0
40,0.44696969696969696,0.6649135987978964,0.8800925423728814,P_meth_r50,slim,0
50,0.4015151515151515,0.2435593928422225,0.9102042641509434,P_meth_r50,slim,0
60,0.30303030303030304,0.606771012893884,0.92873915,P_meth_r50,slim,0
70,0.3181818181818182,0.14940738305314957,0.9380099047619048,P_meth_r50,slim,0
80,0.1590909090909091,0.11367644043469345,0.9422619047619049,P_meth_r50,slim,0
90,0.06818181818181819,0.02709087758024646,0.9463624444444445,P_meth_r50,slim,0
100,0.7954545454545454,0.17847025495750707,0.9486976285714285,P_meth_r50,slim,0
110,0.3257575757575758,0.10346977391963776,0.9499757674418604,P_meth_r50,slim,0
120,1.0,0.3409691319611595,0.9507596212121212,P_meth_r50,slim,0
130,0.2803030303030303,0.16670648871898147,0.9513636216216217,P_meth_r50,slim,0
140,0.31680440771349866,0.0926604160562555,0.95165,P_meth_r50,slim,0
0,1.2280701754385965,0.2380205235327454,0.2083172662337662,P_meth_r50,slim,1
10,1.3939393939393938,0.8974349500070206,0.3816666847826087,P_meth_r50,slim,1
20,0.6287878787878788,0.21530903016606076,0.6497456265060242,P_meth_r50,slim,1
30,0.8939393939393939,0.18454145429471186,0.8268340254237287,P_meth_r50,slim,1
40,0.12121212121212122,0.4685212298682284,0.8794091874999999,P_meth_r50,slim,1
50,0.33333333333333337,0.3328939072619934,0.9074034090909091,P_meth_r50,slim,1
60,0.21212121212121215,0.36758563074352546,0.9262686428571428,P_meth_r50,slim,1
70,0.29545454545454547,0.15754875197395,0.9385848717948718,P_meth_r50,slim,1
80,0.27272727272727276,0.15917145096568033,0.9436526388888888,P_meth_r50,slim,1
90,0.3106060606060606,0.164106420527251,0.9463295609756096,P_meth_r50,slim,1
100,0.20454545454545456,0.88722927557879,0.9483988888888889,P_meth_r50,slim,1
110,0.44696969696969696,0.2909291952752023,0.9498515254237289,P_meth_r50,slim,1
120,0.16666666666666669,0.21988006541886243,0.9507273636363636,P_meth_r50,slim,1
130,0.09090909090909091,0.044259903991773916,0.9511596666666667,P_meth_r50,slim,1
140,0.1928374655647383,0.1434648945750396,0.9517114285714287,P_meth_r50,slim,1
0,0.8213716108452951,0.33694165229286854,0.1405320145631068,P_meth_r50,slim,2
10,0.6060606060606061,0.6668097950317619,0.52542125,P_meth_r50,slim,2
20,0.28787878787878785,0.22120108307388364,0.7270124210526315,P_meth_r50,slim,2
30,0.6515151515151516,0.5019765991881351,0.8238,P_meth_r50,slim,2
40,0.4015151515151515,0.18291535066619255,0.889629716981132,P_meth_r50,slim,2
50,0.14393939393939392,0.12866157082029447,0.9174342105263157,P_meth_r50,slim,2
60,0.5909090909090909,1.3232232360879064,0.9260578974358975,P_meth_r50,slim,2
70,0.3409090909090909,0.1927244883391951,0.9372620666666668,P_meth_r50,slim,2
80,0.3257575757575758,0.6522938310195826,0.9440001395348838,P_meth_r50,slim,2
90,0.1893939393939394,0.10357295302181938,0.94649688,P_meth_r50,slim,2
100,0.4242424242424243,0.29419490412398214,0.9480840357142858,P_meth_r50,slim,2
110,0.21212121212121215,0.24668615594089138,0.9494535714285713,P_meth_r50,slim,2
120,0.7272727272727273,0.42695993207455624,0.9507563541666665,P_meth_r50,slim,2
130,0.48484848484848486,0.26171165868437846,0.9513366249999999,P_meth_r50,slim,2
140,0.46831955922865015,0.21075765687075598,0.9516838235294118,P_meth_r50,slim,2
0,2.400318979266348,0.8851245082270331,0.1427724066445183,P_meth_r50,slim,3
10,0.6363636363636364,0.2817373805131645,0.4962795,P_meth_r50,slim,3
20,0.7803030303030303,0.25721550406368715,0.6830351067961166,P_meth_r50,slim,3
30,0.5303030303030304,0.19500170943056963,0.8113647285714284,P_meth_r50,slim,3
40,0.09090909090909091,0.13531522296258328,0.8725121666666666,P_meth_r50,slim,3
50,0.4090909090909091,0.2448727197773884,0.913682388888889,P_meth_r50,slim,3
60,0.13636363636363638,0.7006782659982307,0.9302164444444444,P_meth_r50,slim,3
70,0.43939393939393934,0.14011046326492518,0.9362687068965517,P_meth_r50,slim,3
80,0.8484848484848486,0.4848739275312885,0.9427564821428572,P_meth_r50,slim,3
90,0.46969696969696967,0.23532659328525588,0.9464645483870967,P_meth_r50,slim,3
100,0.20454545454545456,0.09506737940526871,0.9484374074074076,P_meth_r50,slim,3
110,0.3787878787878788,0.18537555402012165,0.9498646000000001,P_meth_r50,slim,3
120,0.48484848484848486,0.15047021943573669,0.95080825,P_meth_r50,slim,3
130,0.4772727272727273,0.6073885796923616,0.9513489523809525,P_meth_r50,slim,3
140,0.3856749311294766,0.711645101663586,0.9516660714285715,P_meth_r50,slim,3
0,1.9298245614035088,0.926074099843451,0.1534463223140496,P_meth_r50,slim,4
10,0.3560606060606061,0.2719668940363675,0.4783506382978724,P_meth_r50,slim,4
20,0.7196969696969697,0.21644648041452783,0.7145529473684211,P_meth_r50,slim,4
30,0.5075757575757576,0.3098613261952645,0.8387888805970148,P_meth_r50,slim,4
40,0.787878787878788,0.16747794898071222,0.8810373461538461,P_meth_r50,slim,4
50,0.28787878787878785,0.2608939884116466,0.917073052631579,P_meth_r50,slim,4
60,0.46212121212121215,0.25829548079143894,0.929521655737705,P_meth_r50,slim,4
70,0.4242424242424243,0.20112862763450748,0.937315767857143,P_meth_r50,slim,4
80,0.6666666666666667,0.5088487821973016,0.9430738977272726,P_meth_r50,slim,4
90,0.3560606060606061,0.24772796243351594,0.9461850212765959,P_meth_r50,slim,4
100,0.44696969696969696,0.25381471656053034,0.9485193898305084,P_meth_r50,slim,4
110,0.6969696969696969,0.4644794112922349,0.9499011521739129,P_meth_r50,slim,4
120,0.4015151515151515,0.6217119294753306,0.9507882075471699,P_meth_r50,slim,4
130,0.5454545454545455,0.26663225285176445,0.9513636666666666,P_meth_r50,slim,4
140,0.5785123966942148,0.7279794106833343,0.9516457142857144,P_meth_r50,slim,4
0,1.690590111642743,0.6526880466472302,0.18012067924528302,P_meth_r50,slim,5
10,0.3560606060606061,1.5393013100436683,0.42351268085106386,P_meth_r50,slim,5
20,0.27272727272727276,0.26277953504833107,0.7085754722222222,P_meth_r50,slim,5
30,0.6969696969696969,0.3693520523613713,0.822378293478261,P_meth_r50,slim,5
40,0.16666666666666669,0.17953188174635556,0.8825210909090909,P_meth_r50,slim,5
50,0.5984848484848485,0.3210096967831306,0.9068494556962026,P_meth_r50,slim,5
60,0.4015151515151515,0.25768335445089435,0.9291045094339624,P_meth_r50,slim,5
70,0.6287878787878788,0.19658929417337753,0.9374813855421688,P_meth_r50,slim,5
80,0.46969696969696967,0.12002252622193023,0.9434062903225806,P_meth_r50,slim,5
90,0.48484848484848486,0.13014743263853584,0.9458624999999999,P_meth_r50,slim,5
100,0.6212121212121212,0.24684375684156754,0.9484069146341464,P_meth_r50,slim,5
110,0.3560606060606061,0.1487363166904012,0.9499548936170213,P_meth_r50,slim,5
120,0.24242424242424243,0.0854683560695887,0.95078175,P_meth_r50,slim,5
130,0.25,0.18883465263267413,0.9514017575757575,P_meth_r50,slim,5
140,0.23415977961432508,0.5580146217735118,0.9517058823529411,P_meth_r50,slim,5
0,1.3556618819776716,0.8891988492720775,0.1321838,P_meth_r50,slim,6
10,1.8181818181818181,0.64536105995665,0.3669635166666667,P_meth_r50,slim,6
20,0.5227272727272727,0.2165910452872186,0.7252763333333334,P_meth_r50,slim,6
30,0.5909090909090909,0.19378590196270337,0.8330324102564103,P_meth_r50,slim,6
40,0.3257575757575758,0.29564039793739266,0.867389488372093,P_meth_r50,slim,6
50,0.4090909090909091,0.5384661872242703,0.9134545555555555,P_meth_r50,slim,6
60,0.36363636363636365,0.25022906069318507,0.925572125,P_meth_r50,slim,6
70,0.12121212121212122,0.07763050525990782,0.9364281874999999,P_meth_r50,slim,6
80,0.5606060606060606,0.23152186279343165,0.9433428378378379,P_meth_r50,slim,6
90,0.30303030303030304,0.13493276361722029,0.9469017500000001,P_meth_r50,slim,6
100,0.3106060606060606,0.11228914662738344,0.9481544634146342,P_meth_r50,slim,6
110,0.5681818181818182,0.18785222291797118,0.9498771999999999,P_meth_r50,slim,6
120,0.25757575757575757,0.2504436334415911,0.9509143529411765,P_meth_r50,slim,6
130,0.6590909090909091,0.2719793102468276,0.9514441379310344,P_meth_r50,slim,6
140,0.30303030303030304,0.2622784993045646,0.9516708181818181,P_meth_r50,slim,6
0,1.1483253588516746,0.6079019578997192,0.10398134930555555,P_meth_r50,slim,7
10,1.924242424242424,0.522312957810548,0.4269957322834646,P_meth_r50,slim,7
20,0.36363636363636365,0.13871374527112235,0.6683443750000001,P_meth_r50,slim,7
30,0.7424242424242424,0.43145024113986113,0.8385469285714288,P_meth_r50,slim,7
40,0.4090909090909091,0.13290671917302488,0.8822494444444444,P_meth_r50,slim,7
50,0.5227272727272727,0.17934500086640098,0.9126809999999999,P_meth_r50,slim,7
60,0.6742424242424242,0.36112579768594233,0.9290819887640451,P_meth_r50,slim,7
70,0.45454545454545453,0.24175528992319995,0.9369466499999999,P_meth_r50,slim,7
80,0.196969696969697,0.20737410723996666,0.9437893076923077,P_meth_r50,slim,7
90,0.5757575757575757,0.26420162755787313,0.9461280789473685,P_meth_r50,slim,7
100,0.7348484848484849,0.22074415814136317,0.948512793814433,P_meth_r50,slim,7
110,0.0984848484848485,0.09640666082383877,0.949702846153846,P_meth_r50,slim,7
120,0.29545454545454547,0.5122693892172666,0.9507661538461539,P_meth_r50,slim,7
130,0.33333333333333337,0.24393112137757245,0.9512444545454545,P_meth_r50,slim,7
140,0.1790633608815427,0.049667724083636275,0.9516493076923076,P_meth_r50,slim,7
0,1.4433811802232854,0.6722603953877063,0.13186510497237572,P_meth_r50,slim,8
10,0.8787878787878787,0.6767974116211843,0.45820993965517237,P_meth_r50,slim,8
20,0.2651515151515152,0.08633738857431182,0.6732446,P_meth_r50,slim,8
30,0.3712121212121212,0.27478036263530853,0.8288012448979591,P_meth_r50,slim,8
40,0.7727272727272727,0.7644700832377556,0.8699793529411765,P_meth_r50,slim,8
50,0.36363636363636365,0.3494066263731415,0.91234625,P_meth_r50,slim,8
60,0.12121212121212122,0.06480078055485668,0.92544125,P_meth_r50,slim,8
70,0.8409090909090909,0.2947210890921818,0.9381672072072071,P_meth_r50,slim,8
80,0.18181818181818182,0.21144809910294746,0.9421604166666668,P_meth_r50,slim,8
90,0.9545454545454546,0.3758983862948063,0.9456088095238097,P_meth_r50,slim,8
100,0.12121212121212122,0.08612533846605552,0.94829225,P_meth_r50,slim,8
110,0.3712121212121212,0.19235001278764774,0.9498694489795918,P_meth_r50,slim,8
120,0.34848484848484845,0.11951250236190716,0.9506031521739132,P_meth_r50,slim,8
130,0.3257575757575758,0.20423731253058522,0.951383488372093,P_meth_r50,slim,8
140,1.046831955922865,0.31335703085467254,0.9517042105263156,P_meth_r50,slim,8
0,1.076555023923445,0.3545859383394554,0.14409603333333335,P_meth_r50,slim,9
10,0.7121212121212122,0.41634510203944675,0.42152989361702126,P_meth_r50,slim,9
20,0.4166666666666667,0.11700204028351238,0.7125943636363636,P_meth_r50,slim,9
30,0.5909090909090909,0.7895705521472391,0.8344493333333333,P_meth_r50,slim,9
40,0.3181818181818182,0.11089729997879667,0.8850365952380951,P_meth_r50,slim,9
50,0.3409090909090909,0.1784684164984136,0.9137413333333334,P_meth_r50,slim,9
60,0.2651515151515152,0.19353865746171114,0.9264056857142857,P_meth_r50,slim,9
70,0.8106060606060607,0.2835552414756758,0.9386847289719626,P_meth_r50,slim,9
80,0.18181818181818182,0.3449627597020777,0.9425651666666667,P_meth_r50,slim,9
90,0.393939393939394,0.41025150616811706,0.9460722307692309,P_meth_r50,slim,9
100,0.5909090909090909,0.25785769741290787,0.9481400769230769,P_meth_r50,slim,9
110,0.3712121212121212,0.16451568596529606,0.9497265510204083,P_meth_r50,slim,9
120,0.6742424242424242,0.19961395734500526,0.9508677303370787,P_meth_r50,slim,9
130,0.7575757575757576,0.3560350640593391,0.9513606,P_meth_r50,slim,9
140,0.5922865013774105,0.5380196780981629,0.9517126744186046,P_meth_r50,slim,9
0,2.9106858054226477,1.0119425179683856,0.13767291232876713,P_meth_r50,slim,10
10,1.0681818181818181,0.38061349693251534,0.4476413120567376,P_meth_r50,slim,10
20,0.3257575757575758,0.1448343438054994,0.7604106046511628,P_meth_r50,slim,10
30,0.2803030303030303,0.2860791227844097,0.8309656756756757,P_meth_r50,slim,10
40,0.6818181818181818,0.30365924729313853,0.8818868888888889,P_meth_r50,slim,10
50,0.34848484848484845,0.14711298044308332,0.9190166304347827,P_meth_r50,slim,10
60,0.10606060606060608,0.07846400760863104,0.9289092857142857,P_meth_r50,slim,10
70,0.5378787878787878,0.2493335674493591,0.9382736478873239,P_meth_r50,slim,10
80,0.5075757575757576,0.09845044082286934,0.9432271641791043,P_meth_r50,slim,10
90,0.28787878787878785,0.1613712697370961,0.9466461578947369,P_meth_r50,slim,10
100,0.5757575757575757,0.5996628689612298,0.9487982763157895,P_meth_r50,slim,10
110,0.3106060606060606,0.15831968172244326,0.9497165365853658,P_meth_r50,slim,10
120,0.44696969696969696,0.6214292553700808,0.9508802033898306,P_meth_r50,slim,10
130,0.5151515151515151,0.2366626765873748,0.9513159411764704,P_meth_r50,slim,10
140,0.055096418732782364,0.7619047619047619,0.95168525,P_meth_r50,slim,10
0,0.9170653907496014,0.2680965147453084,0.11222170434782609,P_meth_r50,slim,11
10,0.6363636363636364,0.332252593476007,0.36084379761904756,P_meth_r50,slim,11
20,0.5833333333333334,0.2694263159847951,0.6772619220779221,P_meth_r50,slim,11
30,0.44696969696969696,0.35686464987123917,0.8063639830508476,P_meth_r50,slim,11
40,0.5,0.26499251742891555,0.880065,P_meth_r50,slim,11
50,0.5378787878787878,0.22622380998358593,0.9106000845070421,P_meth_r50,slim,11
60,0.8257575757575757,0.24023322057443589,0.9264198256880735,P_meth_r50,slim,11
70,0.34848484848484845,0.42038216560509556,0.9397455869565217,P_meth_r50,slim,11
80,0.3409090909090909,0.1566191360107999,0.9424696222222222,P_meth_r50,slim,11
90,0.8106060606060607,0.24634339473895342,0.9467472336448598,P_meth_r50,slim,11
100,0.3560606060606061,0.22247244196137214,0.9483672340425533,P_meth_r50,slim,11
110,0.30303030303030304,0.1827267819321973,0.9498568250000001,P_meth_r50,slim,11
120,0.5227272727272727,0.22725231294350132,0.9507450144927536,P_meth_r50,slim,11
130,0.43939393939393934,0.3048644515944061,0.9514483448275862,P_meth_r50,slim,11
140,0.3305785123966942,0.2587981570434272,0.9517289583333334,P_meth_r50,slim,11
0,1.1881977671451356,0.6021012931034483,0.14730984563758392,P_meth_r50,slim,12
10,1.4015151515151516,0.4783639248565103,0.4260104054054054,P_meth_r50,slim,12
20,0.4772727272727273,0.21992087502909005,0.702406984126984,P_meth_r50,slim,12
30,0.7045454545454546,0.23959248199543298,0.8146187634408604,P_meth_r50,slim,12
40,0.9848484848484848,0.310295069635566,0.8779523153846153,P_meth_r50,slim,12
50,0.05303030303030304,0.09257589419897806,0.9089799999999999,P_meth_r50,slim,12
60,0.5757575757575757,0.2473287411184032,0.9277200789473684,P_meth_r50,slim,12
70,0.196969696969697,0.10037083396698761,0.939204576923077,P_meth_r50,slim,12
80,0.21212121212121215,0.20966406099318136,0.9437590357142858,P_meth_r50,slim,12
90,0.3257575757575758,0.1269406760329026,0.9463567906976744,P_meth_r50,slim,12
100,1.2348484848484849,0.3590919559796921,0.9484778098159509,P_meth_r50,slim,12
110,0.4166666666666667,0.337935336119981,0.9497146909090909,P_meth_r50,slim,12
120,0.6818181818181818,0.23271576159563093,0.9506274444444444,P_meth_r50,slim,12
130,0.17424242424242423,0.04824086108983668,0.9514242608695652,P_meth_r50,slim,12
140,0.3856749311294766,0.21641371557054526,0.9516632142857143,P_meth_r50,slim,12
0,1.9298245614035088,0.4797174316555838,0.1598252347107438,P_meth_r50,slim,13
10,0.8787878787878787,0.34881495858505773,0.4436581896551724,P_meth_r50,slim,13
20,0.34848484848484845,0.3455458053061085,0.6866462391304349,P_meth_r50,slim,13
30,0.4242424242424243,0.22914109288397871,0.8079041785714286,P_meth_r50,slim,13
40,0.36363636363636365,0.18372033682061756,0.8775351458333333,P_meth_r50,slim,13
50,0.5984848484848485,0.5635172816289475,0.9112065949367089,P_meth_r50,slim,13
60,0.36363636363636365,0.1937282911794922,0.9270863958333333,P_meth_r50,slim,13
70,0.4090909090909091,0.18252305864398272,0.937837925925926,P_meth_r50,slim,13
80,0.6818181818181818,0.3217925034264943,0.9428088666666664,P_meth_r50,slim,13
90,0.5681818181818182,0.24191301883011843,0.9465804666666667,P_meth_r50,slim,13
100,0.36363636363636365,0.21838937833478103,0.9487108333333333,P_meth_r50,slim,13
110,0.5075757575757576,0.24689014449382496,0.9500178358208955,P_meth_r50,slim,13
120,0.5303030303030304,0.21708078036311695,0.9507997285714286,P_meth_r50,slim,13
130,0.7727272727272727,0.2982720425343376,0.9513552352941176,P_meth_r50,slim,13
140,0.371900826446281,0.43628351083363937,0.9516674444444445,P_meth_r50,slim,13
0,3.0861244019138754,0.5941685780616826,0.10357596124031007,P_meth_r50,slim,14
10,0.5303030303030304,0.7996399889227362,0.37235785714285713,P_meth_r50,slim,14
20,0.3560606060606061,0.22953803804914866,0.6848307659574469,P_meth_r50,slim,14
30,0.5303030303030304,0.3444085789046018,0.8063732285714285,P_meth_r50,slim,14
40,0.46212121212121215,0.23837436498632278,0.8744052459016394,P_meth_r50,slim,14
50,0.6893939393939394,0.31826443609540517,0.9187864285714286,P_meth_r50,slim,14
60,0.5454545454545455,0.2529893416527359,0.9276260694444445,P_meth_r50,slim,14
70,0.21212121212121215,0.22078061718217984,0.9366786785714286,P_meth_r50,slim,14
80,0.23484848484848483,0.43556936963787707,0.9417508709677419,P_meth_r50,slim,14
90,0.4924242424242424,0.2202450932576252,0.9459570769230768,P_meth_r50,slim,14
100,0.12121212121212122,0.19599836668027765,0.9481925,P_meth_r50,slim,14
110,0.3409090909090909,0.845816483453893,0.9499494666666667,P_meth_r50,slim,14
120,0.7196969696969697,0.31757930618798474,0.9508480842105264,P_meth_r50,slim,14
130,0.6893939393939394,0.20651239555754222,0.9512769010989011,P_meth_r50,slim,14
140,0.3305785123966942,0.18186619516171623,0.9516618750000001,P_meth_r50,slim,14
0,3.0382775119617227,0.6734242980142207,0.1085643779527559,P_meth_r50,slim,15
10,0.9318181818181818,0.3021010873852887,0.4708961788617886,P_meth_r50,slim,15
20,0.5,0.3578499429050252,0.7295387424242424,P_meth_r50,slim,15
30,0.46212121212121215,0.2146455895289633,0.8338493442622952,P_meth_r50,slim,15
40,0.5151515151515151,0.3368180897130892,0.8792484411764706,P_meth_r50,slim,15
50,0.46969696969696967,0.15253687612529493,0.9124231129032259,P_meth_r50,slim,15
60,0.9090909090909091,0.4918338197851333,0.9245911666666667,P_meth_r50,slim,15
70,0.6742424242424242,0.24890252377158936,0.9359721123595507,P_meth_r50,slim,15
80,0.3409090909090909,0.2167598417726138,0.9424998666666665,P_meth_r50,slim,15
90,0.3106060606060606,0.15013315579227698,0.9455073170731707,P_meth_r50,slim,15
100,0.6363636363636364,0.3970521882989923,0.94875225,P_meth_r50,slim,15
110,0.13636363636363638,0.10264119644384541,0.9498880555555557,P_meth_r50,slim,15
120,0.7803030303030303,0.2643994228173824,0.9507822330097087,P_meth_r50,slim,15
130,0.29545454545454547,0.11214464655266311,0.9513615384615383,P_meth_r50,slim,15
140,0.26170798898071623,0.3151149641914814,0.9517135789473684,P_meth_r50,slim,15
0,0.2631578947368421,0.19786688954703197,0.13477363636363637,P_meth_r50,slim,16
10,0.3560606060606061,0.22539181991905657,0.4839571489361702,P_meth_r50,slim,16
20,0.3787878787878788,0.3919705428198123,0.6961324799999999,P_meth_r50,slim,16
30,0.36363636363636365,0.1548599026259703,0.8261537499999999,P_meth_r50,slim,16
40,0.393939393939394,0.1839494460613272,0.8809377115384616,P_meth_r50,slim,16
50,0.23484848484848483,0.17339717784651892,0.9139922580645161,P_meth_r50,slim,16
60,0.7045454545454546,0.27311438500318147,0.9293009677419354,P_meth_r50,slim,16
70,0.1590909090909091,0.21651513731371264,0.9360803333333335,P_meth_r50,slim,16
80,0.5,0.2003338898163606,0.9424547727272726,P_meth_r50,slim,16
90,0.3106060606060606,0.18323277875962374,0.9456829268292682,P_meth_r50,slim,16
100,0.7348484848484849,0.28776137650802786,0.9484312474226805,P_meth_r50,slim,16
110,0.23484848484848483,0.10963337655796207,0.9498362903225808,P_meth_r50,slim,16
120,0.13636363636363638,0.1259956092439203,0.9506731111111111,P_meth_r50,slim,16
130,0.36363636363636365,0.36285750283482426,0.95142925,P_meth_r50,slim,16
140,0.45454545454545453,0.23256310596677063,0.9516778484848484,P_meth_r50,slim,16
0,3.421052631578948,0.871232168572378,0.1338801794871795,P_meth_r50,slim,17
10,0.6363636363636364,0.389191921319209,0.49066857142857145,P_meth_r50,slim,17
20,0.196969696969697,0.07536430472476219,0.6322371153846155,P_meth_r50,slim,17
30,0.09090909090909091,0.11623128852362782,0.8400235,P_meth_r50,slim,17
40,0.7272727272727273,0.28161001280045517,0.8796751562499999,P_meth_r50,slim,17
50,0.4090909090909091,0.18246979315994263,0.912948259259259,P_meth_r50,slim,17
60,0.4318181818181818,0.11286112861128612,0.9287005438596491,P_meth_r50,slim,17
70,0.6818181818181818,0.22949958272803142,0.9375502888888889,P_meth_r50,slim,17
80,0.4318181818181818,0.1771003003455386,0.9427024736842105,P_meth_r50,slim,17
90,0.3181818181818182,0.15325416307304454,0.9461861190476191,P_meth_r50,slim,17
100,0.393939393939394,0.2932857057400935,0.948417326923077,P_meth_r50,slim,17
110,0.34848484848484845,0.3373633211841053,0.9495660869565219,P_meth_r50,slim,17
120,0.36363636363636365,0.1891433620710243,0.9506450624999999,P_meth_r50,slim,17
130,0.12878787878787878,0.19921875,0.9512792941176471,P_meth_r50,slim,17
140,0.5096418732782368,0.15309097064189123,0.951660945945946,P_meth_r50,slim,17
0,0.4066985645933014,0.16101565190769584,0.2435289019607843,P_meth_r50,slim,18
10,0.6515151515151516,0.3015507870815558,0.39885595348837205,P_meth_r50,slim,18
20,0.6439393939393939,0.1820411977726724,0.7240748235294118,P_meth_r50,slim,18
30,0.4166666666666667,0.5907818501399649,0.820548109090909,P_meth_r50,slim,18
40,0.21212121212121215,0.13870333398381793,0.8846869642857145,P_meth_r50,slim,18
50,0.24242424242424243,0.2551433369172597,0.9122662500000001,P_meth_r50,slim,18
60,0.6742424242424242,0.21073174931747163,0.9270347191011236,P_meth_r50,slim,18
70,0.5833333333333334,0.24431165359857315,0.936691220779221,P_meth_r50,slim,18
80,0.3409090909090909,0.1796852785121817,0.9424306444444445,P_meth_r50,slim,18
90,0.4318181818181818,0.18302383396498123,0.9466682456140351,P_meth_r50,slim,18
100,0.4015151515151515,0.192827139124395,0.9485328301886793,P_meth_r50,slim,18
110,0.5757575757575757,0.17573547186866087,0.9495585789473683,P_meth_r50,slim,18
120,0.1893939393939394,0.07103832194567507,0.9507809999999999,P_meth_r50,slim,18
130,0.25757575757575757,0.08601128418986874,0.9513330000000001,P_meth_r50,slim,18
140,0.24793388429752067,0.5487551388054877,0.9517011111111111,P_meth_r50,slim,18
0,1.1323763955342903,0.814432452161218,0.12539120422535213,P_meth_r50,slim,19
10,0.7196969696969697,0.46619873301014186,0.3848229157894737,P_meth_r50,slim,19
20,0.14393939393939392,1.0788952938139895,0.7169312631578947,P_meth_r50,slim,19
30,0.45454545454545453,0.27352033098722883,0.8311539833333333,P_meth_r50,slim,19
40,0.6742424242424242,0.4209907688779313,0.8821597191011236,P_meth_r50,slim,19
50,0.5909090909090909,0.36619718309859156,0.9132666538461538,P_meth_r50,slim,19
60,0.4318181818181818,0.17109721432632174,0.9294040526315789,P_meth_r50,slim,19
70,0.5227272727272727,0.45672908162753617,0.9380969710144927,P_meth_r50,slim,19
80,0.4924242424242424,0.378834707970541,0.9428790307692307,P_meth_r50,slim,19
90,0.3409090909090909,0.27762977088533053,0.945995022222222,P_meth_r50,slim,19
100,0.43939393939393934,0.12550202449059886,0.9480053103448276,P_meth_r50,slim,19
110,0.4015151515151515,0.49642370572207084,0.9496941509433963,P_meth_r50,slim,19
120,0.4242424242424243,0.6601414588840466,0.9507195535714287,P_meth_r50,slim,19
130,0.12121212121212122,0.1714397038768751,0.9513016249999999,P_meth_r50,slim,19
140,0.23415977961432508,0.2442475564359884,0.9516325294117647,P_meth_r50,slim,19
0,2.0127591706539074,0.42643984918911626,0.13400140416714976,P_meth_r50,oracle,-1
10,0.8367424242424242,0.1917158814662129,0.42615696337447045,P_meth_r50,oracle,-1
20,0.6015151515151516,0.15124916501825353,0.691828068921416,P_meth_r50,oracle,-1
30,0.4632575757575757,0.1107211085641333,0.8227830932315543,P_meth_r50,oracle,-1
40,0.4231060606060606,0.09804200714737694,0.8823701855084823,P_meth_r50,oracle,-1
50,0.42537878787878786,0.10536122201106211,0.9121840447276053,P_meth_r50,oracle,-1
60,0.44507575757575757,0.10761517819737859,0.9281600435262057,P_meth_r50,oracle,-1
70,0.38257575757575757,0.09464254815051446,0.9371322160935902,P_meth_r50,oracle,-1
80,0.3928030303030303,0.09408167732116714,0.9428120546093555,P_meth_r50,oracle,-1
90,0.3984848484848485,0.09210477416843128,0.9461363307218985,P_meth_r50,oracle,-1
100,0.42007575757575755,0.10378938969806858,0.9483601112865564,P_meth_r50,oracle,-1
110,0.39166666666666666,0.0945452441157746,0.9498177794510597,P_meth_r50,oracle,-1
120,0.4166666666666667,0.09834184740971467,0.9507199814776138,P_meth_r50,oracle,-1
130,0.4166666666666667,0.10152799066568993,0.9513503525379873,P_meth_r50,oracle,-1
140,0.3953168044077135,0.09485082739470359,0.9516828098731882,P_meth_r50,oracle,-1
0,7.5438596491228065,0.8897287037116205,0.13339644503171247,P_meth_Q1,slim,0
10,3.1363636363636362,0.7102732800099819,0.41040462801932376,P_meth_Q1,slim,0
20,0.6136363636363636,0.5759472533155212,0.747057012345679,P_meth_Q1,slim,0
30,1.121212121212121,0.5720711223557524,0.804444358108108,P_meth_Q1,slim,0
40,0.553030303030303,0.6426742076619357,0.87733801369863,P_meth_Q1,slim,0
50,1.174242424242424,0.5133918489634302,0.914937741935484,P_meth_Q1,slim,0
60,0.20454545454545456,0.12416734022687366,0.9259322222222222,P_meth_Q1,slim,0
70,0.6212121212121212,0.47484514011967643,0.9376115121951221,P_meth_Q1,slim,0
80,0.6893939393939394,0.29620642717642187,0.942332054945055,P_meth_Q1,slim,0
90,1.2045454545454546,0.42214596901688345,0.9466623584905662,P_meth_Q1,slim,0
100,1.2045454545454546,0.30859169384316343,0.9486454088050315,P_meth_Q1,slim,0
110,0.8939393939393939,0.2399652438629844,0.9497116610169493,P_meth_Q1,slim,0
120,0.3560606060606061,0.4375608311116753,0.9506952340425531,P_meth_Q1,slim,0
130,0.5681818181818182,0.42867906227537655,0.9513853600000001,P_meth_Q1,slim,0
140,1.0330578512396695,0.6557333615938957,0.9517141333333334,P_meth_Q1,slim,0
0,1.858054226475279,0.43724516778408995,0.1287001888412017,P_meth_Q1,slim,1
10,0.856060606060606,0.29935456939181815,0.4694374867256637,P_meth_Q1,slim,1
20,0.4015151515151515,0.2895239987088123,0.7013330943396227,P_meth_Q1,slim,1
30,0.9696969696969697,0.2848683899945374,0.8304928281249999,P_meth_Q1,slim,1
40,0.6212121212121212,0.8836351168220485,0.8792174390243903,P_meth_Q1,slim,1
50,1.0984848484848484,0.44767531610929445,0.9122558344827588,P_meth_Q1,slim,1
60,0.6060606060606061,0.39589112993926673,0.928446875,P_meth_Q1,slim,1
70,0.5681818181818182,0.2305413763553038,0.938394,P_meth_Q1,slim,1
80,1.4015151515151516,1.3903438852197676,0.9417231297297296,P_meth_Q1,slim,1
90,0.44696969696969696,0.7525510204081634,0.9459940847457627,P_meth_Q1,slim,1
100,1.4090909090909092,0.741465535986084,0.9483106666666666,P_meth_Q1,slim,1
110,1.2196969696969697,0.41128180118670243,0.9497535590062114,P_meth_Q1,slim,1
120,2.1212121212121215,0.8296147319464522,0.950864325,P_meth_Q1,slim,1
130,1.575757575757576,0.6251109927188776,0.9513639423076923,P_meth_Q1,slim,1
140,1.4325068870523416,1.269606392423794,0.9516275000000001,P_meth_Q1,slim,1
0,3.452950558213716,1.4263681964512989,0.21072175750577363,P_meth_Q1,slim,2
10,2.825757575757576,0.8464797062181083,0.35496172117962466,P_meth_Q1,slim,2
20,0.9924242424242424,0.7337440806558377,0.6437335114503816,P_meth_Q1,slim,2
30,1.0075757575757576,0.663762987160292,0.8102127819548871,P_meth_Q1,slim,2
40,0.6515151515151516,0.8520219760425111,0.8792491279069766,P_meth_Q1,slim,2
50,1.3484848484848484,0.5224816544362908,0.9143070786516855,P_meth_Q1,slim,2
60,1.7424242424242427,0.6743190177508485,0.9283323434782609,P_meth_Q1,slim,2
70,0.6742424242424242,0.6277384743625366,0.9380675505617977,P_meth_Q1,slim,2
80,0.9242424242424243,0.7160515784793243,0.9424336557377048,P_meth_Q1,slim,2
90,0.4242424242424243,0.4122515448278939,0.9465700892857143,P_meth_Q1,slim,2
100,1.8333333333333333,0.5230393392911526,0.948706367768595,P_meth_Q1,slim,2
110,1.3181818181818181,0.32479947507155543,0.9497144252873563,P_meth_Q1,slim,2
120,1.4621212121212122,0.43772142938142383,0.950727756476684,P_meth_Q1,slim,2
130,1.1136363636363638,0.44243590562096985,0.9511970884353742,P_meth_Q1,slim,2
140,0.30303030303030304,0.1559981950622059,0.9516218636363636,P_meth_Q1,slim,2
0,1.1164274322169059,0.446488973075362,0.11121518857142856,P_meth_Q1,slim,3
10,3.3712121212121215,0.6965575306241033,0.3825034696629214,P_meth_Q1,slim,3
20,0.803030303030303,0.2449905799791289,0.6887621509433962,P_meth_Q1,slim,3
30,1.4696969696969697,0.27458364250084716,0.8437162319587629,P_meth_Q1,slim,3
40,1.9848484848484849,0.7964993090741596,0.8919950190839695,P_meth_Q1,slim,3
50,0.46212121212121215,0.9865712605371495,0.9130242459016393,P_meth_Q1,slim,3
60,1.378787878787879,0.4447291158361626,0.9244133021978023,P_meth_Q1,slim,3
70,2.196969696969697,0.553422312692281,0.9365293517241379,P_meth_Q1,slim,3
80,0.7727272727272727,0.2833703050482176,0.9418621666666666,P_meth_Q1,slim,3
90,0.16666666666666669,0.19637012793811365,0.9465899545454545,P_meth_Q1,slim,3
100,1.0075757575757576,0.4188916407782279,0.9489749624060151,P_meth_Q1,slim,3
110,0.20454545454545456,0.675204607456805,0.9496899999999999,P_meth_Q1,slim,3
120,0.6666666666666667,0.5939318328237326,0.9508334090909091,P_meth_Q1,slim,3
130,0.44696969696969696,0.2653944453910377,0.9512501694915254,P_meth_Q1,slim,3
140,0.08264462809917356,0.1243132946162298,0.9516616666666667,P_meth_Q1,slim,3
0,1.9537480063795853,0.7749745988535935,0.1900074367346939,P_meth_Q1,slim,4
10,2.348484848484848,0.7225086517409421,0.3659883741935484,P_meth_Q1,slim,4
20,1.4924242424242424,0.46567266814465147,0.6986216142131981,P_meth_Q1,slim,4
30,1.3333333333333335,0.8094096660906405,0.8029308068181819,P_meth_Q1,slim,4
40,0.5,0.22473417290498326,0.8778477121212122,P_meth_Q1,slim,4
50,1.3106060606060606,0.550625952431473,0.9165790057803468,P_meth_Q1,slim,4
60,2.871212121212121,0.6442075659750035,0.9279610316622693,P_meth_Q1,slim,4
70,0.5909090909090909,0.3343834237277126,0.9370851794871794,P_meth_Q1,slim,4
80,0.5681818181818182,0.5100253467142002,0.9420495466666667,P_meth_Q1,slim,4
90,2.984848484848485,0.8893996449789141,0.9460901878172588,P_meth_Q1,slim,4
100,0.4166666666666667,0.25999326739197387,0.9484023818181817,P_meth_Q1,slim,4
110,0.7727272727272727,0.7619521912350601,0.949794705882353,P_meth_Q1,slim,4
120,0.6136363636363636,0.5816306547424767,0.9507889382716049,P_meth_Q1,slim,4
130,1.4772727272727273,0.7142104007236444,0.9514039076923078,P_meth_Q1,slim,4
140,0.8539944903581268,1.0887901444802173,0.9516989516129033,P_meth_Q1,slim,4
0,3.421052631578948,0.8910947177602094,0.10360247645687645,P_meth_Q1,slim,5
10,1.5606060606060606,0.4601497957484542,0.4565196262135922,P_meth_Q1,slim,5
20,1.3257575757575757,0.9244067389651448,0.6831019428571429,P_meth_Q1,slim,5
30,0.5075757575757576,1.3023118833750553,0.8058458656716416,P_meth_Q1,slim,5
40,1.4621212121212122,0.3412451778825547,0.888701761658031,P_meth_Q1,slim,5
50,1.1666666666666667,0.5886441031343387,0.9151928441558443,P_meth_Q1,slim,5
60,2.696969696969697,0.8273501625051498,0.9267334550561799,P_meth_Q1,slim,5
70,0.8787878787878787,0.21862792132136247,0.9357475862068966,P_meth_Q1,slim,5
80,1.2803030303030303,0.513304310209942,0.9427736449704144,P_meth_Q1,slim,5
90,1.5984848484848484,1.0438497863728358,0.9459739668246445,P_meth_Q1,slim,5
100,1.106060606060606,0.3143472303777647,0.9481864109589041,P_meth_Q1,slim,5
110,1.2045454545454546,0.6271027423046355,0.9496474905660376,P_meth_Q1,slim,5
120,0.6590909090909091,0.263963591228796,0.9506829425287355,P_meth_Q1,slim,5
130,0.8939393939393939,0.5367147927362944,0.9513324745762712,P_meth_Q1,slim,5
140,1.3360881542699725,0.6412644990684537,0.951696082474227,P_meth_Q1,slim,5
0,6.2599681020733655,1.0372227015837614,0.09410254700636943,P_meth_Q1,slim,6
10,3.4924242424242427,0.7447386585598684,0.4324670021691974,P_meth_Q1,slim,6
20,1.8181818181818181,0.6894840622102666,0.6807725291666666,P_meth_Q1,slim,6
30,1.553030303030303,0.31525821815029864,0.8237916585365854,P_meth_Q1,slim,6
40,0.553030303030303,0.23087539054263867,0.8787669726027398,P_meth_Q1,slim,6
50,0.5075757575757576,0.5106589371088067,0.9136289104477613,P_meth_Q1,slim,6
60,1.946969696969697,0.6936572199730094,0.9283446964980545,P_meth_Q1,slim,6
70,0.4090909090909091,0.21516282102365342,0.9376743703703704,P_meth_Q1,slim,6
80,1.6136363636363635,0.34308138726123044,0.9434964788732394,P_meth_Q1,slim,6
90,0.8106060606060607,0.50359045303174,0.9462108411214952,P_meth_Q1,slim,6
100,1.893939393939394,0.5792380036298914,0.9481936320000001,P_meth_Q1,slim,6
110,1.553030303030303,0.6554406906106789,0.9500127365853659,P_meth_Q1,slim,6
120,0.3712121212121212,0.20987734440911157,0.9508303673469388,P_meth_Q1,slim,6
130,0.21212121212121215,0.1192042727765307,0.9514485714285714,P_meth_Q1,slim,6
140,0.7024793388429752,0.865540384170331,0.9516735294117648,P_meth_Q1,slim,6
0,2.496012759170654,0.9903923599125531,0.13859761341853039,P_meth_Q1,slim,7
10,2.1287878787878785,0.5490247158813378,0.3619709644128114,P_meth_Q1,slim,7
20,0.5757575757575757,0.15574834346608374,0.7173286842105263,P_meth_Q1,slim,7
30,1.3636363636363635,1.1989584805118787,0.8222081222222222,P_meth_Q1,slim,7
40,0.4924242424242424,1.0699054792129088,0.8869941692307693,P_meth_Q1,slim,7
50,0.27272727272727276,0.15411358742184053,0.9086644444444444,P_meth_Q1,slim,7
60,0.33333333333333337,0.27013953488372094,0.931508431818182,P_meth_Q1,slim,7
70,1.4393939393939394,0.6627871945708532,0.9378927842105264,P_meth_Q1,slim,7
80,0.6439393939393939,0.3601648669123406,0.9418100588235294,P_meth_Q1,slim,7
90,0.2803030303030303,0.2988691437802908,0.9464216756756756,P_meth_Q1,slim,7
100,1.1363636363636365,0.516615179093262,0.9484340066666668,P_meth_Q1,slim,7
110,2.5833333333333335,0.836464593530835,0.9498014692082111,P_meth_Q1,slim,7
120,0.6212121212121212,0.373197625106022,0.9508191707317074,P_meth_Q1,slim,7
130,0.8712121212121213,0.32339431950847475,0.9514356,P_meth_Q1,slim,7
140,1.2672176308539946,0.30841904761904765,0.9516630434782608,P_meth_Q1,slim,7
0,3.094098883572568,1.2368325726291385,0.16117917371134022,P_meth_Q1,slim,8
10,1.9545454545454546,0.6276307932740153,0.39996323255813954,P_meth_Q1,slim,8
20,1.4621212121212122,0.5195536194997797,0.648780554404145,P_meth_Q1,slim,8
30,0.7348484848484849,0.3466461631760196,0.8447768556701031,P_meth_Q1,slim,8
40,0.3787878787878788,0.1482246726705145,0.88420868,P_meth_Q1,slim,8
50,0.6742424242424242,0.234061204972904,0.9137552808988764,P_meth_Q1,slim,8
60,0.5,0.5050376227522001,0.925507196969697,P_meth_Q1,slim,8
70,0.8106060606060607,0.22839068973212118,0.9365752336448598,P_meth_Q1,slim,8
80,0.9242424242424243,0.3241558943474007,0.9434687213114754,P_meth_Q1,slim,8
90,1.0227272727272727,0.5213697219361484,0.945755111111111,P_meth_Q1,slim,8
100,2.6136363636363633,0.6036985484191688,0.9486095942028984,P_meth_Q1,slim,8
110,1.3939393939393938,0.42948083180082053,0.949762027173913,P_meth_Q1,slim,8
120,1.1590909090909092,1.08860404695939,0.9509443790849672,P_meth_Q1,slim,8
130,0.4772727272727273,0.41661656847420947,0.9513883809523809,P_meth_Q1,slim,8
140,1.8732782369146006,0.30139819752058344,0.9516824999999998,P_meth_Q1,slim,8
0,1.4513556618819776,0.8465951538559126,0.17245081318681318,P_meth_Q1,slim,9
10,2.6742424242424243,0.8066392455025136,0.46574580736543914,P_meth_Q1,slim,9
20,1.4924242424242424,0.6873146518229538,0.7111927817258884,P_meth_Q1,slim,9
30,1.7727272727272727,0.599206179847211,0.8330894658119659,P_meth_Q1,slim,9
40,1.575757575757576,0.43628181618831813,0.8831263173076922,P_meth_Q1,slim,9
50,1.0,0.48042616315298964,0.9151372727272729,P_meth_Q1,slim,9
60,0.22727272727272727,0.641150184573538,0.9303104666666666,P_meth_Q1,slim,9
70,0.33333333333333337,0.7345390160617175,0.9390827272727272,P_meth_Q1,slim,9
80,2.265151515151515,0.6160983559471256,0.9432042474916387,P_meth_Q1,slim,9
90,0.803030303030303,0.2528763053166918,0.9467521603773585,P_meth_Q1,slim,9
100,0.803030303030303,0.5663309911601851,0.9482621226415093,P_meth_Q1,slim,9
110,0.6287878787878788,0.41582219388336034,0.9498512048192771,P_meth_Q1,slim,9
120,0.2803030303030303,0.555,0.9508294054054055,P_meth_Q1,slim,9
130,0.4242424242424243,0.4160897024553346,0.9511995892857142,P_meth_Q1,slim,9
140,1.6115702479338843,0.5544227455485353,0.9517,P_meth_Q1,slim,9
0,4.968102073365231,1.0428232668433535,0.1396780738362761,P_meth_Q1,slim,10
10,2.909090909090909,0.9454211757332946,0.48265669791666665,P_meth_Q1,slim,10
20,2.4393939393939394,0.6906749778192324,0.6828896273291926,P_meth_Q1,slim,10
30,1.2878787878787878,0.542889215762174,0.8175001882352941,P_meth_Q1,slim,10
40,1.7272727272727273,0.6790552431837258,0.8835168859649124,P_meth_Q1,slim,10
50,0.9090909090909091,0.3779401308474544,0.9120214166666667,P_meth_Q1,slim,10
60,0.38636363636363635,0.24712023434574804,0.9281820588235294,P_meth_Q1,slim,10
70,0.7651515151515151,0.4172117039586919,0.9363547425742575,P_meth_Q1,slim,10
80,0.5303030303030304,0.275153955189213,0.9422466,P_meth_Q1,slim,10
90,0.6060606060606061,0.18912529550827425,0.9461133125,P_meth_Q1,slim,10
100,0.4318181818181818,0.4089397134595735,0.9482534385964912,P_meth_Q1,slim,10
110,1.5227272727272727,0.41721966775904035,0.9500782587064677,P_meth_Q1,slim,10
120,1.5303030303030303,0.5600833487371657,0.9507701485148515,P_meth_Q1,slim,10
130,2.196969696969697,0.42258558793268663,0.9513101448275861,P_meth_Q1,slim,10
140,2.603305785123967,0.6664173522812266,0.951638507936508,P_meth_Q1,slim,10
0,1.7065390749601277,1.809794725916814,0.059344093457943926,P_meth_Q1,slim,11
10,1.1287878787878787,0.9725848563968669,0.39668597315436244,P_meth_Q1,slim,11
20,0.7196969696969697,0.3870083697503888,0.7157188631578947,P_meth_Q1,slim,11
30,0.6590909090909091,0.3939028071234531,0.833217724137931,P_meth_Q1,slim,11
40,1.6439393939393938,0.6687741941509109,0.891436599078341,P_meth_Q1,slim,11
50,1.2424242424242424,0.7271945500718864,0.9078301219512195,P_meth_Q1,slim,11
60,1.8560606060606062,0.4523254057501553,0.9287926897959184,P_meth_Q1,slim,11
70,1.2803030303030303,0.5693023825565015,0.936315325443787,P_meth_Q1,slim,11
80,1.6969696969696972,0.4152459062438558,0.9430114910714286,P_meth_Q1,slim,11
90,0.6818181818181818,0.29074747553854363,0.9465823333333334,P_meth_Q1,slim,11
100,0.5757575757575757,0.15770708487131277,0.9483497236842107,P_meth_Q1,slim,11
110,1.9166666666666665,0.37980470695808227,0.9499878537549407,P_meth_Q1,slim,11
120,0.8181818181818182,0.3404678088833057,0.9507737037037038,P_meth_Q1,slim,11
130,1.1515151515151514,0.7167352537722909,0.951452486842105,P_meth_Q1,slim,11
140,0.7713498622589532,0.2117930204572804,0.9517329464285714,P_meth_Q1,slim,11
0,1.802232854864434,0.676254035036814,0.09813774336283186,P_meth_Q1,slim,12
10,0.5454545454545455,0.7388863837793292,0.5016445277777778,P_meth_Q1,slim,12
20,0.3106060606060606,0.21232355410484358,0.694173536585366,P_meth_Q1,slim,12
30,0.9015151515151516,0.7096068882644718,0.8442495798319326,P_meth_Q1,slim,12
40,0.5833333333333334,0.2822376861174824,0.8846208441558441,P_meth_Q1,slim,12
50,0.3106060606060606,0.5151440156865731,0.9123460731707318,P_meth_Q1,slim,12
60,0.7045454545454546,0.5889182058047493,0.9280361935483871,P_meth_Q1,slim,12
70,0.15151515151515152,0.5150013655339237,0.93755375,P_meth_Q1,slim,12
80,1.0833333333333335,0.3810777417974207,0.9429685734265736,P_meth_Q1,slim,12
90,0.7424242424242424,0.21554324028005958,0.9453626122448981,P_meth_Q1,slim,12
100,1.6893939393939394,0.6923185474387318,0.9481739865470851,P_meth_Q1,slim,12
110,0.48484848484848486,0.23503750361681763,0.9498528125000001,P_meth_Q1,slim,12
120,1.606060606060606,0.48606792861832615,0.9506394103773586,P_meth_Q1,slim,12
130,1.3939393939393938,0.42847011752585323,0.9512761413043478,P_meth_Q1,slim,12
140,1.4049586776859504,0.579271178419309,0.951673137254902,P_meth_Q1,slim,12
0,5.917065390749602,1.2313649564375604,0.16687599595687333,P_meth_Q1,slim,13
10,1.143939393939394,0.4739417630861856,0.4302568675496688,P_meth_Q1,slim,13
20,2.090909090909091,0.5303396432959318,0.7029718840579711,P_meth_Q1,slim,13
30,0.6060606060606061,0.2876835480970932,0.81852955,P_meth_Q1,slim,13
40,0.8257575757575757,0.41522371519601053,0.8840090550458716,P_meth_Q1,slim,13
50,0.9318181818181818,0.5725408882212302,0.9080136504065041,P_meth_Q1,slim,13
60,1.9015151515151516,0.7253954074930377,0.9267888844621514,P_meth_Q1,slim,13
70,1.0984848484848484,0.5544579695366771,0.9382454689655172,P_meth_Q1,slim,13
80,0.8939393939393939,0.8238392942147186,0.9439082118644068,P_meth_Q1,slim,13
90,1.2272727272727273,0.4210708715993762,0.9471175925925926,P_meth_Q1,slim,13
100,1.121212121212121,0.24714160292886075,0.9483457567567568,P_meth_Q1,slim,13
110,1.1893939393939394,0.5170916712410799,0.9499958535031847,P_meth_Q1,slim,13
120,1.143939393939394,1.6033076465194098,0.950651523178808,P_meth_Q1,slim,13
130,1.2196969696969697,0.4736032803690414,0.9513125465838509,P_meth_Q1,slim,13
140,0.12396694214876033,0.050916322367180404,0.9516781111111112,P_meth_Q1,slim,13
0,4.393939393939394,0.9190109879001689,0.09517940834845735,P_meth_Q1,slim,14
10,3.1363636363636362,0.7107665894961371,0.4061491256038648,P_meth_Q1,slim,14
20,2.5075757575757573,0.5574893330339096,0.703447341389728,P_meth_Q1,slim,14
30,0.6666666666666667,0.21962397713006518,0.817066215909091,P_meth_Q1,slim,14
40,0.8939393939393939,0.4967311923972318,0.87714406779661,P_meth_Q1,slim,14
50,1.2121212121212122,0.43212453043286103,0.9135456062499999,P_meth_Q1,slim,14
60,1.4090909090909092,0.33080032336297494,0.9266548387096774,P_meth_Q1,slim,14
70,1.2045454545454546,0.25772195794028735,0.937116037735849,P_meth_Q1,slim,14
80,0.6893939393939394,0.7729928698293391,0.9423621978021979,P_meth_Q1,slim,14
90,0.553030303030303,0.1564768353875384,0.9463675342465753,P_meth_Q1,slim,14
100,0.8939393939393939,0.23837216420377333,0.9484801694915254,P_meth_Q1,slim,14
110,1.5378787878787878,0.5788373137939379,0.9498695024630542,P_meth_Q1,slim,14
120,0.4166666666666667,0.4954549176971583,0.9506150909090909,P_meth_Q1,slim,14
130,1.0,0.5665751856717349,0.9512966666666666,P_meth_Q1,slim,14
140,2.4242424242424243,0.6972849347796074,0.9517093181818183,P_meth_Q1,slim,14
0,2.671451355661882,0.8420964430851733,0.1362111701492537,P_meth_Q1,slim,15
10,4.363636363636364,0.6044715246782941,0.3900149930555556,P_meth_Q1,slim,15
20,1.3484848484848484,0.5338083142871424,0.6845417191011237,P_meth_Q1,slim,15
30,0.2803030303030303,0.24010855030283956,0.7867734864864864,P_meth_Q1,slim,15
40,1.7196969696969697,0.4034599206114106,0.8850015594713656,P_meth_Q1,slim,15
50,2.6136363636363633,0.49980025549736384,0.915382115942029,P_meth_Q1,slim,15
60,1.3863636363636365,0.6923989749881045,0.9260898360655738,P_meth_Q1,slim,15
70,1.2954545454545454,0.5775696630075996,0.9383872105263158,P_meth_Q1,slim,15
80,0.28787878787878785,0.1573163388197511,0.9428011315789473,P_meth_Q1,slim,15
90,0.8712121212121213,1.1078351237739374,0.9465326086956523,P_meth_Q1,slim,15
100,0.46212121212121215,0.2286317869737806,0.9484447540983607,P_meth_Q1,slim,15
110,1.1666666666666667,1.2584035954388442,0.949805,P_meth_Q1,slim,15
120,1.090909090909091,0.46060124358458654,0.9505997083333333,P_meth_Q1,slim,15
130,0.3712121212121212,0.19327540250767966,0.9513448163265306,P_meth_Q1,slim,15
140,0.06887052341597796,0.12021857923497267,0.951689,P_meth_Q1,slim,15
0,7.623604465709728,1.0618754144269382,0.11632655020920502,P_meth_Q1,slim,16
10,2.9393939393939394,0.8932514310231161,0.46684628608247425,P_meth_Q1,slim,16
20,1.3939393939393938,0.6599605458369338,0.6504674510869566,P_meth_Q1,slim,16
30,0.22727272727272727,0.36596185124944547,0.8465533,P_meth_Q1,slim,16
40,0.196969696969697,0.18256484456454664,0.8796724615384615,P_meth_Q1,slim,16
50,0.3409090909090909,0.3140132371910088,0.9082555555555557,P_meth_Q1,slim,16
60,0.7424242424242424,1.9381517439769866,0.9240204795918369,P_meth_Q1,slim,16
70,0.7196969696969697,0.2503943611349614,0.937626252631579,P_meth_Q1,slim,16
80,0.6515151515151516,0.30202092223865823,0.9414543023255814,P_meth_Q1,slim,16
90,0.5909090909090909,0.24252702989188046,0.9461295897435897,P_meth_Q1,slim,16
100,1.2727272727272727,0.4886669634160853,0.9483682023809524,P_meth_Q1,slim,16
110,1.053030303030303,0.46312983688985143,0.9500439856115108,P_meth_Q1,slim,16
120,1.1136363636363638,0.4303221428286296,0.950761006802721,P_meth_Q1,slim,16
130,0.3106060606060606,0.13510005192315375,0.9514261951219513,P_meth_Q1,slim,16
140,0.8402203856749311,0.17132643942295414,0.9516873770491803,P_meth_Q1,slim,16
0,1.5151515151515151,0.6977248827388205,0.17900423684210529,P_meth_Q1,slim,17
10,2.659090909090909,0.7110911931635056,0.3857448917378917,P_meth_Q1,slim,17
20,0.6818181818181818,0.34445166079049916,0.7021520111111111,P_meth_Q1,slim,17
30,1.8863636363636365,0.4214721519084733,0.8060230120481927,P_meth_Q1,slim,17
40,0.5606060606060606,0.4083475469047858,0.878832581081081,P_meth_Q1,slim,17
50,1.1363636363636365,0.38037861119542626,0.9117720133333334,P_meth_Q1,slim,17
60,0.6818181818181818,0.7561773579621404,0.9301030333333333,P_meth_Q1,slim,17
70,1.1515151515151514,0.45568102328370136,0.9382634868421053,P_meth_Q1,slim,17
80,1.0303030303030303,0.4319101534493625,0.941633411764706,P_meth_Q1,slim,17
90,0.07575757575757576,0.14202711426726922,0.9462662,P_meth_Q1,slim,17
100,0.9848484848484848,0.551254457258505,0.9482253538461539,P_meth_Q1,slim,17
110,0.8712121212121213,0.214902147322642,0.9500294782608695,P_meth_Q1,slim,17
120,0.7272727272727273,0.6052269601100413,0.9508036770833334,P_meth_Q1,slim,17
130,1.0,0.3395114651369425,0.95142175,P_meth_Q1,slim,17
140,1.4325068870523416,0.34055389622632143,0.9516986538461538,P_meth_Q1,slim,17
0,2.328548644338118,0.9284310324893051,0.16457419178082192,P_meth_Q1,slim,18
10,2.1893939393939394,0.5308581845507299,0.4370881418685121,P_meth_Q1,slim,18
20,2.242424242424242,0.5053376548463113,0.6902830844594594,P_meth_Q1,slim,18
30,0.856060606060606,0.62346391132066,0.8201780530973451,P_meth_Q1,slim,18
40,1.121212121212121,0.5084031207873794,0.88929125,P_meth_Q1,slim,18
50,0.8409090909090909,0.40537175677694604,0.9166841081081081,P_meth_Q1,slim,18
60,0.5833333333333334,0.7395765116786727,0.9276450649350649,P_meth_Q1,slim,18
70,0.48484848484848486,0.7178911946158161,0.937075265625,P_meth_Q1,slim,18
80,1.3636363636363635,0.34480957107779114,0.9425760611111109,P_meth_Q1,slim,18
90,0.9015151515151516,0.3538746434895446,0.9458757983193277,P_meth_Q1,slim,18
100,2.015151515151515,0.8518112390952052,0.948508142857143,P_meth_Q1,slim,18
110,0.4166666666666667,0.16307570666139554,0.9498450363636364,P_meth_Q1,slim,18
120,1.840909090909091,0.5126352867471727,0.9507188477366255,P_meth_Q1,slim,18
130,3.5000000000000004,0.9877231058274756,0.9513032445887447,P_meth_Q1,slim,18
140,0.6611570247933884,0.2848485393420071,0.9516716666666666,P_meth_Q1,slim,18
0,1.9377990430622007,0.9059327921912863,0.12870399588477366,P_meth_Q1,slim,19
10,2.931818181818182,0.8904150180404735,0.36657907751937985,P_meth_Q1,slim,19
20,1.2348484848484849,0.9822684026953489,0.6663834355828221,P_meth_Q1,slim,19
30,0.8712121212121213,0.6814508888489855,0.8180763304347826,P_meth_Q1,slim,19
40,1.6818181818181819,0.5670541975633545,0.881114472972973,P_meth_Q1,slim,19
50,0.6363636363636364,0.5364451798310547,0.9137561904761905,P_meth_Q1,slim,19
60,1.628787878787879,0.5392156862745099,0.9269980511627907,P_meth_Q1,slim,19
70,0.6893939393939394,0.5380081337227011,0.9373268021978022,P_meth_Q1,slim,19
80,2.3636363636363638,0.6558275076834881,0.9438531602564101,P_meth_Q1,slim,19
90,0.393939393939394,0.46588024488576973,0.9467806346153845,P_meth_Q1,slim,19
100,1.871212121212121,0.46340804752903053,0.9481864655870446,P_meth_Q1,slim,19
110,1.0151515151515151,0.4083762380809457,0.9499050895522388,P_meth_Q1,slim,19
120,1.3560606060606062,0.4417588088142362,0.9508161452513965,P_meth_Q1,slim,19
130,2.083333333333333,0.5991423846197014,0.9512926654545453,P_meth_Q1,slim,19
140,1.3360881542699725,0.44720132442004235,0.9516546391752576,P_meth_Q1,slim,19
0,3.6200159489633177,0.7046296916759148,0.13959751499953188,P_meth_Q1,oracle,-1
10,1.6583333333333332,0.3589573510620111,0.42064555012078675,P_meth_Q1,oracle,-1
20,1.2393939393939395,0.280811590905682,0.6887753628010722,P_meth_Q1,oracle,-1
30,0.9920454545454545,0.2209250325409547,0.8200112200714862,P_meth_Q1,oracle,-1
40,1.0087121212121213,0.225649548397911,0.8823662347558552,P_meth_Q1,oracle,-1
50,1.0136363636363637,0.22893676684732842,0.9123377155100708,P_meth_Q1,oracle,-1
60,0.9303030303030303,0.21626241574188015,0.9280141559238814,P_meth_Q1,oracle,-1
70,0.9515151515151514,0.2297157524585812,0.9371904933459031,P_meth_Q1,oracle,-1
80,0.9087121212121211,0.21360563647229025,0.9426448383734571,P_meth_Q1,oracle,-1
90,0.9446969696969697,0.2217336148734001,0.9461677190882914,P_meth_Q1,oracle,-1
100,1.0787878787878786,0.24082710519523673,0.9484319132776089,P_meth_Q1,oracle,-1
110,1.0064393939393939,0.2369530098394574,0.9497842067525061,P_meth_Q1,oracle,-1
120,0.9537878787878787,0.218038250344196,0.9507340094362963,P_meth_Q1,oracle,-1
130,0.9409090909090909,0.21590697510013543,0.9513449430990714,P_meth_Q1,oracle,-1
140,0.9869146005509641,0.2307059079256132,0.9516852159584077,P_meth_Q1,oracle,-1
0,6.5311004784689,1.203146423547428,0.1787961628815629,P_meth_Q4,slim,0
10,1.143939393939394,0.3492455091499099,0.5016362450331125,P_meth_Q4,slim,0
20,1.4696969696969697,0.4296327116790036,0.6718594948453609,P_meth_Q4,slim,0
30,0.9166666666666666,0.47420550092632185,0.827319520661157,P_meth_Q4,slim,0
40,0.7727272727272727,0.59874594209988,0.8833209901960786,P_meth_Q4,slim,0
50,1.5833333333333335,0.27958336120248817,0.9129754832535883,P_meth_Q4,slim,0
60,1.1287878787878787,0.3395483737310959,0.9290757046979867,P_meth_Q4,slim,0
70,0.7651515151515151,0.3540885380700953,0.9373381683168317,P_meth_Q4,slim,0
80,0.4242424242424243,0.21313403916683965,0.9428256428571429,P_meth_Q4,slim,0
90,0.2651515151515152,0.8338447099592103,0.9468215428571428,P_meth_Q4,slim,0
100,0.5984848484848485,0.5656385944737956,0.9486951012658229,P_meth_Q4,slim,0
110,0.5151515151515151,0.3136794430931813,0.9496826176470589,P_meth_Q4,slim,0
120,1.8030303030303032,0.6360982088984097,0.9508246680672269,P_meth_Q4,slim,0
130,0.8863636363636364,0.353636197105697,0.9514824273504273,P_meth_Q4,slim,0
140,0.7575757575757576,0.2714302805527308,0.9517129999999999,P_meth_Q4,slim,0
0,2.8628389154704945,1.1369154438931701,0.10291706128133706,P_meth_Q4,slim,1
10,1.4090909090909092,0.6592485983717485,0.3923997688172043,P_meth_Q4,slim,1
20,1.8484848484848486,0.5561368792930182,0.6790946065573771,P_meth_Q4,slim,1
30,0.4242424242424243,0.1876265946483778,0.8235924107142857,P_meth_Q4,slim,1
40,1.553030303030303,0.6299909203082439,0.8731462682926828,P_meth_Q4,slim,1
50,1.8636363636363635,0.7413190877337169,0.9103129268292683,P_meth_Q4,slim,1
60,0.38636363636363635,0.30618928064621764,0.9300097843137255,P_meth_Q4,slim,1
70,1.0303030303030303,0.39240716615225885,0.9376011323529411,P_meth_Q4,slim,1
80,1.2348484848484849,0.44187412461031045,0.9440693496932516,P_meth_Q4,slim,1
90,1.1136363636363638,0.5821642444825808,0.945417551020408,P_meth_Q4,slim,1
100,1.6666666666666667,0.5275721869175178,0.9481703863636364,P_meth_Q4,slim,1
110,1.2803030303030303,0.4487122754226038,0.9498782840236686,P_meth_Q4,slim,1
120,1.9393939393939394,0.7006921491459069,0.95058909375,P_meth_Q4,slim,1
130,0.5378787878787878,0.2744572061123248,0.9513913380281691,P_meth_Q4,slim,1
140,0.04132231404958678,0.019811688896448902,0.9516766666666667,P_meth_Q4,slim,1
0,6.674641148325359,1.0676721955292363,0.11887594026284347,P_meth_Q4,slim,2
10,1.5833333333333335,0.5691486289104727,0.5324582248803829,P_meth_Q4,slim,2
20,0.5227272727272727,0.3968281631230395,0.7083539130434782,P_meth_Q4,slim,2
30,0.8333333333333334,0.5648662527426357,0.8141662636363637,P_meth_Q4,slim,2
40,1.4166666666666665,0.6348569488596031,0.8819591497326204,P_meth_Q4,slim,2
50,0.21969696969696967,0.11127195353785514,0.9110735517241378,P_meth_Q4,slim,2
60,0.45454545454545453,0.9013315124615913,0.9288741833333333,P_meth_Q4,slim,2
70,2.7045454545454546,0.6358450137898651,0.9378565518207281,P_meth_Q4,slim,2
80,0.9772727272727273,0.6570813363895256,0.9435622248062017,P_meth_Q4,slim,2
90,1.0227272727272727,0.29308824883883106,0.9461688814814813,P_meth_Q4,slim,2
100,1.871212121212121,0.470025833833095,0.9482715020242916,P_meth_Q4,slim,2
110,0.8181818181818182,0.2923228346456693,0.9496320740740741,P_meth_Q4,slim,2
120,1.0378787878787878,0.6394851303087097,0.9507890656934307,P_meth_Q4,slim,2
130,0.8712121212121213,0.3027390102548353,0.9514349565217392,P_meth_Q4,slim,2
140,0.6887052341597797,0.2909308906893298,0.95172572,P_meth_Q4,slim,2
0,3.3173843700159487,1.1423958857770546,0.14250567067307693,P_meth_Q4,slim,3
10,1.0075757575757576,0.8480831658679858,0.4480794736842105,P_meth_Q4,slim,3
20,1.5151515151515151,0.5926830582445806,0.70007871,P_meth_Q4,slim,3
30,1.2651515151515151,0.9100141183464197,0.8234743892215568,P_meth_Q4,slim,3
40,1.6212121212121213,0.5811747762575865,0.8749207476635514,P_meth_Q4,slim,3
50,0.6742424242424242,0.41001800896260004,0.910057191011236,P_meth_Q4,slim,3
60,1.0303030303030303,0.2955402268574157,0.925185786764706,P_meth_Q4,slim,3
70,1.575757575757576,0.6061007430561994,0.9369255288461539,P_meth_Q4,slim,3
80,0.3181818181818182,0.18349109684252332,0.9432013809523807,P_meth_Q4,slim,3
90,0.5151515151515151,0.3695804339770248,0.945389338235294,P_meth_Q4,slim,3
100,1.4090909090909092,0.28416206218880713,0.9482685268817205,P_meth_Q4,slim,3
110,0.8257575757575757,0.2677813677173444,0.9498002844036698,P_meth_Q4,slim,3
120,0.7424242424242424,0.2704737053392212,0.950876275510204,P_meth_Q4,slim,3
130,2.166666666666667,0.5351917798897634,0.951351986013986,P_meth_Q4,slim,3
140,0.8126721763085398,0.3613049287410927,0.9516716949152543,P_meth_Q4,slim,3
0,3.6363636363636362,1.5078911769126708,0.10208212609649123,P_meth_Q4,slim,4
10,1.090909090909091,0.935064935064935,0.43469274305555555,P_meth_Q4,slim,4
20,1.121212121212121,0.4566278352250417,0.6713201216216216,P_meth_Q4,slim,4
30,0.6439393939393939,0.4134210778425463,0.8282269411764707,P_meth_Q4,slim,4
40,1.5909090909090908,0.45868675268973774,0.8847368571428571,P_meth_Q4,slim,4
50,1.2803030303030303,0.6184606683633581,0.909414023668639,P_meth_Q4,slim,4
60,0.8409090909090909,0.2575786342636542,0.9267417117117117,P_meth_Q4,slim,4
70,0.75,0.5351176046648759,0.9378541818181819,P_meth_Q4,slim,4
80,1.2878787878787878,0.430508552616433,0.9431067352941177,P_meth_Q4,slim,4
90,0.6515151515151516,0.3645963810147804,0.9458773023255814,P_meth_Q4,slim,4
100,1.1363636363636365,0.27122024453655585,0.9483009666666665,P_meth_Q4,slim,4
110,0.9166666666666666,0.38272238010572074,0.9498746115702479,P_meth_Q4,slim,4
120,1.4015151515151516,0.6072421458873146,0.950748918918919,P_meth_Q4,slim,4
130,0.23484848484848483,0.165380107505153,0.9512128387096774,P_meth_Q4,slim,4
140,0.7988980716253443,0.3022765498779997,0.9517212068965518,P_meth_Q4,slim,4
0,10.414673046251993,1.0340459224069676,0.1310659471669219,P_meth_Q4,slim,5
10,0.2651515151515152,0.40180901026265436,0.39443254285714285,P_meth_Q4,slim,5
20,0.856060606060606,0.6985173599078385,0.6444761769911505,P_meth_Q4,slim,5
30,1.3939393939393938,0.44621139191205106,0.8245207608695652,P_meth_Q4,slim,5
40,0.38636363636363635,0.23712574850299403,0.8897229999999999,P_meth_Q4,slim,5
50,0.5303030303030304,0.22686426445891394,0.910073242857143,P_meth_Q4,slim,5
60,0.8939393939393939,0.8339044029467191,0.9286651694915254,P_meth_Q4,slim,5
70,0.28787878787878785,0.4396683203898813,0.9363134999999999,P_meth_Q4,slim,5
80,0.4166666666666667,0.15955412752902084,0.9423196181818182,P_meth_Q4,slim,5
90,1.0378787878787878,0.3812921426493099,0.9464247153284673,P_meth_Q4,slim,5
100,0.2651515151515152,0.22724142680071613,0.9483154857142856,P_meth_Q4,slim,5
110,1.4015151515151516,0.7731126490347172,0.9500113783783783,P_meth_Q4,slim,5
120,1.0378787878787878,0.5161253496204121,0.9506532189781021,P_meth_Q4,slim,5
130,1.6969696969696972,1.2437534702942807,0.9514165178571429,P_meth_Q4,slim,5
140,1.1707988980716253,0.2418009646177519,0.9516274705882353,P_meth_Q4,slim,5
0,3.4130781499202554,0.9890756302521009,0.19705650467289718,P_meth_Q4,slim,6
10,1.6439393939393938,0.4723272058096048,0.3593002488479263,P_meth_Q4,slim,6
20,0.9242424242424243,0.3331292303109537,0.6945607213114754,P_meth_Q4,slim,6
30,1.1363636363636365,0.5482941958351795,0.8246381066666667,P_meth_Q4,slim,6
40,0.9090909090909091,0.266323226277225,0.8865529583333334,P_meth_Q4,slim,6
50,2.0378787878787876,0.5944054773423507,0.9155074237918216,P_meth_Q4,slim,6
60,0.17424242424242423,0.164638511095204,0.9263421304347826,P_meth_Q4,slim,6
70,0.9393939393939393,0.40263107402724546,0.9367449032258065,P_meth_Q4,slim,6
80,0.553030303030303,0.6482515506639938,0.943313890410959,P_meth_Q4,slim,6
90,0.5303030303030304,0.27693856998992955,0.9464941142857145,P_meth_Q4,slim,6
100,1.0378787878787878,1.0181629826477643,0.9486869562043796,P_meth_Q4,slim,6
110,0.8257575757575757,0.5977515766383329,0.9495328440366974,P_meth_Q4,slim,6
120,0.5833333333333334,0.2910386218903193,0.9505124675324675,P_meth_Q4,slim,6
130,1.9015151515151516,0.404381162077122,0.9515156494023904,P_meth_Q4,slim,6
140,0.7851239669421488,1.4200513362524536,0.9517651403508773,P_meth_Q4,slim,6
0,3.787878787878788,0.7026422486344982,0.13070456210526316,P_meth_Q4,slim,7
10,2.378787878787879,0.5411276887967456,0.47759943312101905,P_meth_Q4,slim,7
20,2.356060606060606,0.668344637385752,0.69568961414791,P_meth_Q4,slim,7
30,1.4848484848484849,0.3780775795552853,0.8303519387755102,P_meth_Q4,slim,7
40,0.856060606060606,0.39615635905853114,0.8710548230088495,P_meth_Q4,slim,7
50,1.4015151515151516,0.900515528545826,0.9125621027027028,P_meth_Q4,slim,7
60,0.43939393939393934,0.5972384741399485,0.9288250172413793,P_meth_Q4,slim,7
70,0.5303030303030304,0.6897993311036789,0.9383277714285715,P_meth_Q4,slim,7
80,0.8712121212121213,0.36302414899773766,0.9423744956521737,P_meth_Q4,slim,7
90,0.43939393939393934,0.39770188981122667,0.9468165517241378,P_meth_Q4,slim,7
100,0.7045454545454546,0.7005649717514124,0.9487557849462366,P_meth_Q4,slim,7
110,0.4090909090909091,0.49326671556890367,0.9494087962962963,P_meth_Q4,slim,7
120,1.7424242424242427,0.5462887989203778,0.9507320347826088,P_meth_Q4,slim,7
130,0.5606060606060606,0.4258695709041445,0.9512944054054054,P_meth_Q4,slim,7
140,2.396694214876033,0.8746249105116449,0.9516351609195403,P_meth_Q4,slim,7
0,4.760765550239234,1.3114634057042436,0.13627667671691793,P_meth_Q4,slim,8
10,0.8106060606060607,0.7969845049599926,0.38370859813084107,P_meth_Q4,slim,8
20,1.4621212121212122,0.5355723829985831,0.6534232124352332,P_meth_Q4,slim,8
30,1.8560606060606062,0.5131280821004932,0.8372784326530615,P_meth_Q4,slim,8
40,1.2651515151515151,0.5892006607258362,0.8716784910179641,P_meth_Q4,slim,8
50,1.6439393939393938,0.6370288001779162,0.9110268801843319,P_meth_Q4,slim,8
60,1.5681818181818181,0.5026490066225165,0.9278329710144927,P_meth_Q4,slim,8
70,0.4015151515151515,0.2277106551400896,0.9379725471698114,P_meth_Q4,slim,8
80,0.7045454545454546,0.6746537700593537,0.9429682365591397,P_meth_Q4,slim,8
90,2.4545454545454546,0.5248753715535417,0.9465163888888889,P_meth_Q4,slim,8
100,0.3560606060606061,0.1149706457925636,0.9483636595744683,P_meth_Q4,slim,8
110,0.5984848484848485,0.30299156226029145,0.9497410379746837,P_meth_Q4,slim,8
120,0.5454545454545455,0.293719520109774,0.9506168749999999,P_meth_Q4,slim,8
130,2.6060606060606064,0.7661237257422836,0.9513675,P_meth_Q4,slim,8
140,0.22038567493112945,1.3885601577909272,0.9516253125,P_meth_Q4,slim,8
0,3.237639553429027,0.8644958559302622,0.16024708743842364,P_meth_Q4,slim,9
10,1.5833333333333335,0.8532247988173366,0.4293181387559809,P_meth_Q4,slim,9
20,0.27272727272727276,0.3332398316970547,0.690424861111111,P_meth_Q4,slim,9
30,0.9393939393939393,0.3345952885189334,0.8157577419354839,P_meth_Q4,slim,9
40,1.7424242424242427,0.5878434895752657,0.8820766608695653,P_meth_Q4,slim,9
50,0.9696969696969697,0.579352343332099,0.9191065625000001,P_meth_Q4,slim,9
60,0.5454545454545455,0.15336304634778428,0.9254240277777777,P_meth_Q4,slim,9
70,0.6136363636363636,0.4783250570393235,0.9352770987654322,P_meth_Q4,slim,9
80,0.2651515151515152,0.24049723584345817,0.9414585714285715,P_meth_Q4,slim,9
90,0.6136363636363636,0.3957654723127036,0.9466070493827159,P_meth_Q4,slim,9
100,1.8181818181818181,0.43888206983877187,0.9483245791666667,P_meth_Q4,slim,9
110,0.5984848484848485,0.4985132563987341,0.9498451898734177,P_meth_Q4,slim,9
120,1.1893939393939394,0.3810385340937924,0.9509042675159235,P_meth_Q4,slim,9
130,0.36363636363636365,0.16580571213239334,0.9512899999999999,P_meth_Q4,slim,9
140,1.8181818181818181,0.8177210437394405,0.9517259848484849,P_meth_Q4,slim,9
0,2.926634768740032,0.9498451041135644,0.22142985776566756,P_meth_Q4,slim,10
10,2.6060606060606064,0.6086977503599263,0.4667059011627907,P_meth_Q4,slim,10
20,0.8181818181818182,0.9912666184569171,0.7285542685185186,P_meth_Q4,slim,10
30,1.3560606060606062,0.6882770352935693,0.8224988938547486,P_meth_Q4,slim,10
40,0.5454545454545455,0.6868441592229643,0.8794026388888889,P_meth_Q4,slim,10
50,0.7045454545454546,0.36568146749200187,0.9113650537634408,P_meth_Q4,slim,10
60,2.007575757575758,0.40890090056390455,0.9254157962264152,P_meth_Q4,slim,10
70,0.5151515151515151,0.23572171391955626,0.9368107794117646,P_meth_Q4,slim,10
80,0.75,0.26637314254265276,0.9423235555555555,P_meth_Q4,slim,10
90,1.4848484848484849,0.5079175615559491,0.946084530612245,P_meth_Q4,slim,10
100,1.0984848484848484,0.5552718917538934,0.9487714551724139,P_meth_Q4,slim,10
110,0.43939393939393934,0.22782459648621625,0.9496897931034481,P_meth_Q4,slim,10
120,1.0,0.5279456056042711,0.9506700984848485,P_meth_Q4,slim,10
130,0.5757575757575757,0.35096803084264516,0.9514015789473683,P_meth_Q4,slim,10
140,0.22038567493112945,0.1380590673168691,0.95171125,P_meth_Q4,slim,10
0,1.674641148325359,0.3584572372930013,0.11336179999999998,P_meth_Q4,slim,11
10,0.946969696969697,0.2809715827044111,0.4440132,P_meth_Q4,slim,11
20,0.8712121212121213,0.6169227017800537,0.7290967478260869,P_meth_Q4,slim,11
30,1.2121212121212122,0.5580864399792832,0.8025313125,P_meth_Q4,slim,11
40,1.4772727272727273,0.4703620728092712,0.8683920512820513,P_meth_Q4,slim,11
50,0.1590909090909091,0.06864104595879557,0.9104142857142857,P_meth_Q4,slim,11
60,2.1136363636363638,0.8284332471038127,0.9310132688172043,P_meth_Q4,slim,11
70,0.48484848484848486,0.6587648159700562,0.936619671875,P_meth_Q4,slim,11
80,0.44696969696969696,1.3448454498359523,0.9417894237288137,P_meth_Q4,slim,11
90,0.3106060606060606,0.20711825487944893,0.9459513170731706,P_meth_Q4,slim,11
100,0.393939393939394,0.21214781114394157,0.9487623653846154,P_meth_Q4,slim,11
110,0.3787878787878788,0.5038552561264219,0.9500981199999999,P_meth_Q4,slim,11
120,0.2803030303030303,0.5303277086455144,0.950525945945946,P_meth_Q4,slim,11
130,1.121212121212121,0.6561429435077585,0.9512663648648648,P_meth_Q4,slim,11
140,2.630853994490358,0.5129331917334994,0.9516613612565444,P_meth_Q4,slim,11
0,1.5390749601275917,0.733819166402627,0.16499632642487047,P_meth_Q4,slim,12
10,2.348484848484848,0.9113748129142614,0.4433960064516129,P_meth_Q4,slim,12
20,0.6515151515151516,0.2803862968360214,0.6882014418604652,P_meth_Q4,slim,12
30,0.5303030303030304,0.47796894236439436,0.8090085857142858,P_meth_Q4,slim,12
40,0.6060606060606061,0.3561959887474449,0.8901354874999999,P_meth_Q4,slim,12
50,2.212121212121212,0.7075954897763614,0.9140385239726028,P_meth_Q4,slim,12
60,0.75,0.20690768953080027,0.9278059191919191,P_meth_Q4,slim,12
70,0.6969696969696969,0.23249046605302254,0.9369512826086956,P_meth_Q4,slim,12
80,1.0378787878787878,1.2653940886699506,0.9427945547445257,P_meth_Q4,slim,12
90,1.4393939393939394,0.8794445613296865,0.9466830789473685,P_meth_Q4,slim,12
100,0.7121212121212122,0.21276012016625745,0.9481936063829788,P_meth_Q4,slim,12
110,1.946969696969697,0.37658603732113716,0.9496528521400778,P_meth_Q4,slim,12
120,1.0984848484848484,0.8515977468699111,0.9507635172413794,P_meth_Q4,slim,12
130,0.5075757575757576,0.18448983678782416,0.951246014925373,P_meth_Q4,slim,12
140,1.2672176308539946,0.5327063447501403,0.9516796739130434,P_meth_Q4,slim,12
0,1.7543859649122806,0.6536330201716913,0.20397448636363635,P_meth_Q4,slim,13
10,1.6893939393939394,0.5388583583821801,0.440264470852018,P_meth_Q4,slim,13
20,0.9318181818181818,0.45134603195783435,0.6763963821138211,P_meth_Q4,slim,13
30,0.7954545454545454,0.4097706348783993,0.8293609142857142,P_meth_Q4,slim,13
40,1.3030303030303032,0.2979269512089504,0.8887965406976744,P_meth_Q4,slim,13
50,0.7803030303030303,0.2210113594246812,0.9122922330097085,P_meth_Q4,slim,13
60,0.9393939393939393,0.5032653211821569,0.9273830967741935,P_meth_Q4,slim,13
70,0.4924242424242424,0.29208510638297874,0.9374713076923078,P_meth_Q4,slim,13
80,0.9318181818181818,0.35254726035428435,0.9425068780487804,P_meth_Q4,slim,13
90,1.6969696969696972,0.4931567166917403,0.9460008035714287,P_meth_Q4,slim,13
100,1.5227272727272727,0.5932624065900157,0.9481932885572137,P_meth_Q4,slim,13
110,0.5984848484848485,0.16983270794246402,0.9497281012658227,P_meth_Q4,slim,13
120,2.3181818181818183,0.5373048558567186,0.9508276307189543,P_meth_Q4,slim,13
130,0.5303030303030304,0.4164075385988157,0.9512649999999999,P_meth_Q4,slim,13
140,0.7713498622589532,0.44833693199737984,0.9517455357142858,P_meth_Q4,slim,13
0,5.845295055821372,1.0609001138135432,0.09589432332878582,P_meth_Q4,slim,14
10,2.2575757575757573,0.7397489036159985,0.4408883926174496,P_meth_Q4,slim,14
20,0.5984848484848485,0.40634376339477074,0.6624364050632912,P_meth_Q4,slim,14
30,1.712121212121212,0.6704211931483637,0.8064171017699114,P_meth_Q4,slim,14
40,1.4696969696969697,0.48494672933655014,0.8834931443298969,P_meth_Q4,slim,14
50,1.0757575757575757,0.5576314348953996,0.9099180281690141,P_meth_Q4,slim,14
60,0.7954545454545454,0.5918979168268121,0.9294666666666667,P_meth_Q4,slim,14
70,0.7272727272727273,0.27740927061852283,0.93770509375,P_meth_Q4,slim,14
80,1.0378787878787878,0.9080227758864821,0.943239,P_meth_Q4,slim,14
90,0.3560606060606061,0.5503024712164487,0.9458392553191489,P_meth_Q4,slim,14
100,1.196969696969697,0.27708103052461525,0.9486671265822786,P_meth_Q4,slim,14
110,1.3636363636363635,0.8166688435336739,0.9499088555555558,P_meth_Q4,slim,14
120,0.7954545454545454,0.2992512242095536,0.9505270571428571,P_meth_Q4,slim,14
130,1.2045454545454546,0.6734780320630479,0.9513389937106919,P_meth_Q4,slim,14
140,2.355371900826446,0.6779762834452681,0.951711111111111,P_meth_Q4,slim,14
0,5.685805422647528,1.1319093664309425,0.1374144137447405,P_meth_Q4,slim,15
10,2.3030303030303028,0.7922387140335706,0.4323518980263158,P_meth_Q4,slim,15
20,0.8787878787878787,0.43762575452716296,0.662729,P_meth_Q4,slim,15
30,1.6212121212121213,1.1951766448064314,0.8098331308411214,P_meth_Q4,slim,15
40,1.0606060606060608,0.26832462633472626,0.8836404285714284,P_meth_Q4,slim,15
50,0.75,0.363741628765316,0.9107748484848486,P_meth_Q4,slim,15
60,0.5606060606060606,0.36328743891281545,0.9284849594594594,P_meth_Q4,slim,15
70,0.34848484848484845,0.5055450094914576,0.9385704999999998,P_meth_Q4,slim,15
80,1.0075757575757576,0.2520921523465995,0.9421414736842105,P_meth_Q4,slim,15
90,2.1742424242424243,0.5811534709055096,0.9464929233449477,P_meth_Q4,slim,15
100,1.2196969696969697,0.3000787897443428,0.9482699565217391,P_meth_Q4,slim,15
110,0.2803030303030303,0.297634282789133,0.9497892162162163,P_meth_Q4,slim,15
120,0.9318181818181818,0.2572047753022584,0.9506686829268293,P_meth_Q4,slim,15
130,1.5227272727272727,0.327862369970911,0.9512981094527363,P_meth_Q4,slim,15
140,0.6611570247933884,0.23779677683282918,0.9516960000000001,P_meth_Q4,slim,15
0,1.9457735247208932,0.8590266072076302,0.16085125819672128,P_meth_Q4,slim,16
10,0.5681818181818182,0.27266868276238165,0.4187642266666667,P_meth_Q4,slim,16
20,0.803030303030303,0.6365265810807123,0.6749743396226415,P_meth_Q4,slim,16
30,1.1287878787878787,0.3847869468247447,0.8273234832214765,P_meth_Q4,slim,16
40,1.4545454545454546,0.7377693422837548,0.8869694479166669,P_meth_Q4,slim,16
50,0.9696969696969697,0.3876972216868133,0.9116880624999999,P_meth_Q4,slim,16
60,0.8181818181818182,0.3316351455091074,0.9300877777777778,P_meth_Q4,slim,16
70,1.1893939393939394,0.4165879349508513,0.9370248853503185,P_meth_Q4,slim,16
80,1.1287878787878787,0.44334242499380117,0.9436445167785236,P_meth_Q4,slim,16
90,1.0303030303030303,0.3899184194750696,0.9461616911764705,P_meth_Q4,slim,16
100,1.3333333333333335,0.4675011067734536,0.9477113409090908,P_meth_Q4,slim,16
110,1.7575757575757573,0.6751739525367526,0.9499123275862068,P_meth_Q4,slim,16
120,0.6439393939393939,0.3472673587253245,0.9508203529411765,P_meth_Q4,slim,16
130,1.2045454545454546,0.8419515560939994,0.95143786163522,P_meth_Q4,slim,16
140,0.9366391184573003,1.0381439244986237,0.9517015441176471,P_meth_Q4,slim,16
0,4.800637958532696,0.8223413921354755,0.1608413684385382,P_meth_Q4,slim,17
10,3.0303030303030303,0.6593110199841167,0.3974350725,P_meth_Q4,slim,17
20,1.1818181818181819,0.5548310610551274,0.6683218333333334,P_meth_Q4,slim,17
30,0.946969696969697,0.3289014690932286,0.8341668320000001,P_meth_Q4,slim,17
40,0.9545454545454546,0.57256165571942,0.8806074603174604,P_meth_Q4,slim,17
50,1.0151515151515151,0.643040993499789,0.9096243208955224,P_meth_Q4,slim,17
60,2.3409090909090913,0.580800601476351,0.9317017249190938,P_meth_Q4,slim,17
70,1.1590909090909092,1.0372987909480322,0.9377125555555555,P_meth_Q4,slim,17
80,0.6893939393939394,0.2472988997957705,0.9427151868131868,P_meth_Q4,slim,17
90,1.090909090909091,0.48555444861675223,0.9459460416666666,P_meth_Q4,slim,17
100,1.2121212121212122,0.3514903390084378,0.94856506875,P_meth_Q4,slim,17
110,0.7651515151515151,0.34241333079922126,0.9496685544554455,P_meth_Q4,slim,17
120,0.6818181818181818,0.24512433663742234,0.9507462777777778,P_meth_Q4,slim,17
130,0.75,0.33945502246928333,0.9514186969696969,P_meth_Q4,slim,17
140,1.3360881542699725,0.774947949450443,0.951641030927835,P_meth_Q4,slim,17
0,4.569377990430621,0.7157714633966307,0.15742220767888307,P_meth_Q4,slim,18
10,1.6742424242424243,0.6557657118964874,0.4263947556561086,P_meth_Q4,slim,18
20,0.8181818181818182,0.31005459013897646,0.7443036111111111,P_meth_Q4,slim,18
30,1.0984848484848484,0.23579152776648502,0.8144282068965517,P_meth_Q4,slim,18
40,0.7803030303030303,0.8312240930266681,0.8858929611650485,P_meth_Q4,slim,18
50,0.8863636363636364,0.9229555613988956,0.9149381623931624,P_meth_Q4,slim,18
60,1.143939393939394,0.5261435148033958,0.9302348410596026,P_meth_Q4,slim,18
70,0.9242424242424243,0.37686043246279133,0.9387658032786885,P_meth_Q4,slim,18
80,0.9393939393939393,0.4956365332089801,0.9422569274193547,P_meth_Q4,slim,18
90,0.34848484848484845,0.2903484947018094,0.9470488043478261,P_meth_Q4,slim,18
100,0.4090909090909091,0.30845392231530844,0.9488646666666667,P_meth_Q4,slim,18
110,0.5,0.2419569854248134,0.9497290454545454,P_meth_Q4,slim,18
120,1.0378787878787878,0.6372497198553818,0.9506443430656936,P_meth_Q4,slim,18
130,1.659090909090909,0.5355892259635159,0.9513047168949771,P_meth_Q4,slim,18
140,0.13774104683195593,0.45652625025938987,0.9516638000000001,P_meth_Q4,slim,18
0,3.237639553429027,0.43528689363444084,0.13929817487684729,P_meth_Q4,slim,19
10,3.227272727272727,1.08730625251369,0.37466499765258215,P_meth_Q4,slim,19
20,0.14393939393939392,0.10965756060023085,0.7331867368421053,P_meth_Q4,slim,19
30,1.3636363636363635,0.5064305597592323,0.818374861111111,P_meth_Q4,slim,19
40,0.9318181818181818,0.35835996680380694,0.877358512195122,P_meth_Q4,slim,19
50,1.4166666666666665,0.5396542225253823,0.9114603101604277,P_meth_Q4,slim,19
60,1.628787878787879,0.8199563152237976,0.9306677488372094,P_meth_Q4,slim,19
70,0.6363636363636364,0.31817633993905065,0.9349621071428571,P_meth_Q4,slim,19
80,1.4242424242424243,0.8327293227027462,0.9429677074468085,P_meth_Q4,slim,19
90,0.8333333333333334,0.4261013487340212,0.9461528181818183,P_meth_Q4,slim,19
100,0.8863636363636364,0.4690803061596404,0.9481110427350427,P_meth_Q4,slim,19
110,0.4318181818181818,0.143086437596513,0.9499362105263159,P_meth_Q4,slim,19
120,1.090909090909091,1.0945273631840795,0.9505888888888889,P_meth_Q4,slim,19
130,0.9848484848484848,0.39068191752877746,0.951352,P_meth_Q4,slim,19
140,0.04132231404958678,0.013631763385634323,0.9516749999999999,P_meth_Q4,slim,19
0,3.5271132376395538,0.6619276716618527,0.1413158359298775,P_meth_Q4,oracle,-1
10,1.843181818181818,0.409391644928353,0.4238202224638156,P_meth_Q4,oracle,-1
20,1.2647727272727272,0.2791701122611614,0.6836875862455608,P_meth_Q4,oracle,-1
30,1.0234848484848484,0.2372750932960446,0.8215426422562171,P_meth_Q4,oracle,-1
40,0.9511363636363636,0.22688038019240883,0.8826980468595609,P_meth_Q4,oracle,-1
50,0.9878787878787879,0.22068827579111044,0.9121131372192836,P_meth_Q4,oracle,-1
60,0.9659090909090908,0.22236959511325965,0.9281453238808011,P_meth_Q4,oracle,-1
70,0.9984848484848485,0.23055999470540023,0.9373086065488095,P_meth_Q4,oracle,-1
80,0.9037878787878787,0.2073642078231912,0.9427575815789676,P_meth_Q4,oracle,-1
90,0.9784090909090909,0.22693800195504693,0.9462225485426754,P_meth_Q4,oracle,-1
100,0.9795454545454545,0.23596421394680456,0.9483627992153318,P_meth_Q4,oracle,-1
110,0.9405303030303029,0.22017339430684552,0.9498077241226814,P_meth_Q4,oracle,-1
120,0.9625,0.21763495497735758,0.9507475480883469,P_meth_Q4,oracle,-1
130,0.9196969696969697,0.21448884258281337,0.9513400528000577,P_meth_Q4,oracle,-1
140,0.940771349862259,0.2158354192444295,0.9516828726759453,P_meth_Q4,oracle,-1
