gen,mean_cpg,sd_cpg,oracle_mean,oracle_se,cond,rep
1,66.965,0.232476,66.95,0.049999999999999996,ctx_r20,0
1000,54.795,4.14838,45.9,1.2330962313580693,ctx_r20,0
2000,33.905,0.964691,33.15,1.0742806650817192,ctx_r20,0
3000,21.46,1.48642,25.6,1.1248391697903914,ctx_r20,0
4000,21.79,1.07315,19.7,1.1217936764983027,ctx_r20,0
5000,22.365,1.00839,16.6,0.9301952256890683,ctx_r20,0
6000,20.915,0.955163,15.0,0.750438468321582,ctx_r20,0
7000,15.435,0.836224,12.4,0.841051972860555,ctx_r20,0
8000,10.585,0.71788,11.3,0.7,ctx_r20,0
9000,8.535,0.849933,9.8,0.7900699502675631,ctx_r20,0
10000,10.925,1.98724,9.25,0.6761929030278735,ctx_r20,0
11000,13.03,0.583784,8.75,0.5843349796315916,ctx_r20,0
12000,14.96,1.23125,9.6,0.8252591299579469,ctx_r20,0
13000,12.07,0.882607,9.35,0.6968915946808673,ctx_r20,0
14000,9.02,0.795465,8.75,0.5752573794672946,ctx_r20,0
15000,12.22,1.22438,9.6,0.7048702754856087,ctx_r20,0
16000,9.855,0.725678,9.2,0.786732081728623,ctx_r20,0
17000,11.255,0.977112,9.4,0.6664912049800727,ctx_r20,0
18000,9.42,0.858654,9.3,0.594270893395295,ctx_r20,0
19000,8.87,0.758933,9.6,0.7483314773547883,ctx_r20,0
20000,8.515,0.966668,9.1,0.6361893131020538,ctx_r20,0
1,66.98,0.172478,66.95,0.049999999999999996,ctx_r20,1
1000,48.315,1.85011,46.7,0.7074788447646146,ctx_r20,1
2000,37.3,1.28384,33.25,0.6991536236576938,ctx_r20,1
3000,23.385,1.11939,23.95,0.9218830842642854,ctx_r20,1
4000,16.295,1.98941,18.85,0.935484675955394,ctx_r20,1
5000,13.0,1.15615,16.2,0.8510055971119046,ctx_r20,1
6000,14.38,1.18007,13.8,0.8991223791184262,ctx_r20,1
7000,6.415,0.636238,11.2,0.7525395600722159,ctx_r20,1
8000,5.935,1.08936,10.55,0.60469653111031,ctx_r20,1
9000,12.49,0.940384,10.15,0.669937153376109,ctx_r20,1
10000,11.88,0.496824,9.4,0.6172946067956105,ctx_r20,1
11000,9.56,0.545792,9.2,0.6472614374586614,ctx_r20,1
12000,10.8,1.3262,8.75,0.4464774409342065,ctx_r20,1
13000,11.145,2.08464,8.45,0.6508092128872696,ctx_r20,1
14000,12.13,1.05292,8.45,0.6707223129228903,ctx_r20,1
15000,9.315,1.10083,9.2,0.6349471590115526,ctx_r20,1
16000,9.05,0.975839,10.0,0.6844129255293028,ctx_r20,1
17000,9.195,1.21836,9.8,0.6790085651734796,ctx_r20,1
18000,10.615,3.33502,9.45,0.5825307762368936,ctx_r20,1
19000,8.61,1.30245,8.5,0.6786208925382962,ctx_r20,1
20000,8.5,0.814442,9.15,0.7408210239144702,ctx_r20,1
1,73.96,0.196451,73.95,0.049999999999999996,ctx_r20,2
1000,44.33,2.71254,49.95,0.8537070864609735,ctx_r20,2
2000,34.255,1.19462,35.85,0.9155814948349548,ctx_r20,2
3000,22.85,1.41332,27.25,1.017931338807444,ctx_r20,2
4000,19.84,1.38346,20.55,0.8958236433584459,ctx_r20,2
5000,13.905,0.486992,16.95,0.7829599707452952,ctx_r20,2
6000,16.165,1.01138,14.65,0.8437853306443093,ctx_r20,2
7000,11.92,1.8249,12.25,0.623550951786367,ctx_r20,2
8000,13.13,0.920509,11.5,0.7451598203705946,ctx_r20,2
9000,11.655,1.55824,10.7,0.6411338640088724,ctx_r20,2
10000,12.34,0.711993,10.55,0.6133385773993968,ctx_r20,2
11000,10.215,1.18567,10.85,0.6210136026987187,ctx_r20,2
12000,11.195,1.51938,10.45,0.5499999999999999,ctx_r20,2
13000,11.75,1.36632,10.2,0.6349471590115527,ctx_r20,2
14000,9.895,0.604817,9.8,0.7698256808832559,ctx_r20,2
15000,11.73,1.80927,10.05,0.7762087348130011,ctx_r20,2
16000,7.77,0.498339,9.45,0.919024081924894,ctx_r20,2
17000,6.345,0.78681,8.95,0.5499999999999999,ctx_r20,2
18000,6.49,1.41418,9.1,0.652525458265201,ctx_r20,2
19000,9.91,2.82165,9.2,0.7093362353192189,ctx_r20,2
20000,11.425,0.732844,9.5,0.5689325184293088,ctx_r20,2
1,62.965,0.232476,63.0,0.0,ctx_r20,3
1000,43.705,0.84946,42.8,1.0275161671157347,ctx_r20,3
2000,23.23,0.87804,29.7,0.9121980394398437,ctx_r20,3
3000,17.76,1.36076,22.0,0.7433919416750281,ctx_r20,3
4000,13.93,1.96069,18.1,0.9344291812314307,ctx_r20,3
5000,13.125,1.44562,14.05,0.7199232415224629,ctx_r20,3
6000,11.825,1.07244,12.15,0.747891773763529,ctx_r20,3
7000,10.075,0.42459,12.05,0.60469653111031,ctx_r20,3
8000,13.095,0.990394,10.7,0.5942708933952949,ctx_r20,3
9000,14.855,1.11363,10.05,0.6176142553577052,ctx_r20,3
10000,12.315,0.938177,10.05,0.7014083576708552,ctx_r20,3
11000,12.105,0.816891,10.4,0.6664912049800729,ctx_r20,3
12000,17.255,1.1073,8.9,0.7639922843369007,ctx_r20,3
13000,15.16,1.06775,8.85,0.5725060330640515,ctx_r20,3
14000,12.18,1.06926,8.8,0.7490344662156391,ctx_r20,3
15000,12.005,1.05382,9.6,0.7827078503166864,ctx_r20,3
16000,11.24,0.784524,9.3,0.7816985554412565,ctx_r20,3
17000,11.22,0.869124,10.0,0.8429272304235246,ctx_r20,3
18000,9.475,0.61748,9.55,0.8928812026833486,ctx_r20,3
19000,12.48,0.85631,9.9,0.6236564506369293,ctx_r20,3
20000,10.98,2.31656,10.2,0.5057563382541147,ctx_r20,3
1,54.985,0.121857,55.0,0.0,ctx_r20,4
1000,37.14,2.02755,38.35,1.0985037670922158,ctx_r20,4
2000,25.175,1.23369,28.25,1.0559979066964897,ctx_r20,4
3000,19.185,1.41449,21.3,0.8114314836334481,ctx_r20,4
4000,11.265,0.841615,17.5,0.892954881868413,ctx_r20,4
5000,14.685,1.41981,15.25,0.8940593410189045,ctx_r20,4
6000,15.36,1.03234,12.3,0.7222042282958616,ctx_r20,4
7000,9.365,1.37522,11.95,0.6588466797126786,ctx_r20,4
8000,8.74,0.551289,10.15,0.8022173219140479,ctx_r20,4
9000,9.695,0.738037,9.4,0.7341303483857976,ctx_r20,4
10000,9.08,0.35245,9.6,0.6,ctx_r20,4
11000,7.84,0.817153,9.5,0.5206271521722118,ctx_r20,4
12000,8.37,1.25338,9.15,0.5442280868590996,ctx_r20,4
13000,11.23,0.8607,8.55,0.6667872697929188,ctx_r20,4
14000,7.955,0.451658,7.8,0.6307889796454161,ctx_r20,4
15000,8.91,1.2245,8.0,0.6688560540599386,ctx_r20,4
16000,4.885,0.643307,9.5,0.6747319155744278,ctx_r20,4
17000,6.83,0.863032,9.35,0.5678908345800272,ctx_r20,4
18000,7.4,1.04665,9.05,0.6785239397708126,ctx_r20,4
19000,8.075,0.548525,8.85,0.5950453321961454,ctx_r20,4
20000,7.67,0.585503,8.75,0.695379487459148,ctx_r20,4
1,62.98,0.172478,63.0,0.07254762501100116,ctx_r20,5
1000,41.41,1.83541,44.05,0.9582742163306965,ctx_r20,5
2000,32.235,1.0889,31.45,1.0449754467022305,ctx_r20,5
3000,26.045,1.25333,24.4,0.8503869088461099,ctx_r20,5
4000,21.265,1.4475,18.0,0.6529286250990105,ctx_r20,5
5000,14.03,1.26773,14.15,0.5632378202014342,ctx_r20,5
6000,12.87,2.27132,12.65,0.5861336294557304,ctx_r20,5
7000,8.715,0.898785,11.2,0.7312570287561434,ctx_r20,5
8000,7.93,0.630147,9.65,0.49351051820497943,ctx_r20,5
9000,5.915,0.398206,9.5,0.6549407365716784,ctx_r20,5
10000,9.445,1.05477,9.2,0.58309518948453,ctx_r20,5
11000,10.115,2.52461,8.9,0.527656187902292,ctx_r20,5
12000,12.075,0.625565,9.15,0.549042228267601,ctx_r20,5
13000,10.21,0.545332,9.2,0.500526039072368,ctx_r20,5
14000,10.835,0.556167,9.5,0.6303716531163435,ctx_r20,5
15000,12.505,1.80729,9.55,0.6344288770224759,ctx_r20,5
16000,14.5,0.802008,9.25,0.7322460041040276,ctx_r20,5
17000,14.09,1.06658,9.6,0.7759544207992469,ctx_r20,5
18000,9.98,1.42822,10.05,0.8629051298711202,ctx_r20,5
19000,10.35,0.975839,9.7,0.8617607434476049,ctx_r20,5
20000,12.365,1.14382,9.4,0.7518398485679892,ctx_r20,5
1,75.97,0.198233,75.95,0.049999999999999996,ctx_r20,6
1000,53.135,2.56313,53.75,1.1559343452490352,ctx_r20,6
2000,32.255,1.64728,37.7,1.3613074210981302,ctx_r20,6
3000,27.73,1.67065,26.85,1.1268843867285725,ctx_r20,6
4000,22.02,2.34673,19.2,0.8065521159785484,ctx_r20,6
5000,17.28,1.33058,15.15,0.8622949794466781,ctx_r20,6
6000,13.82,1.06926,12.1,0.7067345217339579,ctx_r20,6
7000,10.965,2.19267,11.35,0.5861336294557303,ctx_r20,6
8000,10.26,0.681706,10.65,0.6377386034385792,ctx_r20,6
9000,9.91,0.863498,10.7,0.6847973192274139,ctx_r20,6
10000,11.635,0.925233,8.9,0.7251134212550546,ctx_r20,6
11000,9.985,0.613725,8.65,0.7443647945519865,ctx_r20,6
12000,10.2,1.13421,8.05,0.5688168699844857,ctx_r20,6
13000,10.555,0.818735,7.45,0.60469653111031,ctx_r20,6
14000,10.37,0.595713,8.15,0.5994515036791199,ctx_r20,6
15000,5.855,0.937212,8.5,0.5256574830378468,ctx_r20,6
16000,9.3,1.34127,8.35,0.39917678447419497,ctx_r20,6
17000,9.25,1.5096,8.45,0.5499999999999999,ctx_r20,6
18000,3.08,0.570286,9.45,0.7521023166676473,ctx_r20,6
19000,5.075,1.19015,9.15,0.7228416147400479,ctx_r20,6
20000,4.43,1.41247,9.1,0.6992477160642376,ctx_r20,6
1,50.965,0.184241,51.0,0.0,ctx_r20,7
1000,39.79,2.17706,36.95,0.7450715260613361,ctx_r20,7
2000,24.385,0.949358,26.6,1.0141109666262262,ctx_r20,7
3000,20.25,1.6312,21.05,0.8094019884750521,ctx_r20,7
4000,23.585,2.60706,17.45,0.7625269624223477,ctx_r20,7
5000,21.605,2.76536,14.6,0.8252591299579467,ctx_r20,7
6000,18.99,0.84467,12.7,0.7983535689483899,ctx_r20,7
7000,14.11,3.04867,11.9,0.6723877327538736,ctx_r20,7
8000,14.22,3.07717,11.7,0.7401991197252975,ctx_r20,7
9000,4.935,0.744005,9.65,0.7687138951726962,ctx_r20,7
10000,5.71,1.34721,10.25,0.7029074955984045,ctx_r20,7
11000,10.42,1.20868,10.8,0.592052629239558,ctx_r20,7
12000,8.0,0.907811,10.65,0.5861336294557303,ctx_r20,7
13000,4.605,1.18998,9.75,0.38302810120902286,ctx_r20,7
14000,6.78,1.69587,10.7,0.5717010628494212,ctx_r20,7
15000,6.86,0.702043,10.3,0.513501908980206,ctx_r20,7
16000,9.64,0.736964,9.7,0.6692493831466005,ctx_r20,7
17000,12.325,1.6163,9.95,0.6426712346055902,ctx_r20,7
18000,13.945,1.41846,9.75,0.7775636714494155,ctx_r20,7
19000,12.115,0.983162,9.9,0.8550161586654063,ctx_r20,7
20000,10.02,1.16894,9.35,0.7478917737635292,ctx_r20,7
1,48.0,0.100251,48.0,0.0,ctx_r20,8
1000,36.66,1.26983,33.5,0.8840695376317527,ctx_r20,8
2000,26.5,1.59459,24.5,0.9219544457292886,ctx_r20,8
3000,18.315,1.19705,18.45,0.8475196007669736,ctx_r20,8
4000,16.085,1.75304,15.1,1.0205777517506547,ctx_r20,8
5000,13.085,1.10175,13.3,0.8081818450923294,ctx_r20,8
6000,11.9,0.729838,11.35,0.5770843229455066,ctx_r20,8
7000,11.345,1.42694,9.95,0.6090328830462103,ctx_r20,8
8000,8.86,0.388788,9.75,0.7707651700540321,ctx_r20,8
9000,9.24,0.840196,8.45,0.6862368779303389,ctx_r20,8
10000,11.2,0.83876,8.4,0.6664912049800729,ctx_r20,8
11000,8.81,1.69951,8.45,0.6344288770224759,ctx_r20,8
12000,9.435,0.780269,8.9,0.7810249675906653,ctx_r20,8
13000,8.83,0.460609,9.3,0.7,ctx_r20,8
14000,8.755,0.829709,8.7,0.6452253788202106,ctx_r20,8
15000,6.79,0.727009,8.65,0.5538145233882815,ctx_r20,8
16000,7.805,1.15918,8.25,0.623550951786367,ctx_r20,8
17000,11.245,1.25413,8.95,0.6785239397708126,ctx_r20,8
18000,10.935,0.992826,9.2,0.8032827384518708,ctx_r20,8
19000,11.54,1.02648,9.35,0.726473095093505,ctx_r20,8
20000,8.425,0.60515,8.85,0.6931051412607651,ctx_r20,8
1,64.965,0.184241,65.0,0.0,ctx_r20,9
1000,45.08,1.2252,46.1,0.9757588140303395,ctx_r20,9
2000,32.565,1.77808,33.75,1.0282202303520696,ctx_r20,9
3000,19.075,0.907465,25.8,1.0726258974076068,ctx_r20,9
4000,15.15,0.582405,18.8,0.9279292169012393,ctx_r20,9
5000,13.54,1.1335,14.95,0.6707223129228903,ctx_r20,9
6000,11.16,1.39792,12.75,0.8999268976159293,ctx_r20,9
7000,8.72,1.08512,11.4,0.7448065803316074,ctx_r20,9
8000,9.725,0.890697,11.0,0.8645047258706176,ctx_r20,9
9000,7.305,0.681393,10.6,0.924519790001957,ctx_r20,9
10000,5.15,1.0162,9.65,0.6816195883026651,ctx_r20,9
11000,5.08,1.41549,8.85,0.5725060330640515,ctx_r20,9
12000,4.91,0.541633,9.55,0.7521023166676473,ctx_r20,9
13000,6.915,1.05038,9.5,0.7272876792721382,ctx_r20,9
14000,4.415,0.771851,10.0,0.6688560540599386,ctx_r20,9
15000,11.14,0.862624,9.25,0.6839321295967435,ctx_r20,9
16000,14.2,1.20301,8.75,0.6443070533118261,ctx_r20,9
17000,11.62,0.6144,9.3,0.7884027824458897,ctx_r20,9
18000,12.28,2.31699,9.85,0.8922915501820666,ctx_r20,9
19000,10.835,1.56526,9.5,0.8413648060396306,ctx_r20,9
20000,10.955,0.569735,9.35,0.7408210239144702,ctx_r20,9
1,50.99,0.17335,51.0,0.0,ctx_r20,10
1000,39.11,1.80114,37.4,0.9358362429849628,ctx_r20,10
2000,30.335,1.17459,27.95,0.9103932059685441,ctx_r20,10
3000,25.4,1.01744,21.1,0.8268519882822534,ctx_r20,10
4000,23.29,0.905539,17.4,0.7483314773547883,ctx_r20,10
5000,16.045,1.54431,14.55,0.591496763349244,ctx_r20,10
6000,14.36,0.723198,12.1,0.7394877316515519,ctx_r20,10
7000,17.305,1.34947,10.5,0.7126673395365506,ctx_r20,10
8000,11.475,0.929351,10.2,0.5261578710455237,ctx_r20,10
9000,10.015,1.45788,9.95,0.5779956291949109,ctx_r20,10
10000,12.54,0.867272,10.15,0.5906062897342731,ctx_r20,10
11000,9.39,0.878498,9.75,0.6564457728034958,ctx_r20,10
12000,10.08,0.667704,10.15,0.7583743000309071,ctx_r20,10
13000,10.41,0.65884,9.5,0.49470884579241464,ctx_r20,10
14000,12.35,0.647764,9.2,0.5457973404498279,ctx_r20,10
15000,11.455,1.22289,10.3,0.5529823448214333,ctx_r20,10
16000,7.945,0.635606,9.5,0.6427735952392896,ctx_r20,10
17000,7.405,0.512139,10.3,0.7366353093270566,ctx_r20,10
18000,6.845,0.880255,8.9,0.7910685644646805,ctx_r20,10
19000,7.365,1.10811,8.9,0.5753717333854239,ctx_r20,10
20000,14.4,2.04227,9.15,0.6210136026987187,ctx_r20,10
1,45.965,0.184241,46.0,0.0,ctx_r20,11
1000,32.7,3.43643,34.0,0.9840838646332836,ctx_r20,11
2000,23.395,1.30672,24.0,0.9090191359227175,ctx_r20,11
3000,17.69,0.65271,20.1,1.111897382618416,ctx_r20,11
4000,13.205,2.49078,16.75,0.9702821076475915,ctx_r20,11
5000,12.49,1.76507,13.95,0.9045935405939013,ctx_r20,11
6000,13.47,0.813887,11.65,0.8119988332892836,ctx_r20,11
7000,11.895,1.49168,11.6,0.685949207878742,ctx_r20,11
8000,9.83,0.956911,10.9,0.7430378611873656,ctx_r20,11
9000,10.02,1.64717,11.3,0.9378025827489098,ctx_r20,11
10000,11.355,2.637,11.75,0.7809407282583176,ctx_r20,11
11000,9.53,0.701112,10.6,0.5730803195291031,ctx_r20,11
12000,9.38,1.49559,10.4,0.6973634557916584,ctx_r20,11
13000,8.235,1.06558,9.45,0.65484027783398,ctx_r20,11
14000,9.75,0.955018,9.25,0.5374158440850848,ctx_r20,11
15000,12.2,2.11242,9.0,0.6407232755171874,ctx_r20,11
16000,11.995,1.84717,8.7,0.7850578255604387,ctx_r20,11
17000,6.8,0.679935,8.3,0.5577209262516043,ctx_r20,11
18000,6.155,1.85152,8.4,0.7232965468857445,ctx_r20,11
19000,8.075,0.82631,9.2,0.720380016672487,ctx_r20,11
20000,7.66,1.59597,8.85,0.6540360524426286,ctx_r20,11
1,53.97,0.198233,54.0,0.0,ctx_r20,12
1000,34.875,1.29916,38.05,0.95,ctx_r20,12
2000,21.98,1.99739,27.85,0.7687138951726962,ctx_r20,12
3000,18.435,2.05105,20.95,0.60469653111031,ctx_r20,12
4000,10.335,0.963022,15.85,0.7822874690358566,ctx_r20,12
5000,11.91,1.45688,12.9,0.7674290640971664,ctx_r20,12
6000,10.975,0.675765,11.7,0.8401127743846123,ctx_r20,12
7000,12.17,1.03268,11.3,0.7749363301520156,ctx_r20,12
8000,10.18,0.607822,11.6,0.7305369330337212,ctx_r20,12
9000,9.18,1.90941,11.55,0.6823913061703247,ctx_r20,12
10000,10.7,0.997484,12.0,0.6155870112510924,ctx_r20,12
11000,9.28,1.07114,12.05,0.5499999999999999,ctx_r20,12
12000,7.665,1.37193,10.8,0.6553424175273003,ctx_r20,12
13000,8.82,0.755283,9.6,0.6464477835387057,ctx_r20,12
14000,11.855,0.697429,9.4,0.6,ctx_r20,12
15000,9.22,1.1655,9.6,0.7553319242488521,ctx_r20,12
16000,11.345,1.54854,9.95,0.8094019884750521,ctx_r20,12
17000,10.99,1.40705,10.6,0.6505058760202264,ctx_r20,12
18000,8.45,2.56131,10.2,0.6472614374586614,ctx_r20,12
19000,9.51,1.04179,9.8,0.6513144603920518,ctx_r20,12
20000,11.835,0.547057,9.65,0.7822874690358567,ctx_r20,12
1,72.98,0.172478,73.0,0.0,ctx_r20,13
1000,53.26,1.82181,50.5,0.8870412083230169,ctx_r20,13
2000,34.115,2.5266,36.75,1.1467918638302979,ctx_r20,13
3000,24.055,0.936139,26.9,1.4103004532442909,ctx_r20,13
4000,14.41,2.4946,19.9,1.1213244049126154,ctx_r20,13
5000,9.34,2.03842,16.85,1.024117078010949,ctx_r20,13
6000,5.79,1.08248,15.25,0.9483364936894276,ctx_r20,13
7000,3.07,0.309157,13.45,0.7088723439378912,ctx_r20,13
8000,5.55,0.741789,12.1,0.7359204762529855,ctx_r20,13
9000,7.24,0.635942,10.75,0.5798139447497928,ctx_r20,13
10000,6.805,0.456087,9.9,0.5073149130989858,ctx_r20,13
11000,7.23,0.670333,9.7,0.5031479849277368,ctx_r20,13
12000,7.015,0.676062,9.6,0.5448321808255804,ctx_r20,13
13000,8.575,0.668287,9.3,0.5670793131197972,ctx_r20,13
14000,11.365,0.9625,10.2,0.6307889796454161,ctx_r20,13
15000,15.39,0.895494,9.8,0.7800134951599099,ctx_r20,13
16000,14.71,1.87174,9.65,0.6699371533761089,ctx_r20,13
17000,16.295,0.923166,9.55,0.5451943159143013,ctx_r20,13
18000,15.84,2.42566,8.75,0.517458363440709,ctx_r20,13
19000,10.13,0.462786,9.55,0.6588466797126786,ctx_r20,13
20000,9.065,1.05658,9.3,0.6770679822821183,ctx_r20,13
1,57.985,0.157796,58.0,0.0,ctx_r20,14
1000,37.655,2.00652,41.05,0.8028731301755555,ctx_r20,14
2000,30.335,0.809972,30.6,0.7827078503166864,ctx_r20,14
3000,23.18,1.44848,23.35,0.9767696490823313,ctx_r20,14
4000,19.135,1.67355,18.0,0.855323884483779,ctx_r20,14
5000,18.13,2.07234,14.6,0.772555567751057,ctx_r20,14
6000,20.28,1.672,13.05,0.6707223129228903,ctx_r20,14
7000,13.43,1.78354,11.5,0.5256574830378468,ctx_r20,14
8000,10.235,1.09809,10.75,0.6644150573407052,ctx_r20,14
9000,8.72,1.14374,10.45,0.719923241522463,ctx_r20,14
10000,10.84,0.645354,9.8,0.727649423974572,ctx_r20,14
11000,11.16,1.00471,10.1,0.5375382483331327,ctx_r20,14
12000,9.205,0.778463,9.6,0.6625310320438225,ctx_r20,14
13000,7.11,0.781636,10.1,0.7030010855722696,ctx_r20,14
14000,7.015,0.773152,10.45,0.723569368878304,ctx_r20,14
15000,11.08,1.78311,10.25,0.648378544402963,ctx_r20,14
16000,8.865,1.07356,10.1,0.6723877327538738,ctx_r20,14
17000,5.8,0.672504,9.7,0.7816985554412565,ctx_r20,14
18000,6.97,1.75055,9.65,0.6210136026987187,ctx_r20,14
19000,9.665,1.71097,9.3,0.5031479849277368,ctx_r20,14
20000,9.12,1.20117,9.8,0.5693948773178324,ctx_r20,14
1,60.975,0.156517,60.95,0.05,ctx_r20,15
1000,41.685,1.37303,43.55,0.9582742163306965,ctx_r20,15
2000,32.7,0.873967,31.3,1.0640043529788281,ctx_r20,15
3000,26.905,1.44096,23.9,0.9344291812314307,ctx_r20,15
4000,22.3,1.2319,18.85,0.9298415258300171,ctx_r20,15
5000,16.325,1.84292,14.75,0.8792191511730586,ctx_r20,15
6000,12.05,2.41384,13.0,0.6688560540599386,ctx_r20,15
7000,11.025,2.4951,12.15,0.8022173219140479,ctx_r20,15
8000,11.36,1.70143,11.7,0.7185511738725949,ctx_r20,15
9000,7.905,0.465897,10.7,0.6117274935098057,ctx_r20,15
10000,9.53,0.997031,9.5,0.5,ctx_r20,15
11000,8.345,0.638761,10.45,0.5734246153363877,ctx_r20,15
12000,8.53,1.26376,10.65,0.6167614910499076,ctx_r20,15
13000,9.64,1.55967,9.9,0.5799274001749566,ctx_r20,15
14000,8.29,0.92747,9.05,0.6176142553577052,ctx_r20,15
15000,5.89,0.329306,9.8,0.7240238437481112,ctx_r20,15
16000,7.17,0.709661,9.65,0.6931051412607652,ctx_r20,15
17000,4.97,0.945287,9.2,0.5647542548941554,ctx_r20,15
18000,5.03,0.387104,9.05,0.7308070520790155,ctx_r20,15
19000,6.195,0.866446,10.05,0.7728110002486139,ctx_r20,15
20000,5.975,0.367492,10.1,0.7776482766040591,ctx_r20,15
1,62.97,0.171015,63.0,0.0,ctx_r20,16
1000,51.06,2.07071,44.15,0.8500000000000001,ctx_r20,16
2000,37.31,3.41205,32.15,1.2466270281717866,ctx_r20,16
3000,28.295,2.53973,24.5,1.139020816777565,ctx_r20,16
4000,23.7,0.687286,18.6,0.775954420799247,ctx_r20,16
5000,20.24,0.689038,15.65,0.6252367972469143,ctx_r20,16
6000,18.185,1.8433,12.9,0.6954740904780822,ctx_r20,16
7000,10.08,0.697159,12.4,0.6464477835387057,ctx_r20,16
8000,8.265,0.974435,11.6,0.6341177044980645,ctx_r20,16
9000,7.035,2.22,11.5,0.6386663736585051,ctx_r20,16
10000,3.775,0.804744,10.05,0.65484027783398,ctx_r20,16
11000,7.825,0.953373,10.0,0.5803810000880093,ctx_r20,16
12000,8.57,1.01005,9.25,0.6644150573407052,ctx_r20,16
13000,6.74,0.988578,9.4,0.7518398485679892,ctx_r20,16
14000,8.965,0.505025,9.2,0.5693948773178326,ctx_r20,16
15000,9.16,2.03842,10.2,0.6553424175273003,ctx_r20,16
16000,6.7,0.626067,9.9,0.5073149130989858,ctx_r20,16
17000,9.905,1.3804,10.3,0.6030623603959343,ctx_r20,16
18000,9.935,0.997875,9.55,0.591496763349244,ctx_r20,16
19000,6.885,1.17844,9.95,0.7450715260613361,ctx_r20,16
20000,8.84,0.994659,9.3,0.7222042282958617,ctx_r20,16
1,60.975,0.211182,60.95,0.049999999999999996,ctx_r20,17
1000,42.375,1.17528,42.55,0.8598500481265078,ctx_r20,17
2000,29.035,1.51501,30.9,0.9287796180727527,ctx_r20,17
3000,15.755,1.89285,23.65,0.7081294856317258,ctx_r20,17
4000,16.9,0.879698,17.25,0.6604424354372724,ctx_r20,17
5000,20.04,1.64985,14.35,0.6540360524426285,ctx_r20,17
6000,14.75,0.678085,13.55,0.6746344039162013,ctx_r20,17
7000,17.365,0.695842,10.85,0.49351051820497943,ctx_r20,17
8000,18.77,1.60624,10.95,0.55,ctx_r20,17
9000,15.505,1.14741,9.45,0.6938640849770599,ctx_r20,17
10000,15.99,2.6656,9.7,0.8211032373068501,ctx_r20,17
11000,9.315,1.2861,10.05,0.7343991457396705,ctx_r20,17
12000,12.725,1.09791,9.85,0.7006575858660055,ctx_r20,17
13000,14.17,1.0987,9.55,0.6900610194224245,ctx_r20,17
14000,16.755,0.798853,8.65,0.581626575806342,ctx_r20,17
15000,8.555,1.45518,9.3,0.8678467000207134,ctx_r20,17
16000,11.145,0.915514,9.6,0.809158106988531,ctx_r20,17
17000,14.205,0.752199,8.65,0.5442280868590996,ctx_r20,17
18000,9.125,0.867837,9.2,0.643182874870216,ctx_r20,17
19000,7.305,0.651226,8.75,0.4913729422964319,ctx_r20,17
20000,2.68,0.714248,8.6,0.4553772293962792,ctx_r20,17
1,47.98,0.199497,48.0,0.0,ctx_r20,18
1000,37.27,1.66763,34.55,0.7762087348130012,ctx_r20,18
2000,26.74,1.09929,27.5,0.8537841462694493,ctx_r20,18
3000,15.9,0.814442,21.6,0.8596204792936547,ctx_r20,18
4000,12.875,0.890697,17.55,0.7125750191346429,ctx_r20,18
5000,15.3,1.52368,15.7,0.9976287675757637,ctx_r20,18
6000,14.785,0.749388,13.45,0.7125750191346429,ctx_r20,18
7000,11.47,0.87345,11.1,0.7214750971374366,ctx_r20,18
8000,10.555,0.590524,11.15,0.8744170990768048,ctx_r20,18
9000,7.885,1.22445,11.05,0.7659703168633817,ctx_r20,18
10000,10.235,0.832611,10.45,0.7415311328950602,ctx_r20,18
11000,6.235,0.769895,9.55,0.7896534882965739,ctx_r20,18
12000,8.385,1.03058,9.4,0.6859492078787421,ctx_r20,18
13000,9.59,0.967772,9.3,0.5336073857296797,ctx_r20,18
14000,8.535,1.17288,8.7,0.5031479849277367,ctx_r20,18
15000,8.605,1.05095,8.7,0.6074103789210821,ctx_r20,18
16000,9.32,1.38825,9.35,0.6459387293739732,ctx_r20,18
17000,8.745,0.672485,8.45,0.5825307762368936,ctx_r20,18
18000,6.71,0.865822,8.7,0.5624195848951957,ctx_r20,18
19000,9.525,1.07478,9.1,0.5276561879022921,ctx_r20,18
20000,11.915,1.01634,9.75,0.6800735254367721,ctx_r20,18
1,47.0,0.100251,47.05,0.05,ctx_r20,19
1000,36.62,1.62444,33.5,0.5548826333938603,ctx_r20,19
2000,27.625,2.37753,23.4,0.5301439725008174,ctx_r20,19
3000,23.065,1.37851,17.65,0.7408210239144701,ctx_r20,19
4000,13.63,0.62855,14.6,0.9386440388022222,ctx_r20,19
5000,10.775,1.32026,12.85,0.6418517618660295,ctx_r20,19
6000,10.72,0.957173,11.45,0.6003288572458474,ctx_r20,19
7000,10.715,0.947769,11.75,0.7673433322012281,ctx_r20,19
8000,8.685,0.554357,10.95,0.8750187967905844,ctx_r20,19
9000,9.495,0.729821,9.7,0.8678467000207133,ctx_r20,19
10000,7.29,0.476482,10.2,0.7732365335666087,ctx_r20,19
11000,7.28,0.744562,10.25,0.7707651700540321,ctx_r20,19
12000,6.68,1.39907,10.05,0.9045935405939015,ctx_r20,19
13000,6.795,1.13109,10.0,1.0930401832070324,ctx_r20,19
14000,6.74,0.80974,9.85,0.9494458217407945,ctx_r20,19
15000,9.265,1.17117,9.35,0.8184548986062894,ctx_r20,19
16000,9.205,1.26926,9.65,0.7408210239144702,ctx_r20,19
17000,5.12,0.407961,10.2,0.48989794855663565,ctx_r20,19
18000,8.45,0.564885,9.1,0.5799274001749566,ctx_r20,19
19000,8.39,1.05044,8.6,0.4192725529821986,ctx_r20,19
20000,6.32,1.94848,9.85,0.7006575858660055,ctx_r20,19
1,56.975,0.18587,56.95,0.049999999999999996,ctx_r20,20
1000,39.335,1.21662,40.15,1.031797103677799,ctx_r20,20
2000,29.66,2.46878,29.55,1.094183184894222,ctx_r20,20
3000,20.81,1.14035,22.6,1.0167026165631305,ctx_r20,20
4000,16.79,0.922036,16.25,0.8641241382554878,ctx_r20,20
5000,14.285,0.552541,13.55,0.6707223129228901,ctx_r20,20
6000,10.485,0.856412,12.2,0.675121821365752,ctx_r20,20
7000,6.46,0.794706,11.45,0.6588466797126786,ctx_r20,20
8000,9.355,1.07926,12.3,0.6030623603959343,ctx_r20,20
9000,4.57,1.23398,11.1,0.6954740904780822,ctx_r20,20
10000,1.91,0.869298,10.95,0.6862368779303392,ctx_r20,20
11000,1.235,0.617805,10.85,0.7721296591417245,ctx_r20,20
12000,3.48,0.862158,9.1,0.6361893131020538,ctx_r20,20
13000,4.92,0.909801,9.5,0.6004384363025685,ctx_r20,20
14000,8.055,0.758188,9.75,0.6915847552427761,ctx_r20,20
15000,10.885,0.839822,9.4,0.5047146145152358,ctx_r20,20
16000,9.775,0.953373,9.15,0.6210136026987187,ctx_r20,20
17000,7.81,0.660364,9.9,0.6565459858828987,ctx_r20,20
18000,8.26,0.797231,9.2,0.6223892841723994,ctx_r20,20
19000,8.825,0.683161,8.75,0.5422904640212854,ctx_r20,20
20000,7.665,1.02862,9.35,0.7408210239144702,ctx_r20,20
1,59.98,0.172478,60.0,0.0,ctx_r20,21
1000,44.735,1.15388,41.95,1.0194812922575667,ctx_r20,21
2000,33.06,0.933142,31.25,1.1352602298476258,ctx_r20,21
3000,27.54,0.996678,22.55,1.0820910556101915,ctx_r20,21
4000,20.765,1.03204,18.55,0.8254982546444616,ctx_r20,21
5000,15.875,1.93341,15.9,0.6108665113892249,ctx_r20,21
6000,12.475,0.929351,12.65,0.5442280868590997,ctx_r20,21
7000,13.23,1.67665,11.7,0.6117274935098058,ctx_r20,21
8000,6.22,0.803009,10.55,0.43814801632613415,ctx_r20,21
9000,7.035,0.62105,9.75,0.7213839039250218,ctx_r20,21
10000,9.325,0.64143,9.55,0.7308070520790155,ctx_r20,21
11000,8.95,0.831237,10.35,0.7856442210729123,ctx_r20,21
12000,9.26,0.903594,9.85,0.7956295091243623,ctx_r20,21
13000,10.42,0.52438,9.65,0.8312166099348466,ctx_r20,21
14000,15.4,1.21134,9.0,0.7398435111918138,ctx_r20,21
15000,12.73,0.944223,9.05,0.8598500481265078,ctx_r20,21
16000,9.775,2.37753,9.85,0.8280446212233021,ctx_r20,21
17000,9.37,2.39201,9.35,0.6335987440178938,ctx_r20,21
18000,10.225,0.704882,9.4,0.604370050461418,ctx_r20,21
19000,11.17,1.97754,10.0,0.6882472016116853,ctx_r20,21
20000,8.045,0.68213,10.2,0.8723833054219615,ctx_r20,21
1,71.97,0.171015,72.0,0.0,ctx_r20,22
1000,56.88,1.76385,48.35,0.7155233638467203,ctx_r20,22
2000,46.595,2.21257,34.0,0.6649099662043687,ctx_r20,22
3000,43.705,3.12197,25.4,0.7232965468857445,ctx_r20,22
4000,29.81,1.76621,19.6,0.8472866910568732,ctx_r20,22
5000,19.51,1.7877,16.0,0.8491481799891862,ctx_r20,22
6000,17.87,2.85374,14.1,0.7605399743810833,ctx_r20,22
7000,9.545,0.819348,12.35,0.8022173219140479,ctx_r20,22
8000,10.705,2.56924,11.5,0.7897367982602277,ctx_r20,22
9000,13.075,0.801616,11.15,0.5994515036791198,ctx_r20,22
10000,14.44,1.35112,10.7,0.7612316889164075,ctx_r20,22
11000,10.89,0.748801,10.25,0.7358310732913177,ctx_r20,22
12000,7.385,0.706591,9.8,0.6867160602231618,ctx_r20,22
13000,6.995,0.368311,8.8,0.7018771822387221,ctx_r20,22
14000,5.82,0.599497,8.85,0.669937153376109,ctx_r20,22
15000,6.67,1.35658,9.25,0.648378544402963,ctx_r20,22
16000,7.04,1.32937,9.9,0.7067345217339579,ctx_r20,22
17000,6.84,0.910243,8.4,0.7305369330337214,ctx_r20,22
18000,9.325,1.46633,9.0,0.8239826262859264,ctx_r20,22
19000,8.69,0.81067,9.55,0.7379737550603644,ctx_r20,22
20000,9.695,1.90529,10.0,0.5893796917545019,ctx_r20,22
1,43.995,0.122679,44.0,0.0,ctx_r20,23
1000,34.375,0.725955,31.9,0.8394860583150044,ctx_r20,23
2000,29.575,2.08473,23.7,0.7222042282958615,ctx_r20,23
3000,21.88,1.43383,19.15,0.7336821339546238,ctx_r20,23
4000,19.195,1.73841,15.8,0.7999999999999999,ctx_r20,23
5000,20.89,0.728391,13.8,0.6943380035385465,ctx_r20,23
6000,17.935,0.839224,12.75,0.728643295880487,ctx_r20,23
7000,16.18,0.855135,11.8,0.8065521159785483,ctx_r20,23
8000,14.115,1.38251,11.0,0.7643366577077076,ctx_r20,23
9000,10.24,1.07151,10.95,0.7415311328950603,ctx_r20,23
10000,7.69,0.841093,10.05,0.6218605360655952,ctx_r20,23
11000,9.01,0.885336,10.25,0.6402096696025699,ctx_r20,23
12000,11.945,0.651226,10.5,0.6708203932499369,ctx_r20,23
13000,9.995,1.49201,10.15,0.6210136026987187,ctx_r20,23
14000,11.475,0.64143,11.05,0.8720061564244287,ctx_r20,23
15000,8.79,0.805696,10.1,0.8580884508450654,ctx_r20,23
16000,7.77,0.720901,10.35,0.8184548986062894,ctx_r20,23
17000,6.815,1.08474,9.5,0.7762934876368398,ctx_r20,23
18000,6.54,0.70061,8.9,0.6484800041554664,ctx_r20,23
19000,9.005,1.94005,9.2,0.643182874870216,ctx_r20,23
20000,11.37,0.62855,9.2,0.6349471590115527,ctx_r20,23
1,67.965,0.184241,68.0,0.07254762501100116,ctx_r20,24
1000,41.1,1.66247,46.1,0.8882270928208914,ctx_r20,24
2000,31.36,2.34904,34.5,0.9133512611891382,ctx_r20,24
3000,22.425,1.23369,25.8,1.0249518602302616,ctx_r20,24
4000,20.035,0.704455,20.45,1.0194812922575667,ctx_r20,24
5000,16.095,1.24649,16.65,0.9213119935579283,ctx_r20,24
6000,14.06,1.32862,15.05,0.8958236433584457,ctx_r20,24
7000,16.52,1.69528,13.85,0.9410939882587934,ctx_r20,24
8000,17.13,0.869991,12.7,0.8432393679015154,ctx_r20,24
9000,14.215,0.742652,11.3,0.7000000000000001,ctx_r20,24
10000,14.27,1.99676,9.85,0.7923150622667328,ctx_r20,24
11000,16.16,0.942785,10.9,0.8075303481342945,ctx_r20,24
12000,17.385,1.46886,9.95,0.6900610194224245,ctx_r20,24
13000,16.4,1.05621,9.7,0.7917336075114899,ctx_r20,24
14000,12.84,2.21107,9.45,0.6133385773993967,ctx_r20,24
15000,14.94,0.699174,9.0,0.49736145915484004,ctx_r20,24
16000,16.035,0.973919,9.5,0.734488722997519,ctx_r20,24
17000,15.215,1.48655,9.2,0.4952405051030629,ctx_r20,24
18000,12.02,1.35972,10.6,0.6382541978339284,ctx_r20,24
19000,6.73,2.2003,11.6,0.6043700504614179,ctx_r20,24
20000,7.4,0.6497,10.65,0.5950453321961454,ctx_r20,24
1,66.97,0.222141,67.0,0.0,ctx_r20,25
1000,45.865,1.88001,46.05,0.969196628792712,ctx_r20,25
2000,31.29,2.70787,31.85,0.9382935238197614,ctx_r20,25
3000,21.44,3.8196,24.5,1.1367080817685316,ctx_r20,25
4000,18.07,2.17688,19.35,1.0317971036777989,ctx_r20,25
5000,13.155,0.851233,15.15,0.7956295091243623,ctx_r20,25
6000,7.745,1.0025,13.3,0.7330541733409827,ctx_r20,25
7000,7.29,0.684282,10.45,0.7199232415224629,ctx_r20,25
8000,8.445,1.34388,9.9,0.46960229534093384,ctx_r20,25
9000,10.53,1.29518,9.4,0.6704279858497304,ctx_r20,25
10000,9.26,0.815922,10.25,0.6319352065387384,ctx_r20,25
11000,8.005,1.75796,9.25,0.648378544402963,ctx_r20,25
12000,7.215,1.11128,10.15,0.7923150622667329,ctx_r20,25
13000,8.02,1.81828,9.95,0.7199232415224629,ctx_r20,25
14000,6.385,1.35126,8.85,0.7118360248791777,ctx_r20,25
15000,6.58,0.920782,8.9,0.6021889893940011,ctx_r20,25
16000,4.02,0.387752,8.95,0.6588466797126786,ctx_r20,25
17000,8.55,1.08785,9.7,0.6809436177293359,ctx_r20,25
18000,8.91,0.764738,9.05,0.6218605360655952,ctx_r20,25
19000,13.275,0.743058,9.1,0.5978029951853968,ctx_r20,25
20000,12.2,1.12531,8.75,0.7177266742621236,ctx_r20,25
1,55.98,0.172478,56.05,0.049999999999999996,ctx_r20,26
1000,39.685,1.68224,37.2,0.8783956667518464,ctx_r20,26
2000,30.735,1.53838,27.5,1.0723805294763606,ctx_r20,26
3000,27.545,0.867026,21.45,0.9016797190740589,ctx_r20,26
4000,21.61,1.81504,16.2,0.9640921554553414,ctx_r20,26
5000,21.75,1.438,14.85,0.8714023785044185,ctx_r20,26
6000,19.285,0.704455,12.1,0.6065432687303562,ctx_r20,26
7000,14.585,0.578314,10.8,0.5785644666804756,ctx_r20,26
8000,17.32,1.05029,11.25,0.5422904640212854,ctx_r20,26
9000,10.665,2.64153,10.05,0.5305161339875091,ctx_r20,26
10000,8.255,0.992421,10.35,0.4604059993207368,ctx_r20,26
11000,9.1,0.617988,10.1,0.6684624935350957,ctx_r20,26
12000,8.365,0.7712,9.1,0.5844475574150525,ctx_r20,26
13000,9.785,1.06038,8.6,0.5301439725008174,ctx_r20,26
14000,9.05,1.44149,8.6,0.6821020142872597,ctx_r20,26
15000,11.535,1.05086,8.7,0.5529823448214333,ctx_r20,26
16000,9.54,0.600167,8.9,0.5326201371768774,ctx_r20,26
17000,13.225,1.79177,9.1,0.6762901899721978,ctx_r20,26
18000,5.955,1.08112,9.8,0.5109330989268042,ctx_r20,26
19000,6.525,0.722485,9.05,0.6385633546444212,ctx_r20,26
20000,4.93,0.309157,8.1,0.6065432687303562,ctx_r20,26
1,56.975,0.156517,56.85,0.08191780219091252,ctx_r20,27
1000,44.905,2.02645,38.55,0.7625269624223479,ctx_r20,27
2000,33.52,1.56905,27.25,0.9593720533985264,ctx_r20,27
3000,19.24,1.45014,20.7,0.5624195848951957,ctx_r20,27
4000,14.23,1.34392,17.45,0.7199232415224629,ctx_r20,27
5000,12.645,1.50676,15.2,0.7629582315945577,ctx_r20,27
6000,11.07,1.73787,12.95,0.7415311328950602,ctx_r20,27
7000,9.185,0.891487,12.5,0.6427735952392896,ctx_r20,27
8000,6.325,0.656911,11.7,0.58534740022261,ctx_r20,27
9000,7.975,1.03427,11.35,0.48814902815043126,ctx_r20,27
10000,11.415,0.931188,9.95,0.48922602676386495,ctx_r20,27
11000,11.37,1.15315,11.0,0.5848976518656018,ctx_r20,27
12000,13.235,1.19032,10.1,0.5226450944348775,ctx_r20,27
13000,11.445,0.77458,10.45,0.5205007710191973,ctx_r20,27
14000,10.705,1.17254,9.9,0.7251134212550546,ctx_r20,27
15000,9.855,1.60213,9.2,0.8354009437641936,ctx_r20,27
16000,13.505,2.22593,9.5,0.5871429486123998,ctx_r20,27
17000,12.805,0.922622,9.5,0.5501196042201808,ctx_r20,27
18000,13.715,1.90576,9.4,0.4779341509366944,ctx_r20,27
19000,13.22,1.05697,9.3,0.6370160701930608,ctx_r20,27
20000,13.76,0.840196,9.4,0.4779341509366944,ctx_r20,27
1,58.955,0.230741,59.0,0.0,ctx_r20,28
1000,47.025,1.65471,40.15,0.8744170990768048,ctx_r20,28
2000,32.06,0.975272,27.85,1.0137865445421619,ctx_r20,28
3000,27.075,0.987039,21.45,1.0941831848942218,ctx_r20,28
4000,20.315,1.44437,16.45,0.8318495562362982,ctx_r20,28
5000,16.625,1.01959,14.05,0.8412866086505462,ctx_r20,28
6000,16.45,2.42423,12.15,0.8152332569012961,ctx_r20,28
7000,13.015,0.974435,11.0,0.8973645624241782,ctx_r20,28
8000,15.375,1.51521,9.95,0.8286799902952824,ctx_r20,28
9000,10.0,1.14304,9.8,0.7312570287561434,ctx_r20,28
10000,10.145,0.452769,9.4,0.8188567126118426,ctx_r20,28
11000,4.705,0.965732,9.25,0.8235833131409417,ctx_r20,28
12000,2.085,0.741975,8.9,0.6992477160642375,ctx_r20,28
13000,5.23,0.564529,9.25,0.6722898810859244,ctx_r20,28
14000,6.74,1.0478,9.75,0.7464829817921258,ctx_r20,28
15000,9.68,0.678159,9.7,0.6886294550161134,ctx_r20,28
16000,6.41,1.07596,9.85,0.7989302057653163,ctx_r20,28
17000,7.985,1.52855,10.0,0.6026258331144144,ctx_r20,28
18000,8.675,0.934743,10.0,0.7574194416083573,ctx_r20,28
19000,8.965,0.62105,9.9,0.7104483388011145,ctx_r20,28
20000,8.345,1.63381,9.25,0.6524246276290022,ctx_r20,28
1,70.99,0.200251,71.0,0.0,ctx_r20,29
1000,51.015,1.86606,49.25,0.8171677660644334,ctx_r20,29
2000,34.54,1.73304,34.25,0.8107014506618717,ctx_r20,29
3000,24.335,1.34977,25.55,1.0474907360474663,ctx_r20,29
4000,21.32,1.33285,20.3,1.0159258157748994,ctx_r20,29
5000,18.765,1.12967,15.9,0.9087295932697529,ctx_r20,29
6000,15.04,1.07432,13.8,0.7999999999999999,ctx_r20,29
7000,12.085,0.901018,11.9,0.8762960326522683,ctx_r20,29
8000,11.195,1.81755,11.05,0.7051502266221455,ctx_r20,29
9000,12.765,1.21539,9.8,0.7240238437481112,ctx_r20,29
10000,15.245,1.06331,9.1,0.7810249675906654,ctx_r20,29
11000,16.47,1.72452,9.55,0.65484027783398,ctx_r20,29
12000,12.62,0.726802,9.45,0.5205007710191975,ctx_r20,29
13000,14.5,1.28775,8.95,0.591496763349244,ctx_r20,29
14000,12.405,1.36392,10.7,0.9005846054530066,ctx_r20,29
15000,8.63,1.42593,10.0,0.7033753209384468,ctx_r20,29
16000,12.5,1.10276,9.7,0.864809075369879,ctx_r20,29
17000,9.815,0.821064,9.3,0.6886294550161134,ctx_r20,29
18000,10.48,0.961364,9.6,0.6973634557916585,ctx_r20,29
19000,9.03,0.500352,10.65,0.8022173219140479,ctx_r20,29
20000,10.63,0.898407,9.95,0.7693982611174308,ctx_r20,29
1,66.97,0.198233,67.0,0.0,ctx_r10,0
1000,48.73,1.08766,55.75,0.9566250984306071,ctx_r10,0
2000,40.915,0.678289,47.25,0.9837495402259341,ctx_r10,0
3000,35.89,0.755482,40.85,1.0085815991308105,ctx_r10,0
4000,31.465,0.55707,35.0,0.9894176915848293,ctx_r10,0
5000,33.205,0.797594,31.45,0.9826789377700339,ctx_r10,0
6000,31.69,0.847046,28.85,1.0520031018565437,ctx_r10,0
7000,28.4,1.39273,26.7,0.9896836283431822,ctx_r10,0
8000,27.22,1.94693,23.85,1.2036676407853142,ctx_r10,0
9000,26.54,0.867272,21.95,1.290603693911048,ctx_r10,0
10000,22.89,1.1154,20.45,1.2321888952933353,ctx_r10,0
11000,20.425,0.994646,20.15,1.23815439901067,ctx_r10,0
12000,19.72,1.10803,18.6,1.1059646896428665,ctx_r10,0
13000,19.495,1.26012,17.55,0.8958236433584459,ctx_r10,0
14000,20.33,2.82685,18.15,1.0394203850425991,ctx_r10,0
15000,15.495,0.679916,18.4,1.0422647405883423,ctx_r10,0
16000,20.64,0.79597,19.5,0.8537841462694493,ctx_r10,0
17000,22.105,1.11363,19.6,0.9273618495495702,ctx_r10,0
18000,24.53,1.29518,19.85,1.056994248851555,ctx_r10,0
19000,23.645,1.60682,19.15,0.8952359289154185,ctx_r10,0
20000,19.065,1.16945,17.9,0.9087295932697529,ctx_r10,0
1,67.0,0.0,66.95,0.05,ctx_r10,1
1000,52.47,1.42804,53.45,0.5451943159143013,ctx_r10,1
2000,45.7,1.19883,45.5,0.6386663736585051,ctx_r10,1
3000,42.91,1.15698,39.6,0.7793384509009109,ctx_r10,1
4000,35.48,0.956123,35.05,1.0012492197250393,ctx_r10,1
5000,30.815,0.880141,30.95,1.0747704773333553,ctx_r10,1
6000,25.555,1.04999,26.4,1.0397368088025678,ctx_r10,1
7000,25.94,1.0687,24.7,0.8274882730922917,ctx_r10,1
8000,22.345,1.25453,22.6,0.7518398485679892,ctx_r10,1
9000,18.315,0.760703,21.0,0.9233805168766387,ctx_r10,1
10000,23.465,0.971335,19.1,1.0359333447364467,ctx_r10,1
11000,16.335,0.620241,17.85,0.711836024879178,ctx_r10,1
12000,15.28,1.28446,17.85,0.5632378202014341,ctx_r10,1
13000,13.92,0.452353,17.2,0.7800134951599099,ctx_r10,1
14000,11.85,0.639959,16.85,0.8437853306443093,ctx_r10,1
15000,12.83,0.449567,16.5,0.998683343734455,ctx_r10,1
16000,17.345,0.87165,16.5,0.998683343734455,ctx_r10,1
17000,17.01,0.491025,16.45,1.0796563780837134,ctx_r10,1
18000,19.205,0.71802,17.2,1.0275161671157345,ctx_r10,1
19000,17.755,1.33186,17.4,1.0218661978536083,ctx_r10,1
20000,15.895,0.87625,17.3,1.1170920896873746,ctx_r10,1
1,73.99,0.141421,74.0,0.0,ctx_r10,2
1000,62.675,1.32974,63.2,0.8290768487013922,ctx_r10,2
2000,55.14,0.966993,54.1,0.9784520535277297,ctx_r10,2
3000,41.37,1.54435,46.15,1.218875668284851,ctx_r10,2
4000,36.95,4.15981,40.15,1.2820111667138268,ctx_r10,2
5000,33.52,1.56584,35.15,1.0419490845222918,ctx_r10,2
6000,33.855,0.881966,32.25,1.0708457061200691,ctx_r10,2
7000,27.425,1.62406,29.3,1.1357816691600546,ctx_r10,2
8000,25.54,0.632773,27.15,1.1222041281616986,ctx_r10,2
9000,27.98,0.679639,25.65,1.4165841049213381,ctx_r10,2
10000,27.23,1.67365,24.6,1.1863255965596593,ctx_r10,2
11000,24.215,1.38867,23.95,1.219307396153976,ctx_r10,2
12000,24.45,1.56517,22.4,1.084338265341683,ctx_r10,2
13000,23.265,1.10038,20.95,0.8928812026833487,ctx_r10,2
14000,23.84,1.40151,21.1,1.0952048594717458,ctx_r10,2
15000,22.955,1.17039,20.9,1.0485579069419706,ctx_r10,2
16000,22.51,0.763423,20.3,1.1677689028768987,ctx_r10,2
17000,21.73,1.14615,19.15,1.105667219374799,ctx_r10,2
18000,21.355,0.896097,17.35,0.7889866919029749,ctx_r10,2
19000,19.105,1.30864,17.7,0.8587015902236536,ctx_r10,2
20000,15.81,0.876207,17.8,0.930760865890742,ctx_r10,2
1,62.98,0.172478,63.0,0.0,ctx_r10,3
1000,56.47,1.59115,53.65,0.6335987440178938,ctx_r10,3
2000,47.91,1.27279,45.95,0.6302672783075948,ctx_r10,3
3000,43.31,2.04077,39.95,1.0117077797362968,ctx_r10,3
4000,32.96,1.2595,35.0,0.9032106474595005,ctx_r10,3
5000,25.935,0.702311,30.3,1.2163361723678723,ctx_r10,3
6000,20.44,0.848528,27.8,1.143862339895662,ctx_r10,3
7000,17.5,0.885392,25.35,1.131545287137066,ctx_r10,3
8000,23.01,1.5819,24.75,1.2180117534650259,ctx_r10,3
9000,21.135,0.581779,23.7,1.1632531516126843,ctx_r10,3
10000,21.96,0.849712,21.45,0.7521023166676473,ctx_r10,3
11000,22.755,1.14522,20.8,0.8385451059643972,ctx_r10,3
12000,21.7,1.07039,19.35,0.9438861438921425,ctx_r10,3
13000,17.7,1.41421,19.2,0.9722464491551188,ctx_r10,3
14000,17.795,1.02872,18.1,0.8172482712383704,ctx_r10,3
15000,16.47,0.742872,17.7,0.9681778870913297,ctx_r10,3
16000,16.395,1.88594,17.25,1.1467918638302979,ctx_r10,3
17000,16.91,0.978102,17.55,1.1798193438872435,ctx_r10,3
18000,16.065,0.558871,17.75,1.3705070133655686,ctx_r10,3
19000,16.035,0.887532,17.35,0.9686534332175828,ctx_r10,3
20000,15.93,1.13204,17.1,0.9259419101934158,ctx_r10,3
1,54.98,0.140351,55.0,0.0,ctx_r10,4
1000,45.025,2.50915,46.65,0.7889866919029749,ctx_r10,4
2000,41.58,1.95003,40.0,0.9733285267845752,ctx_r10,4
3000,40.77,1.37351,34.45,1.1320103216936905,ctx_r10,4
4000,34.98,0.664687,29.35,0.9659328733351369,ctx_r10,4
5000,28.41,1.71071,26.25,0.8671641622037468,ctx_r10,4
6000,26.985,0.853474,24.85,1.1268843867285727,ctx_r10,4
7000,28.75,0.9391,21.2,0.9392045906818679,ctx_r10,4
8000,29.845,0.658134,21.1,0.959440626505608,ctx_r10,4
9000,23.65,1.71821,20.0,0.8460434230488472,ctx_r10,4
10000,22.665,1.28883,18.65,0.8622949794466783,ctx_r10,4
11000,18.55,1.66776,19.15,0.6699371533761089,ctx_r10,4
12000,16.26,0.80974,18.35,0.8804155717315364,ctx_r10,4
13000,14.525,1.52348,18.25,0.967566127211115,ctx_r10,4
14000,14.775,0.660725,17.6,0.8717797887081347,ctx_r10,4
15000,14.525,0.649217,16.7,0.7542859990885767,ctx_r10,4
16000,15.45,0.86675,16.95,0.8629051298711202,ctx_r10,4
17000,13.135,0.842809,17.85,0.8530903574034446,ctx_r10,4
18000,11.9,0.459408,16.8,0.6307889796454161,ctx_r10,4
19000,13.5,0.501255,16.55,0.6302672783075948,ctx_r10,4
20000,10.445,0.508199,16.55,0.7415311328950603,ctx_r10,4
1,62.99,0.141421,63.0,0.0,ctx_r10,5
1000,48.54,1.52315,52.85,0.6738538026667364,ctx_r10,5
2000,43.89,1.23918,45.65,0.9494458217407945,ctx_r10,5
3000,39.19,0.629189,37.95,0.969196628792712,ctx_r10,5
4000,29.335,0.852295,33.15,0.7155233638467204,ctx_r10,5
5000,26.05,1.14194,30.15,0.9184512134996323,ctx_r10,5
6000,25.46,1.7446,28.5,0.8568608558662191,ctx_r10,5
7000,27.815,0.967188,25.95,1.0525032816550912,ctx_r10,5
8000,24.53,0.693907,23.6,1.190753852331415,ctx_r10,5
9000,16.58,0.644731,22.05,1.0091033017903621,ctx_r10,5
10000,21.825,0.942772,21.35,1.152286057320289,ctx_r10,5
11000,21.9,1.44236,20.55,0.9799973147116807,ctx_r10,5
12000,17.395,1.38512,19.7,1.0133321791313834,ctx_r10,5
13000,14.595,1.12575,18.55,1.206288348176906,ctx_r10,5
14000,15.98,1.29537,17.7,0.9461834694681244,ctx_r10,5
15000,18.255,1.27203,18.0,0.9002923501782483,ctx_r10,5
16000,20.93,1.53848,18.65,0.9382935238197614,ctx_r10,5
17000,18.0,0.470219,18.15,0.8406607676796802,ctx_r10,5
18000,19.805,2.10693,17.9,0.9566938684316613,ctx_r10,5
19000,20.21,0.865822,17.45,0.7659703168633817,ctx_r10,5
20000,22.725,1.21522,17.25,0.882207160299785,ctx_r10,5
1,75.98,0.140351,76.0,0.0,ctx_r10,6
1000,67.945,1.68707,63.0,0.9318911162960933,ctx_r10,6
2000,53.07,0.9216,53.85,0.8863734510559542,ctx_r10,6
3000,42.325,0.701309,44.85,0.9184512134996323,ctx_r10,6
4000,40.45,1.17661,38.9,1.2791855961797272,ctx_r10,6
5000,32.985,0.994849,35.0,1.3475123278412744,ctx_r10,6
6000,25.24,0.936367,29.95,1.1595711548490222,ctx_r10,6
7000,24.855,0.543555,26.85,1.044471661957173,ctx_r10,6
8000,22.145,1.11363,23.8,0.9447918177817631,ctx_r10,6
9000,26.25,1.2103,22.75,0.9057564445490328,ctx_r10,6
10000,24.46,1.55902,20.9,0.9864876556434155,ctx_r10,6
11000,19.05,0.385021,19.5,0.9638191575295919,ctx_r10,6
12000,21.05,1.15941,17.9,0.8140218540969085,ctx_r10,6
13000,22.5,0.966785,17.5,0.8287593771796237,ctx_r10,6
14000,24.11,0.518889,17.4,0.8472866910568733,ctx_r10,6
15000,20.095,0.836345,17.35,0.7443647945519865,ctx_r10,6
16000,21.785,1.07917,17.3,0.9843512424033672,ctx_r10,6
17000,22.76,1.06681,16.95,0.7762087348130011,ctx_r10,6
18000,20.56,1.73536,17.45,0.7762087348130011,ctx_r10,6
19000,21.07,1.10053,17.75,0.9173044033585867,ctx_r10,6
20000,24.45,1.52944,16.75,0.8487607064668493,ctx_r10,6
1,50.995,0.122679,50.95,0.05,ctx_r10,7
1000,43.715,0.62909,42.95,0.7929790599213097,ctx_r10,7
2000,37.84,0.442015,37.25,0.9455574796745151,ctx_r10,7
3000,37.13,1.20847,31.7,0.9517297272252297,ctx_r10,7
4000,33.945,0.919895,28.8,1.1978050100518296,ctx_r10,7
5000,34.855,1.48492,27.0,1.063756996389881,ctx_r10,7
6000,27.085,2.50983,24.4,1.0745868239026863,ctx_r10,7
7000,20.4,0.997484,22.1,0.948405864706944,ctx_r10,7
8000,22.94,0.927741,20.15,0.7155233638467204,ctx_r10,7
9000,24.12,1.18007,19.8,0.7130365016123502,ctx_r10,7
10000,19.065,1.33781,18.35,0.7755303787867065,ctx_r10,7
11000,13.675,1.06066,18.55,0.7863138518964361,ctx_r10,7
12000,11.63,1.06714,18.2,0.8385451059643972,ctx_r10,7
13000,12.065,0.389272,16.95,0.812646747881332,ctx_r10,7
14000,13.61,0.55628,16.95,0.878021100333915,ctx_r10,7
15000,12.445,0.985816,17.3,0.7366353093270566,ctx_r10,7
16000,12.22,0.75128,17.85,0.8653414294217537,ctx_r10,7
17000,12.655,0.740755,17.2,0.9613586876477425,ctx_r10,7
18000,10.715,0.798098,17.3,0.8401127743846123,ctx_r10,7
19000,9.425,0.921205,17.4,0.9386440388022222,ctx_r10,7
20000,12.045,1.22494,17.65,1.1245466922977874,ctx_r10,7
1,48.005,0.0707107,48.0,0.0,ctx_r10,8
1000,45.32,1.39186,40.7,0.8828780687108081,ctx_r10,8
2000,40.29,0.980155,35.35,1.1591171776740035,ctx_r10,8
3000,27.73,0.996022,32.3,1.3516072303976319,ctx_r10,8
4000,24.45,2.06612,28.9,1.299595078638363,ctx_r10,8
5000,27.47,0.715303,26.5,1.1482251750556502,ctx_r10,8
6000,24.69,1.63317,24.6,0.8687559162994306,ctx_r10,8
7000,24.71,1.74388,22.6,0.7993418345245372,ctx_r10,8
8000,24.955,1.34612,21.2,1.1621214720456177,ctx_r10,8
9000,19.355,0.81381,19.8,0.9668178950067395,ctx_r10,8
10000,20.09,1.46033,19.95,1.0941831848942218,ctx_r10,8
11000,24.37,0.725071,18.65,0.8184548986062894,ctx_r10,8
12000,24.07,0.927037,17.9,0.8488382153210784,ctx_r10,8
13000,22.88,1.5932,17.55,0.9610164574964088,ctx_r10,8
14000,19.565,0.554357,16.95,0.7590679880790098,ctx_r10,8
15000,19.845,0.940958,16.75,0.8792191511730586,ctx_r10,8
16000,23.2,1.27204,17.95,0.60469653111031,ctx_r10,8
17000,24.575,1.44736,17.65,0.8622949794466781,ctx_r10,8
18000,21.755,1.36539,18.25,0.6800735254367721,ctx_r10,8
19000,19.595,0.777171,18.45,0.723569368878304,ctx_r10,8
20000,19.04,1.07432,18.25,0.7358310732913177,ctx_r10,8
1,64.985,0.157796,64.9,0.06882472016116854,ctx_r10,9
1000,51.125,1.95152,54.95,0.822304208019341,ctx_r10,9
2000,44.56,2.09244,47.1,0.7742568593241691,ctx_r10,9
3000,40.1,1.01744,40.45,0.8126467478813321,ctx_r10,9
4000,34.765,1.63497,33.2,0.7800134951599099,ctx_r10,9
5000,32.49,0.694487,29.6,1.0218661978536083,ctx_r10,9
6000,27.24,1.2571,26.55,1.0323070738577946,ctx_r10,9
7000,26.22,0.972796,23.75,1.012747695498164,ctx_r10,9
8000,26.74,0.542097,22.65,1.0419490845222918,ctx_r10,9
9000,23.365,0.869225,21.8,1.0402428866173008,ctx_r10,9
10000,19.01,0.769977,21.4,0.9386440388022222,ctx_r10,9
11000,20.55,1.83147,19.8,0.7130365016123501,ctx_r10,9
12000,20.925,1.11155,18.2,0.690537548047286,ctx_r10,9
13000,16.74,2.21516,18.15,0.7443647945519865,ctx_r10,9
14000,15.115,0.602987,18.75,0.9144310857174069,ctx_r10,9
15000,13.935,1.26044,18.65,0.802217321914048,ctx_r10,9
16000,16.085,0.655686,18.4,0.6664912049800729,ctx_r10,9
17000,17.73,1.08304,18.65,0.5950453321961454,ctx_r10,9
18000,18.24,0.834194,17.75,0.9028463761611764,ctx_r10,9
19000,17.175,1.01959,17.55,0.8223042080193409,ctx_r10,9
20000,15.87,1.07184,18.65,0.8499999999999999,ctx_r10,9
1,51.005,0.158431,50.95,0.049999999999999996,ctx_r10,10
1000,40.005,1.75796,43.75,0.7741718835395391,ctx_r10,10
2000,32.26,0.822058,35.95,0.9906802553907353,ctx_r10,10
3000,32.02,0.885165,31.65,1.0059690274608488,ctx_r10,10
4000,30.135,0.713668,28.0,0.7711918322345375,ctx_r10,10
5000,23.125,2.01486,25.15,0.6854694895125759,ctx_r10,10
6000,21.935,1.08936,23.3,0.8401127743846122,ctx_r10,10
7000,20.87,0.925952,20.55,0.6823913061703248,ctx_r10,10
8000,17.56,1.29024,19.9,0.7605399743810833,ctx_r10,10
9000,16.215,1.05563,19.35,0.8437853306443093,ctx_r10,10
10000,16.765,0.918692,18.8,0.7833799911449844,ctx_r10,10
11000,16.515,1.02716,17.85,0.8184548986062895,ctx_r10,10
12000,15.775,1.14934,17.85,0.7443647945519865,ctx_r10,10
13000,15.59,0.751481,17.5,0.7626132357679225,ctx_r10,10
14000,16.335,1.05277,17.3,0.8178920273612237,ctx_r10,10
15000,18.49,1.53023,15.9,0.8172482712383705,ctx_r10,10
16000,18.54,0.890147,14.9,0.8204620007878745,ctx_r10,10
17000,18.84,0.853253,15.3,0.8556314996293057,ctx_r10,10
18000,19.775,1.46804,16.6,0.8657214818927195,ctx_r10,10
19000,20.575,1.3907,16.65,0.8152332569012961,ctx_r10,10
20000,17.705,0.928594,16.3,0.8947213620951908,ctx_r10,10
1,45.985,0.121857,46.0,0.0,ctx_r10,11
1000,38.86,1.49047,38.4,0.7122979861354597,ctx_r10,11
2000,27.7,0.83876,33.8,0.8693615322086723,ctx_r10,11
3000,24.43,0.916131,29.55,0.8899290332439583,ctx_r10,11
4000,25.625,0.621536,26.05,1.1458736037580557,ctx_r10,11
5000,26.925,0.679473,24.75,1.0830633941692764,ctx_r10,11
6000,23.1,1.01248,23.15,1.0241170780109488,ctx_r10,11
7000,21.715,0.920877,22.0,1.1401754250991378,ctx_r10,11
8000,23.945,1.51441,21.0,0.7469235147202858,ctx_r10,11
9000,20.87,1.12223,19.9,0.8792939751509968,ctx_r10,11
10000,22.05,0.975839,19.8,0.9586174254732973,ctx_r10,11
11000,21.375,3.07435,19.3,0.879892337911741,ctx_r10,11
12000,20.94,0.911347,18.75,0.9287087810503355,ctx_r10,11
13000,23.555,1.50275,17.4,1.044786555889968,ctx_r10,11
14000,20.945,0.851823,17.55,0.7896534882965739,ctx_r10,11
15000,21.95,1.0162,16.85,0.9040115276395888,ctx_r10,11
16000,20.67,1.29207,17.15,0.7923150622667328,ctx_r10,11
17000,22.225,1.19226,16.8,0.7419746058925963,ctx_r10,11
18000,19.765,0.448084,16.45,0.7795916609961504,ctx_r10,11
19000,20.17,0.40238,17.25,0.9621111654776917,ctx_r10,11
20000,18.255,1.48018,16.3,0.8947213620951908,ctx_r10,11
1,53.98,0.140351,54.0,0.0,ctx_r10,12
1000,49.545,0.970921,45.2,0.8162816851269443,ctx_r10,12
2000,43.705,0.86121,38.95,1.1412712210513327,ctx_r10,12
3000,36.26,3.45137,34.05,1.1250146197880462,ctx_r10,12
4000,23.265,2.02119,30.95,0.9826789377700339,ctx_r10,12
5000,27.19,1.1836,28.6,0.8091581069885312,ctx_r10,12
6000,21.895,1.73755,26.3,1.2032849774023215,ctx_r10,12
7000,20.85,0.707107,24.1,1.130672831826952,ctx_r10,12
8000,15.595,2.25085,22.45,1.238579406969299,ctx_r10,12
9000,19.255,0.940424,21.3,1.031350672916984,ctx_r10,12
10000,18.16,1.10476,20.65,0.8437853306443093,ctx_r10,12
11000,20.865,1.42016,19.65,0.6459387293739731,ctx_r10,12
12000,19.575,1.19647,19.4,0.6704279858497304,ctx_r10,12
13000,16.335,0.513902,19.3,0.8243019375268544,ctx_r10,12
14000,16.25,0.741789,18.75,0.9538702328160951,ctx_r10,12
15000,12.29,0.606415,17.7,1.073851896090351,ctx_r10,12
16000,12.53,0.686627,18.7,1.1789826122551594,ctx_r10,12
17000,13.14,0.972176,18.65,1.1926860441876561,ctx_r10,12
18000,13.705,0.928594,18.75,0.9810708435174292,ctx_r10,12
19000,13.945,1.50442,18.95,0.969196628792712,ctx_r10,12
20000,9.995,0.841735,18.55,0.9637508959651783,ctx_r10,12
1,72.985,0.121857,73.0,0.0,ctx_r10,13
1000,61.25,0.806693,60.55,0.7450715260613364,ctx_r10,13
2000,54.06,1.90909,50.25,1.0101458987899248,ctx_r10,13
3000,41.845,1.06614,41.55,1.05997765616967,ctx_r10,13
4000,35.88,1.61513,36.3,1.0338991094014216,ctx_r10,13
5000,24.455,0.86121,33.05,0.9959787569072578,ctx_r10,13
6000,26.55,2.87031,30.15,1.0937020666188373,ctx_r10,13
7000,22.6,1.02236,27.25,1.1559343452490352,ctx_r10,13
8000,20.075,1.48337,24.45,0.969196628792712,ctx_r10,13
9000,19.495,0.987345,22.5,0.9907466615479565,ctx_r10,13
10000,18.655,1.6552,20.85,1.100896763647948,ctx_r10,13
11000,28.58,0.810484,20.45,0.9719080528310765,ctx_r10,13
12000,30.61,1.3811,19.9,0.8999999999999999,ctx_r10,13
13000,30.59,1.58254,19.5,0.8810878443570108,ctx_r10,13
14000,30.635,1.29622,18.85,0.788986691902975,ctx_r10,13
15000,30.065,1.2158,17.6,0.7518398485679891,ctx_r10,13
16000,26.105,1.62393,18.35,0.7006575858660055,ctx_r10,13
17000,24.83,1.95967,18.25,0.7943053900305467,ctx_r10,13
18000,20.55,0.707107,17.45,0.8987564508223218,ctx_r10,13
19000,21.585,0.778334,17.85,1.088879191984511,ctx_r10,13
20000,21.28,1.58244,17.3,1.0107318869850803,ctx_r10,13
1,57.995,0.122679,58.0,0.0,ctx_r10,14
1000,52.98,0.769781,48.7,0.6328714844180244,ctx_r10,14
2000,46.89,4.19115,42.15,0.9155814948349548,ctx_r10,14
3000,41.98,1.04165,37.7,1.026234814619365,ctx_r10,14
4000,41.18,1.81219,33.05,1.0091033017903621,ctx_r10,14
5000,39.965,3.19292,28.35,0.85,ctx_r10,14
6000,39.115,2.53652,26.5,1.0323708024175278,ctx_r10,14
7000,31.675,1.99733,24.35,0.8054910238318513,ctx_r10,14
8000,27.665,2.35169,23.5,1.0091684956594607,ctx_r10,14
9000,25.445,0.836945,22.9,1.3216815445723518,ctx_r10,14
10000,23.47,0.609061,21.4,1.3580171303469588,ctx_r10,14
11000,20.32,1.62814,20.2,1.2021909822880628,ctx_r10,14
12000,18.685,1.82274,19.0,0.9403246919632545,ctx_r10,14
13000,22.095,1.47882,18.55,0.796290742988025,ctx_r10,14
14000,21.875,1.24383,18.55,0.8598500481265078,ctx_r10,14
15000,20.47,1.93334,18.05,1.0194812922575667,ctx_r10,14
16000,19.285,1.69058,18.95,0.9610164574964091,ctx_r10,14
17000,16.795,0.738717,17.9,0.732335844728144,ctx_r10,14
18000,18.735,1.47501,18.25,0.7775636714494155,ctx_r10,14
19000,22.785,1.44889,18.55,0.7625269624223479,ctx_r10,14
20000,17.735,1.10947,18.4,0.8657214818927196,ctx_r10,14
1,60.995,0.0707107,61.0,0.0,ctx_r10,15
1000,48.805,2.06112,51.85,0.7118360248791777,ctx_r10,15
2000,40.645,1.25973,44.85,0.7155233638467203,ctx_r10,15
3000,31.785,1.27944,38.95,0.8286799902952824,ctx_r10,15
4000,26.535,1.92805,34.15,0.9577248258791577,ctx_r10,15
5000,25.32,0.655552,29.8,0.7933937762615272,ctx_r10,15
6000,21.67,1.32661,26.2,0.6553424175273003,ctx_r10,15
7000,19.645,1.23556,23.7,0.6370160701930608,ctx_r10,15
8000,18.385,1.99416,21.65,0.7721296591417245,ctx_r10,15
9000,15.26,1.71672,20.05,0.6976464192668013,ctx_r10,15
10000,11.55,0.768409,18.45,0.638563354644421,ctx_r10,15
11000,12.36,0.491536,18.05,0.7271972149793233,ctx_r10,15
12000,17.365,0.886399,18.2,0.8258966419340223,ctx_r10,15
13000,16.995,0.798853,18.4,0.8252591299579469,ctx_r10,15
14000,16.365,2.14354,19.1,0.9087295932697529,ctx_r10,15
15000,14.78,0.602841,17.75,0.8456545269478359,ctx_r10,15
16000,15.58,0.920782,16.65,0.8804155717315364,ctx_r10,15
17000,11.265,0.739941,17.1,0.9372411923467613,ctx_r10,15
18000,12.585,0.875562,15.65,0.7989302057653163,ctx_r10,15
19000,13.935,1.26044,16.3,0.8947213620951908,ctx_r10,15
20000,13.225,0.792157,16.75,0.9287087810503355,ctx_r10,15
1,62.99,0.141421,62.95,0.05,ctx_r10,16
1000,46.665,1.54425,53.2,0.7999999999999998,ctx_r10,16
2000,33.915,1.72122,45.6,1.0794735559034025,ctx_r10,16
3000,25.255,0.530454,39.85,1.0937020666188373,ctx_r10,16
4000,27.715,0.711552,35.4,1.150286005625054,ctx_r10,16
5000,23.665,1.82467,32.0,0.7711918322345375,ctx_r10,16
6000,28.515,0.982139,28.85,0.8952359289154187,ctx_r10,16
7000,24.09,1.23268,27.2,0.7056165650281357,ctx_r10,16
8000,27.175,0.864937,25.25,0.9258708560621525,ctx_r10,16
9000,27.98,1.06077,23.4,0.9662733622150184,ctx_r10,16
10000,24.245,1.85531,22.5,0.8599265574515804,ctx_r10,16
11000,27.3,0.77654,21.95,1.016896724042526,ctx_r10,16
12000,27.59,0.777769,19.75,1.0205132867440054,ctx_r10,16
13000,26.74,0.603507,18.75,0.8999268976159293,ctx_r10,16
14000,25.775,0.718999,18.55,1.117975143307145,ctx_r10,16
15000,22.535,0.844,19.05,1.0941831848942218,ctx_r10,16
16000,19.93,1.14088,18.05,1.1435747277264992,ctx_r10,16
17000,18.47,1.33718,17.75,0.8969979170309677,ctx_r10,16
18000,19.63,1.57974,17.85,0.856169560186225,ctx_r10,16
19000,23.925,0.890697,17.55,0.8899290332439583,ctx_r10,16
20000,20.515,1.88348,17.65,0.7006575858660055,ctx_r10,16
1,60.98,0.140351,61.0,0.0,ctx_r10,17
1000,56.56,1.04972,53.15,0.802217321914048,ctx_r10,17
2000,51.06,2.71167,44.2,1.0094292290304716,ctx_r10,17
3000,44.255,1.02725,37.7,1.1147338601421275,ctx_r10,17
4000,44.03,1.06996,33.85,0.97946010907191,ctx_r10,17
5000,41.43,1.13647,30.55,1.1550233536030434,ctx_r10,17
6000,38.91,1.21626,26.85,1.2253356146056689,ctx_r10,17
7000,36.11,0.901088,25.9,1.1445523142259595,ctx_r10,17
8000,27.565,1.70891,23.9,1.0635095822694534,ctx_r10,17
9000,25.47,1.06526,22.4,1.2148207578421644,ctx_r10,17
10000,23.47,1.08396,20.8,1.0300740903347425,ctx_r10,17
11000,25.255,0.85653,20.2,1.0578030858439826,ctx_r10,17
12000,22.76,2.01811,18.8,0.9049571086084979,ctx_r10,17
13000,19.815,1.49733,18.5,0.7930620205387802,ctx_r10,17
14000,17.61,0.788039,18.2,0.6513144603920517,ctx_r10,17
15000,18.425,0.958629,18.0,0.760885910252682,ctx_r10,17
16000,16.065,1.69563,17.85,0.8343765400143485,ctx_r10,17
17000,18.16,1.01961,17.85,0.8312166099348465,ctx_r10,17
18000,19.445,0.699587,17.6,0.8717797887081347,ctx_r10,17
19000,18.215,0.939782,17.55,0.8190977064011221,ctx_r10,17
20000,19.84,0.904706,18.8,0.9020444615019348,ctx_r10,17
1,48.0,0.0,48.05,0.049999999999999996,ctx_r10,18
1000,38.275,1.73332,40.9,0.8642002691871589,ctx_r10,18
2000,29.995,0.676211,36.2,1.0701696864959018,ctx_r10,18
3000,28.58,1.07675,32.3,0.9093085863793203,ctx_r10,18
4000,30.135,0.444706,30.2,1.2087401009228358,ctx_r10,18
5000,28.055,0.845904,28.85,1.147709389220661,ctx_r10,18
6000,20.48,0.885165,26.65,1.044471661957173,ctx_r10,18
7000,19.24,0.731488,24.2,1.0872466432037833,ctx_r10,18
8000,19.125,2.3531,23.45,0.9045935405939015,ctx_r10,18
9000,22.39,0.700251,21.4,0.8188567126118426,ctx_r10,18
10000,21.205,0.595608,19.95,0.8350070910508862,ctx_r10,18
11000,21.415,1.62356,19.2,0.9020444615019347,ctx_r10,18
12000,17.415,0.822287,19.65,0.8893374233841612,ctx_r10,18
13000,15.99,1.04179,18.9,0.959440626505608,ctx_r10,18
14000,13.355,1.25172,18.25,0.8762209526681822,ctx_r10,18
15000,14.015,1.08659,18.75,0.839407685905898,ctx_r10,18
16000,16.03,1.52339,18.6,0.8503869088461099,ctx_r10,18
17000,15.455,0.591374,17.85,0.9326673689223995,ctx_r10,18
18000,13.175,0.810964,18.5,0.9880869341680844,ctx_r10,18
19000,15.045,0.791268,18.1,0.7976940450283455,ctx_r10,18
20000,14.555,0.508199,18.65,0.6210136026987187,ctx_r10,18
1,47.005,0.0707107,47.0,0.0,ctx_r10,19
1000,39.415,1.84657,39.95,0.7162585537286612,ctx_r10,19
2000,39.335,1.14426,34.95,0.9880203492470768,ctx_r10,19
3000,35.22,0.99829,31.1,1.2709300365853098,ctx_r10,19
4000,36.855,1.24165,27.3,1.1812125794685462,ctx_r10,19
5000,32.995,1.11408,24.7,1.1518863248008275,ctx_r10,19
6000,33.27,1.13292,23.6,0.9744094027720207,ctx_r10,19
7000,31.63,1.30446,22.25,0.7177266742621236,ctx_r10,19
8000,32.275,1.14276,21.1,0.9864876556434156,ctx_r10,19
9000,27.675,1.95409,19.5,1.1227316312411768,ctx_r10,19
10000,22.77,1.15053,19.05,1.0820910556101917,ctx_r10,19
11000,24.15,1.22269,18.8,0.8961907691651606,ctx_r10,19
12000,24.915,0.895424,18.3,0.7681145747868607,ctx_r10,19
13000,23.875,1.12056,18.45,0.8381527307120104,ctx_r10,19
14000,24.315,2.21366,17.5,1.0039396081648067,ctx_r10,19
15000,23.115,1.62943,17.05,0.9103932059685441,ctx_r10,19
16000,13.27,0.94953,17.15,0.8216639087530668,ctx_r10,19
17000,13.03,0.850126,17.35,0.6931051412607653,ctx_r10,19
18000,12.125,0.529886,17.0,0.7574194416083573,ctx_r10,19
19000,14.225,0.958629,17.05,0.7271972149793234,ctx_r10,19
20000,16.93,0.943158,18.15,0.7118360248791777,ctx_r10,19
1,56.995,0.122679,57.0,0.0,ctx_r10,20
1000,45.02,1.25998,48.3,0.7749363301520157,ctx_r10,20
2000,37.65,2.83153,41.4,0.9851529403039274,ctx_r10,20
3000,33.26,0.738326,35.4,1.0397368088025678,ctx_r10,20
4000,29.22,0.972796,30.85,1.0961055462048592,ctx_r10,20
5000,25.835,1.00139,28.4,1.0867624540712417,ctx_r10,20
6000,21.575,2.12058,26.3,1.056558464768365,ctx_r10,20
7000,24.315,0.654152,23.9,0.9173761209931405,ctx_r10,20
8000,22.295,1.38839,21.85,1.0569942488515551,ctx_r10,20
9000,22.2,0.558174,21.3,1.1194453513847122,ctx_r10,20
10000,19.945,0.952107,21.05,1.0038740747199006,ctx_r10,20
11000,17.925,0.896321,19.85,0.9549731327165841,ctx_r10,20
12000,16.12,2.66856,19.35,0.9155814948349548,ctx_r10,20
13000,14.055,0.635606,19.65,0.8744170990768046,ctx_r10,20
14000,13.855,0.495178,19.95,0.9906802553907352,ctx_r10,20
15000,13.49,1.19037,19.25,0.9258708560621525,ctx_r10,20
16000,14.97,1.06996,18.3,0.9627263916934852,ctx_r10,20
17000,17.68,0.655552,18.2,0.9722464491551188,ctx_r10,20
18000,14.325,0.867837,18.9,0.8140218540969083,ctx_r10,20
19000,18.315,0.943518,17.8,0.8723833054219615,ctx_r10,20
20000,18.85,0.900865,17.6,0.7341303483857976,ctx_r10,20
1,59.985,0.157796,60.0,0.0,ctx_r10,21
1000,51.39,1.22286,51.4,0.8985368223131602,ctx_r10,21
2000,41.475,1.30687,44.15,0.9466700642390229,ctx_r10,21
3000,38.18,1.44501,37.3,1.0490597293717234,ctx_r10,21
4000,31.205,0.771981,32.6,1.0295630140987,ctx_r10,21
5000,29.855,0.994444,29.5,0.7694837640638656,ctx_r10,21
6000,27.57,1.08674,27.4,0.7960428446549318,ctx_r10,21
7000,27.365,1.17417,24.85,0.8592377282709428,ctx_r10,21
8000,25.44,0.842585,23.4,1.0218661978536083,ctx_r10,21
9000,19.555,1.18065,20.4,1.10358268237686,ctx_r10,21
10000,17.715,1.04846,20.05,0.9719080528310767,ctx_r10,21
11000,15.975,1.04875,19.5,0.910465468000326,ctx_r10,21
12000,16.355,1.34462,19.45,1.103761511235199,ctx_r10,21
13000,16.385,0.84875,18.0,0.9787209698591859,ctx_r10,21
14000,15.035,1.09074,18.1,0.8457323204742364,ctx_r10,21
15000,12.215,0.722068,17.85,0.9632046292946981,ctx_r10,21
16000,9.705,1.96655,17.75,0.648378544402963,ctx_r10,21
17000,12.79,0.830269,17.85,0.7081294856317258,ctx_r10,21
18000,12.06,0.734231,18.05,0.919024081924894,ctx_r10,21
19000,13.59,0.914374,18.2,0.916515138991168,ctx_r10,21
20000,10.685,1.01039,16.95,0.8126467478813321,ctx_r10,21
1,71.99,0.141421,72.0,0.0,ctx_r10,22
1000,62.405,0.924798,58.9,0.8172482712383704,ctx_r10,22
2000,53.615,0.922513,51.25,0.8762209526681822,ctx_r10,22
3000,45.94,0.812218,43.85,0.8216639087530668,ctx_r10,22
4000,41.795,2.31729,38.4,0.8807891198716129,ctx_r10,22
5000,35.81,1.20046,33.3,1.2651190915441415,ctx_r10,22
6000,36.6,0.907811,30.9,1.1874342087037917,ctx_r10,22
7000,32.81,1.40133,27.65,1.1080447454388909,ctx_r10,22
8000,26.03,0.788804,26.7,1.1495994725853091,ctx_r10,22
9000,23.525,1.03184,23.5,1.1997806817125063,ctx_r10,22
10000,22.58,0.732312,21.7,0.9735988582789654,ctx_r10,22
11000,23.06,0.985523,21.9,0.8822817308726157,ctx_r10,22
12000,25.065,0.401974,21.2,0.8290768487013924,ctx_r10,22
13000,24.715,1.24963,20.05,0.9610164574964092,ctx_r10,22
14000,23.155,1.07553,19.7,1.1170920896873744,ctx_r10,22
15000,18.64,1.05163,19.4,0.9717049584703114,ctx_r10,22
16000,17.825,0.485338,19.0,1.025978352085154,ctx_r10,22
17000,19.615,0.713668,18.15,0.9098149030955344,ctx_r10,22
18000,19.185,0.723458,17.4,0.9525588806224169,ctx_r10,22
19000,21.51,0.868141,17.4,0.8284417839979369,ctx_r10,22
20000,21.465,1.42087,16.55,0.7088723439378912,ctx_r10,22
1,44.005,0.0707107,44.0,0.07254762501100116,ctx_r10,23
1000,40.21,1.119,37.7,0.7074788447646146,ctx_r10,23
2000,36.665,0.738581,33.3,0.9208119986414736,ctx_r10,23
3000,31.105,1.6697,30.75,1.1467918638302979,ctx_r10,23
4000,23.42,1.26157,27.2,0.8873378280297937,ctx_r10,23
5000,20.07,0.613991,24.95,0.8810131727314388,ctx_r10,23
6000,15.52,0.729562,23.4,0.9497922210451581,ctx_r10,23
7000,15.13,0.88715,23.1,1.010211025375131,ctx_r10,23
8000,15.38,1.15858,22.65,0.8280446212233022,ctx_r10,23
9000,15.365,0.857585,22.25,0.8969979170309677,ctx_r10,23
10000,13.385,0.86633,20.35,0.8022173219140479,ctx_r10,23
11000,10.27,0.848943,19.5,0.8629813683419029,ctx_r10,23
12000,10.935,1.39661,18.65,0.669937153376109,ctx_r10,23
13000,16.41,1.29626,18.85,0.5861336294557302,ctx_r10,23
14000,14.605,0.966252,17.3,0.6847973192274138,ctx_r10,23
15000,15.205,1.05286,18.05,0.9190240819248943,ctx_r10,23
16000,9.53,0.625344,17.95,0.7379737550603644,ctx_r10,23
17000,12.05,0.860933,17.1,0.6954740904780823,ctx_r10,23
18000,14.335,0.523589,17.35,0.8054910238318513,ctx_r10,23
19000,13.88,0.563193,17.2,0.8227041419995149,ctx_r10,23
20000,14.02,1.05602,17.9,0.7976940450283455,ctx_r10,23
1,67.975,0.156517,68.0,0.0,ctx_r10,24
1000,49.08,1.85223,56.8,0.6828731869634976,ctx_r10,24
2000,44.2,2.54211,46.8,1.1206201290732782,ctx_r10,24
3000,38.15,1.77008,38.8,1.3130919717657974,ctx_r10,24
4000,34.78,1.22847,34.4,1.0321158645688655,ctx_r10,24
5000,30.55,1.71529,32.25,1.1650050824375244,ctx_r10,24
6000,26.46,0.906925,28.9,1.142250778990876,ctx_r10,24
7000,24.52,0.844491,27.45,1.1931272486951872,ctx_r10,24
8000,23.695,1.40422,25.35,0.9326673689223995,ctx_r10,24
9000,24.17,0.897288,23.85,0.8714023785044186,ctx_r10,24
10000,20.96,1.05545,22.4,0.9470174788583146,ctx_r10,24
11000,23.395,1.38149,21.55,0.8839951178717291,ctx_r10,24
12000,17.58,1.55101,21.2,0.8510055971119046,ctx_r10,24
13000,19.775,0.441986,20.0,0.8303455209793849,ctx_r10,24
14000,21.77,1.00105,19.5,1.027260024480042,ctx_r10,24
15000,18.66,1.47147,19.7,0.9179496603558216,ctx_r10,24
16000,20.39,0.721459,18.5,0.9361174015441034,ctx_r10,24
17000,19.36,1.04203,17.85,0.788986691902975,ctx_r10,24
18000,15.44,0.806008,18.1,0.7570719217728539,ctx_r10,24
19000,15.5,1.21961,18.65,0.9326673689223994,ctx_r10,24
20000,15.06,1.23451,18.65,1.044471661957173,ctx_r10,24
1,66.965,0.184241,67.0,0.0,ctx_r10,25
1000,54.28,1.1655,55.55,0.9332315107365262,ctx_r10,25
2000,49.71,1.84197,48.6,1.1341586262395944,ctx_r10,25
3000,41.985,1.43003,41.35,1.0033496530700496,ctx_r10,25
4000,37.955,0.703884,36.7,0.9923390761757107,ctx_r10,25
5000,37.835,1.57805,32.4,0.8252591299579468,ctx_r10,25
6000,32.91,1.05235,29.45,0.9074980063773955,ctx_r10,25
7000,30.75,2.0975,25.5,0.8062257748298549,ctx_r10,25
8000,26.695,1.69302,24.7,1.1587198017412874,ctx_r10,25
9000,24.855,0.864704,23.25,1.2330428771304367,ctx_r10,25
10000,23.01,1.52035,21.2,1.0896643616511608,ctx_r10,25
11000,18.005,0.753534,19.9,1.1329978863732781,ctx_r10,25
12000,17.52,1.01229,18.55,1.159571154849022,ctx_r10,25
13000,14.43,0.798931,19.2,1.0701696864959018,ctx_r10,25
14000,13.26,0.968032,19.9,1.0384705352736683,ctx_r10,25
15000,12.425,0.505622,19.2,0.936398475683914,ctx_r10,25
16000,12.47,0.742872,18.25,1.0049220970068433,ctx_r10,25
17000,14.725,0.686829,17.55,0.9472258664675829,ctx_r10,25
18000,19.93,0.661276,16.85,0.7721296591417245,ctx_r10,25
19000,17.365,0.946708,17.15,0.8683771918748332,ctx_r10,25
20000,22.02,0.679639,17.05,0.8987564508223219,ctx_r10,25
1,55.98,0.140351,56.0,0.0,ctx_r10,26
1000,48.37,0.731969,47.6,0.6505058760202262,ctx_r10,26
2000,36.09,1.34572,40.55,0.8158786029409292,ctx_r10,26
3000,32.575,1.58966,34.75,0.882207160299785,ctx_r10,26
4000,26.835,1.0787,30.25,0.6761929030278735,ctx_r10,26
5000,20.74,1.00371,28.15,0.7789162511565602,ctx_r10,26
6000,21.92,1.22929,24.9,0.6992477160642374,ctx_r10,26
7000,20.175,1.65167,23.7,0.7715329920973807,ctx_r10,26
8000,18.875,0.600983,21.6,1.0192876769690942,ctx_r10,26
9000,16.215,1.56878,21.85,0.8744170990768048,ctx_r10,26
10000,19.855,0.697429,20.45,0.6785239397708126,ctx_r10,26
11000,20.95,1.32525,18.75,0.6319352065387384,ctx_r10,26
12000,23.57,1.28583,17.85,0.7687138951726961,ctx_r10,26
13000,26.265,1.23792,18.15,0.9928030493188678,ctx_r10,26
14000,18.63,0.834615,17.9,1.041001542038395,ctx_r10,26
15000,18.08,1.88184,17.85,0.8499999999999999,ctx_r10,26
16000,16.16,1.32027,17.8,0.9475730773096633,ctx_r10,26
17000,16.3,0.924268,16.45,1.0271959788411207,ctx_r10,26
18000,14.37,0.852487,17.25,1.1259498913782695,ctx_r10,26
19000,14.195,0.781041,16.6,0.9525588806224169,ctx_r10,26
20000,15.405,0.531401,16.35,0.7372602197182127,ctx_r10,26
1,56.99,0.141421,57.0,0.0,ctx_r10,27
1000,45.685,2.19084,47.8,0.8632862548973756,ctx_r10,27
2000,38.57,1.21758,40.15,0.9713663735063857,ctx_r10,27
3000,31.98,0.801757,34.0,1.1584926685818493,ctx_r10,27
4000,26.225,0.60515,30.9,1.0535653752852738,ctx_r10,27
5000,24.99,1.0466,26.9,1.0758105879069193,ctx_r10,27
6000,23.395,1.46276,24.7,0.852550353505972,ctx_r10,27
7000,22.99,0.664914,23.15,0.6816195883026651,ctx_r10,27
8000,22.995,1.16695,21.0,0.8795932074125605,ctx_r10,27
9000,21.79,0.754151,19.5,0.8599265574515804,ctx_r10,27
10000,16.915,1.02127,18.75,1.0484951622507173,ctx_r10,27
11000,13.11,0.76867,18.05,0.8381527307120105,ctx_r10,27
12000,10.635,0.688582,18.25,0.833114006225091,ctx_r10,27
13000,14.14,1.88098,18.75,0.8267724182499966,ctx_r10,27
14000,10.53,1.06053,18.7,0.8243019375268544,ctx_r10,27
15000,9.435,0.589502,17.5,0.7308970695766877,ctx_r10,27
16000,10.44,0.905816,17.4,0.9245197900019573,ctx_r10,27
17000,10.69,0.858829,17.1,0.9997368074701091,ctx_r10,27
18000,13.855,0.429999,17.55,0.9959787569072576,ctx_r10,27
19000,10.85,0.488563,16.75,0.9057564445490328,ctx_r10,27
20000,13.555,1.02579,17.2,1.065240274353755,ctx_r10,27
1,58.995,0.122679,59.0,0.0,ctx_r10,28
1000,53.34,2.15584,49.55,0.8598500481265079,ctx_r10,28
2000,44.23,1.45523,42.35,1.546260344389514,ctx_r10,28
3000,42.37,1.22499,36.5,1.6327245553626646,ctx_r10,28
4000,36.505,1.06094,30.5,1.6551355485912704,ctx_r10,28
5000,29.145,0.920986,28.1,1.4919079977278122,ctx_r10,28
6000,26.985,0.989785,25.1,1.1896483337082167,ctx_r10,28
7000,22.5,0.844729,23.15,0.9980902817512631,ctx_r10,28
8000,22.81,0.920946,21.6,0.9851529403039276,ctx_r10,28
9000,24.435,0.76728,20.45,0.9773083336119509,ctx_r10,28
10000,23.845,1.93122,19.45,0.9444435844509328,ctx_r10,28
11000,25.83,1.5339,18.7,0.8858537362935618,ctx_r10,28
12000,27.205,1.03359,18.8,0.9049571086084981,ctx_r10,28
13000,28.085,1.30626,18.65,0.8406607676796802,ctx_r10,28
14000,25.265,1.62418,17.5,0.8382312204561272,ctx_r10,28
15000,20.08,2.22674,17.65,0.8981706554523974,ctx_r10,28
16000,23.065,1.08936,17.6,0.9273618495495702,ctx_r10,28
17000,20.67,0.83341,17.25,0.9230242056471359,ctx_r10,28
18000,20.32,1.44152,16.9,0.7877349273641951,ctx_r10,28
19000,20.515,1.65331,16.85,0.8280446212233022,ctx_r10,28
20000,21.285,1.29311,16.1,0.7776482766040589,ctx_r10,28
1,70.99,0.141421,71.0,0.0,ctx_r10,29
1000,59.32,1.36268,58.35,0.8280446212233022,ctx_r10,29
2000,48.0,1.22782,49.9,1.010211025375131,ctx_r10,29
3000,42.57,1.95299,41.95,1.3425721582097552,ctx_r10,29
4000,37.695,0.886513,36.65,1.4766159747348344,ctx_r10,29
5000,30.34,1.7492,33.05,1.4662429611263719,ctx_r10,29
6000,28.75,1.38821,30.65,1.384643218343723,ctx_r10,29
7000,28.94,0.669808,28.3,1.4957835475270582,ctx_r10,29
8000,22.555,0.900572,25.35,1.4783970693750856,ctx_r10,29
9000,20.925,1.44909,24.55,1.282421640162819,ctx_r10,29
10000,22.54,1.10203,22.0,1.010471489740778,ctx_r10,29
11000,19.385,1.21828,20.15,0.9382935238197614,ctx_r10,29
12000,18.045,1.40458,20.2,0.8723833054219616,ctx_r10,29
13000,18.775,0.887872,18.8,0.9936641389587488,ctx_r10,29
14000,19.405,0.982753,17.95,0.7728110002486139,ctx_r10,29
15000,18.215,1.47637,17.05,0.9304073810631782,ctx_r10,29
16000,20.64,1.40007,17.4,0.9553175278133279,ctx_r10,29
17000,22.125,0.64143,16.2,0.7595012213704186,ctx_r10,29
18000,18.11,1.19795,16.0,0.7469235147202858,ctx_r10,29
19000,14.81,1.22941,16.4,0.6505058760202264,ctx_r10,29
20000,14.705,1.07412,16.55,0.7014083576708552,ctx_r10,29
1,66.99,0.141421,67.0,0.0,gate_r20_g0.5,0
1000,62.74,1.56353,55.75,0.9566250984306071,gate_r20_g0.5,0
2000,57.905,1.4856,47.25,0.9837495402259341,gate_r20_g0.5,0
3000,52.72,1.01328,40.85,1.0085815991308105,gate_r20_g0.5,0
4000,49.345,3.17274,35.0,0.9894176915848293,gate_r20_g0.5,0
5000,40.735,1.45097,31.45,0.9826789377700339,gate_r20_g0.5,0
6000,36.45,0.86675,28.85,1.0520031018565437,gate_r20_g0.5,0
7000,31.555,1.03067,26.7,0.9896836283431822,gate_r20_g0.5,0
8000,31.655,2.20688,23.85,1.2036676407853142,gate_r20_g0.5,0
9000,30.375,1.23369,21.95,1.290603693911048,gate_r20_g0.5,0
10000,26.98,1.73048,20.45,1.2321888952933353,gate_r20_g0.5,0
11000,18.355,1.06047,20.15,1.23815439901067,gate_r20_g0.5,0
12000,18.775,0.921205,18.6,1.1059646896428665,gate_r20_g0.5,0
13000,15.64,1.39287,17.55,0.8958236433584459,gate_r20_g0.5,0
14000,18.86,1.2115,18.15,1.0394203850425991,gate_r20_g0.5,0
15000,21.01,1.19037,18.4,1.0422647405883423,gate_r20_g0.5,0
16000,20.02,0.664687,19.5,0.8537841462694493,gate_r20_g0.5,0
17000,17.705,1.13774,19.6,0.9273618495495702,gate_r20_g0.5,0
18000,22.43,0.779834,19.85,1.056994248851555,gate_r20_g0.5,0
19000,23.165,1.18524,19.15,0.8952359289154185,gate_r20_g0.5,0
20000,21.1,1.05621,17.9,0.9087295932697529,gate_r20_g0.5,0
1,66.995,0.122679,66.95,0.05,gate_r20_g0.5,1
1000,55.155,1.51076,53.45,0.5451943159143013,gate_r20_g0.5,1
2000,42.035,1.79999,45.5,0.6386663736585051,gate_r20_g0.5,1
3000,45.26,2.0006,39.6,0.7793384509009109,gate_r20_g0.5,1
4000,46.095,1.94548,35.05,1.0012492197250393,gate_r20_g0.5,1
5000,34.755,0.811336,30.95,1.0747704773333553,gate_r20_g0.5,1
6000,33.63,1.98312,26.4,1.0397368088025678,gate_r20_g0.5,1
7000,31.355,1.34088,24.7,0.8274882730922917,gate_r20_g0.5,1
8000,30.355,1.0839,22.6,0.7518398485679892,gate_r20_g0.5,1
9000,26.76,1.19564,21.0,0.9233805168766387,gate_r20_g0.5,1
10000,24.85,0.615952,19.1,1.0359333447364467,gate_r20_g0.5,1
11000,22.655,1.8798,17.85,0.711836024879178,gate_r20_g0.5,1
12000,21.77,0.960057,17.85,0.5632378202014341,gate_r20_g0.5,1
13000,15.33,0.702544,17.2,0.7800134951599099,gate_r20_g0.5,1
14000,17.91,1.48422,16.85,0.8437853306443093,gate_r20_g0.5,1
15000,17.505,0.708863,16.5,0.998683343734455,gate_r20_g0.5,1
16000,18.535,1.01188,16.5,0.998683343734455,gate_r20_g0.5,1
17000,17.555,0.793805,16.45,1.0796563780837134,gate_r20_g0.5,1
18000,16.065,0.808731,17.2,1.0275161671157345,gate_r20_g0.5,1
19000,20.78,1.11256,17.4,1.0218661978536083,gate_r20_g0.5,1
20000,19.905,1.28618,17.3,1.1170920896873746,gate_r20_g0.5,1
1,73.975,0.156517,74.0,0.0,gate_r20_g0.5,2
1000,67.51,2.54406,63.2,0.8290768487013922,gate_r20_g0.5,2
2000,50.21,1.47879,54.1,0.9784520535277297,gate_r20_g0.5,2
3000,42.975,1.14056,46.15,1.218875668284851,gate_r20_g0.5,2
4000,39.68,0.640038,40.15,1.2820111667138268,gate_r20_g0.5,2
5000,37.8,0.966785,35.15,1.0419490845222918,gate_r20_g0.5,2
6000,30.835,1.01138,32.25,1.0708457061200691,gate_r20_g0.5,2
7000,31.19,1.01936,29.3,1.1357816691600546,gate_r20_g0.5,2
8000,27.925,1.53006,27.15,1.1222041281616986,gate_r20_g0.5,2
9000,24.185,1.46338,25.65,1.4165841049213381,gate_r20_g0.5,2
10000,19.855,0.772632,24.6,1.1863255965596593,gate_r20_g0.5,2
11000,17.795,0.595608,23.95,1.219307396153976,gate_r20_g0.5,2
12000,18.75,0.607739,22.4,1.084338265341683,gate_r20_g0.5,2
13000,18.215,1.08844,20.95,0.8928812026833487,gate_r20_g0.5,2
14000,16.525,1.10248,21.1,1.0952048594717458,gate_r20_g0.5,2
15000,18.725,1.16454,20.9,1.0485579069419706,gate_r20_g0.5,2
16000,17.085,1.88295,20.3,1.1677689028768987,gate_r20_g0.5,2
17000,19.12,0.877181,19.15,1.105667219374799,gate_r20_g0.5,2
18000,14.47,0.966317,17.35,0.7889866919029749,gate_r20_g0.5,2
19000,11.93,0.381876,17.7,0.8587015902236536,gate_r20_g0.5,2
20000,13.7,2.52823,17.8,0.930760865890742,gate_r20_g0.5,2
1,62.985,0.157796,63.0,0.0,gate_r20_g0.5,3
1000,49.635,1.64783,53.65,0.6335987440178938,gate_r20_g0.5,3
2000,48.185,1.82136,45.95,0.6302672783075948,gate_r20_g0.5,3
3000,37.51,1.09815,39.95,1.0117077797362968,gate_r20_g0.5,3
4000,39.86,0.891275,35.0,0.9032106474595005,gate_r20_g0.5,3
5000,35.93,1.40891,30.3,1.2163361723678723,gate_r20_g0.5,3
6000,29.835,1.19789,27.8,1.143862339895662,gate_r20_g0.5,3
7000,32.125,2.5301,25.35,1.131545287137066,gate_r20_g0.5,3
8000,27.685,1.29777,24.75,1.2180117534650259,gate_r20_g0.5,3
9000,23.39,0.996426,23.7,1.1632531516126843,gate_r20_g0.5,3
10000,24.385,1.23059,21.45,0.7521023166676473,gate_r20_g0.5,3
11000,26.36,0.743751,20.8,0.8385451059643972,gate_r20_g0.5,3
12000,22.95,0.564885,19.35,0.9438861438921425,gate_r20_g0.5,3
13000,20.17,1.62922,19.2,0.9722464491551188,gate_r20_g0.5,3
14000,20.28,1.51429,18.1,0.8172482712383704,gate_r20_g0.5,3
15000,20.605,0.656605,17.7,0.9681778870913297,gate_r20_g0.5,3
16000,19.345,0.948935,17.25,1.1467918638302979,gate_r20_g0.5,3
17000,18.76,1.66622,17.55,1.1798193438872435,gate_r20_g0.5,3
18000,19.925,0.918473,17.75,1.3705070133655686,gate_r20_g0.5,3
19000,16.905,0.563527,17.35,0.9686534332175828,gate_r20_g0.5,3
20000,16.58,0.952964,17.1,0.9259419101934158,gate_r20_g0.5,3
1,54.975,0.156517,55.0,0.0,gate_r20_g0.5,4
1000,51.36,1.49384,46.65,0.7889866919029749,gate_r20_g0.5,4
2000,47.985,1.69385,40.0,0.9733285267845752,gate_r20_g0.5,4
3000,40.56,0.590034,34.45,1.1320103216936905,gate_r20_g0.5,4
4000,33.76,2.14368,29.35,0.9659328733351369,gate_r20_g0.5,4
5000,24.67,1.16096,26.25,0.8671641622037468,gate_r20_g0.5,4
6000,20.42,1.55101,24.85,1.1268843867285727,gate_r20_g0.5,4
7000,17.905,1.13685,21.2,0.9392045906818679,gate_r20_g0.5,4
8000,18.635,0.857585,21.1,0.959440626505608,gate_r20_g0.5,4
9000,16.155,0.549989,20.0,0.8460434230488472,gate_r20_g0.5,4
10000,19.31,0.65271,18.65,0.8622949794466783,gate_r20_g0.5,4
11000,19.63,1.01402,19.15,0.6699371533761089,gate_r20_g0.5,4
12000,20.265,1.28179,18.35,0.8804155717315364,gate_r20_g0.5,4
13000,19.085,0.955163,18.25,0.967566127211115,gate_r20_g0.5,4
14000,18.33,1.24856,17.6,0.8717797887081347,gate_r20_g0.5,4
15000,17.185,0.951473,16.7,0.7542859990885767,gate_r20_g0.5,4
16000,14.445,0.866446,16.95,0.8629051298711202,gate_r20_g0.5,4
17000,10.25,1.79824,17.85,0.8530903574034446,gate_r20_g0.5,4
18000,9.91,0.568786,16.8,0.6307889796454161,gate_r20_g0.5,4
19000,11.47,0.75628,16.55,0.6302672783075948,gate_r20_g0.5,4
20000,12.47,0.583784,16.55,0.7415311328950603,gate_r20_g0.5,4
1,63.0,0.141776,63.0,0.0,gate_r20_g0.5,5
1000,55.31,1.81393,52.85,0.6738538026667364,gate_r20_g0.5,5
2000,48.66,0.904706,45.65,0.9494458217407945,gate_r20_g0.5,5
3000,42.46,1.32179,37.95,0.969196628792712,gate_r20_g0.5,5
4000,36.53,1.18156,33.15,0.7155233638467204,gate_r20_g0.5,5
5000,34.33,2.55219,30.15,0.9184512134996323,gate_r20_g0.5,5
6000,30.385,0.830798,28.5,0.8568608558662191,gate_r20_g0.5,5
7000,23.08,0.947676,25.95,1.0525032816550912,gate_r20_g0.5,5
8000,21.38,1.19278,23.6,1.190753852331415,gate_r20_g0.5,5
9000,19.98,1.40695,22.05,1.0091033017903621,gate_r20_g0.5,5
10000,23.36,1.12102,21.35,1.152286057320289,gate_r20_g0.5,5
11000,20.275,0.992117,20.55,0.9799973147116807,gate_r20_g0.5,5
12000,19.065,0.992826,19.7,1.0133321791313834,gate_r20_g0.5,5
13000,15.24,1.44667,18.55,1.206288348176906,gate_r20_g0.5,5
14000,15.275,0.46955,17.7,0.9461834694681244,gate_r20_g0.5,5
15000,18.395,1.2477,18.0,0.9002923501782483,gate_r20_g0.5,5
16000,19.095,1.09176,18.65,0.9382935238197614,gate_r20_g0.5,5
17000,22.655,1.29008,18.15,0.8406607676796802,gate_r20_g0.5,5
18000,15.54,2.16143,17.9,0.9566938684316613,gate_r20_g0.5,5
19000,16.25,1.04063,17.45,0.7659703168633817,gate_r20_g0.5,5
20000,21.745,0.808233,17.25,0.882207160299785,gate_r20_g0.5,5
1,75.995,0.122679,76.0,0.0,gate_r20_g0.5,6
1000,61.615,1.32497,63.0,0.9318911162960933,gate_r20_g0.5,6
2000,53.325,2.52612,53.85,0.8863734510559542,gate_r20_g0.5,6
3000,43.19,2.63221,44.85,0.9184512134996323,gate_r20_g0.5,6
4000,36.975,1.30495,38.9,1.2791855961797272,gate_r20_g0.5,6
5000,29.74,1.03817,35.0,1.3475123278412744,gate_r20_g0.5,6
6000,29.34,0.882208,29.95,1.1595711548490222,gate_r20_g0.5,6
7000,29.17,0.777252,26.85,1.044471661957173,gate_r20_g0.5,6
8000,27.155,1.1302,23.8,0.9447918177817631,gate_r20_g0.5,6
9000,27.76,1.56353,22.75,0.9057564445490328,gate_r20_g0.5,6
10000,27.265,2.58421,20.9,0.9864876556434155,gate_r20_g0.5,6
11000,30.82,2.14021,19.5,0.9638191575295919,gate_r20_g0.5,6
12000,26.525,0.838385,17.9,0.8140218540969085,gate_r20_g0.5,6
13000,22.995,0.817506,17.5,0.8287593771796237,gate_r20_g0.5,6
14000,22.4,0.736691,17.4,0.8472866910568733,gate_r20_g0.5,6
15000,16.89,1.8669,17.35,0.7443647945519865,gate_r20_g0.5,6
16000,18.35,0.582405,17.3,0.9843512424033672,gate_r20_g0.5,6
17000,20.51,0.971917,16.95,0.7762087348130011,gate_r20_g0.5,6
18000,18.22,0.880612,17.45,0.7762087348130011,gate_r20_g0.5,6
19000,17.47,0.95586,17.75,0.9173044033585867,gate_r20_g0.5,6
20000,18.615,0.720675,16.75,0.8487607064668493,gate_r20_g0.5,6
1,50.99,0.0997484,50.95,0.05,gate_r20_g0.5,7
1000,41.985,1.15388,42.95,0.7929790599213097,gate_r20_g0.5,7
2000,36.425,1.51521,37.25,0.9455574796745151,gate_r20_g0.5,7
3000,32.72,1.12603,31.7,0.9517297272252297,gate_r20_g0.5,7
4000,29.255,0.649681,28.8,1.1978050100518296,gate_r20_g0.5,7
5000,25.58,1.89249,27.0,1.063756996389881,gate_r20_g0.5,7
6000,23.725,1.19856,24.4,1.0745868239026863,gate_r20_g0.5,7
7000,19.385,0.590354,22.1,0.948405864706944,gate_r20_g0.5,7
8000,17.525,0.82631,20.15,0.7155233638467204,gate_r20_g0.5,7
9000,19.37,0.725071,19.8,0.7130365016123502,gate_r20_g0.5,7
10000,19.845,0.930216,18.35,0.7755303787867065,gate_r20_g0.5,7
11000,18.97,1.21923,18.55,0.7863138518964361,gate_r20_g0.5,7
12000,19.275,0.82631,18.2,0.8385451059643972,gate_r20_g0.5,7
13000,19.86,0.86843,16.95,0.812646747881332,gate_r20_g0.5,7
14000,17.575,0.847328,16.95,0.878021100333915,gate_r20_g0.5,7
15000,19.93,0.580331,17.3,0.7366353093270566,gate_r20_g0.5,7
16000,22.175,1.09102,17.85,0.8653414294217537,gate_r20_g0.5,7
17000,19.22,0.857483,17.2,0.9613586876477425,gate_r20_g0.5,7
18000,16.74,1.09471,17.3,0.8401127743846123,gate_r20_g0.5,7
19000,14.715,0.612906,17.4,0.9386440388022222,gate_r20_g0.5,7
20000,15.57,0.948471,17.65,1.1245466922977874,gate_r20_g0.5,7
1,48.005,0.0707107,48.0,0.0,gate_r20_g0.5,8
1000,39.635,1.52427,40.7,0.8828780687108081,gate_r20_g0.5,8
2000,38.74,0.659221,35.35,1.1591171776740035,gate_r20_g0.5,8
3000,37.025,1.32785,32.3,1.3516072303976319,gate_r20_g0.5,8
4000,27.17,1.81316,28.9,1.299595078638363,gate_r20_g0.5,8
5000,26.845,1.411,26.5,1.1482251750556502,gate_r20_g0.5,8
6000,17.54,0.901367,24.6,0.8687559162994306,gate_r20_g0.5,8
7000,18.285,0.54337,22.6,0.7993418345245372,gate_r20_g0.5,8
8000,20.115,1.12611,21.2,1.1621214720456177,gate_r20_g0.5,8
9000,19.885,0.809352,19.8,0.9668178950067395,gate_r20_g0.5,8
10000,19.55,2.35696,19.95,1.0941831848942218,gate_r20_g0.5,8
11000,17.745,0.575876,18.65,0.8184548986062894,gate_r20_g0.5,8
12000,19.195,0.573252,17.9,0.8488382153210784,gate_r20_g0.5,8
13000,18.205,0.925884,17.55,0.9610164574964088,gate_r20_g0.5,8
14000,19.98,0.530099,16.95,0.7590679880790098,gate_r20_g0.5,8
15000,21.035,0.667836,16.75,0.8792191511730586,gate_r20_g0.5,8
16000,19.295,1.35912,17.95,0.60469653111031,gate_r20_g0.5,8
17000,16.25,1.52286,17.65,0.8622949794466781,gate_r20_g0.5,8
18000,16.12,1.21366,18.25,0.6800735254367721,gate_r20_g0.5,8
19000,13.045,0.636396,18.45,0.723569368878304,gate_r20_g0.5,8
20000,15.945,1.19546,18.25,0.7358310732913177,gate_r20_g0.5,8
1,64.98,0.140351,64.9,0.06882472016116854,gate_r20_g0.5,9
1000,51.03,3.135,54.95,0.822304208019341,gate_r20_g0.5,9
2000,42.94,1.57442,47.1,0.7742568593241691,gate_r20_g0.5,9
3000,32.745,0.832732,40.45,0.8126467478813321,gate_r20_g0.5,9
4000,29.555,0.655073,33.2,0.7800134951599099,gate_r20_g0.5,9
5000,25.11,1.17251,29.6,1.0218661978536083,gate_r20_g0.5,9
6000,25.1,0.679935,26.55,1.0323070738577946,gate_r20_g0.5,9
7000,28.285,0.989277,23.75,1.012747695498164,gate_r20_g0.5,9
8000,23.475,0.736265,22.65,1.0419490845222918,gate_r20_g0.5,9
9000,19.63,0.696798,21.8,1.0402428866173008,gate_r20_g0.5,9
10000,18.485,1.04654,21.4,0.9386440388022222,gate_r20_g0.5,9
11000,17.435,0.726923,19.8,0.7130365016123501,gate_r20_g0.5,9
12000,13.475,0.679473,18.2,0.690537548047286,gate_r20_g0.5,9
13000,12.975,0.406449,18.15,0.7443647945519865,gate_r20_g0.5,9
14000,12.67,0.783691,18.75,0.9144310857174069,gate_r20_g0.5,9
15000,16.01,0.763423,18.65,0.802217321914048,gate_r20_g0.5,9
16000,14.17,1.05673,18.4,0.6664912049800729,gate_r20_g0.5,9
17000,14.16,0.653095,18.65,0.5950453321961454,gate_r20_g0.5,9
18000,12.045,0.771981,17.75,0.9028463761611764,gate_r20_g0.5,9
19000,10.85,0.86675,17.55,0.8223042080193409,gate_r20_g0.5,9
20000,14.71,0.818075,18.65,0.8499999999999999,gate_r20_g0.5,9
1,51.005,0.122679,50.95,0.049999999999999996,gate_r20_g0.5,10
1000,45.685,0.995354,43.75,0.7741718835395391,gate_r20_g0.5,10
2000,36.545,1.01644,35.95,0.9906802553907353,gate_r20_g0.5,10
3000,30.935,1.75676,31.65,1.0059690274608488,gate_r20_g0.5,10
4000,26.435,0.921968,28.0,0.7711918322345375,gate_r20_g0.5,10
5000,23.275,1.47998,25.15,0.6854694895125759,gate_r20_g0.5,10
6000,18.715,0.711552,23.3,0.8401127743846122,gate_r20_g0.5,10
7000,20.435,0.698725,20.55,0.6823913061703248,gate_r20_g0.5,10
8000,23.165,1.01138,19.9,0.7605399743810833,gate_r20_g0.5,10
9000,21.615,1.35497,19.35,0.8437853306443093,gate_r20_g0.5,10
10000,17.615,1.36605,18.8,0.7833799911449844,gate_r20_g0.5,10
11000,20.345,1.44791,17.85,0.8184548986062895,gate_r20_g0.5,10
12000,16.49,1.22778,17.85,0.7443647945519865,gate_r20_g0.5,10
13000,16.28,0.75128,17.5,0.7626132357679225,gate_r20_g0.5,10
14000,16.335,1.98557,17.3,0.8178920273612237,gate_r20_g0.5,10
15000,16.64,1.02746,15.9,0.8172482712383705,gate_r20_g0.5,10
16000,19.205,0.96833,14.9,0.8204620007878745,gate_r20_g0.5,10
17000,24.775,1.35779,15.3,0.8556314996293057,gate_r20_g0.5,10
18000,16.78,1.30002,16.6,0.8657214818927195,gate_r20_g0.5,10
19000,17.29,0.646521,16.65,0.8152332569012961,gate_r20_g0.5,10
20000,13.975,0.675765,16.3,0.8947213620951908,gate_r20_g0.5,10
1,45.985,0.186949,46.0,0.0,gate_r20_g0.5,11
1000,41.125,1.18168,38.4,0.7122979861354597,gate_r20_g0.5,11
2000,34.255,1.48018,33.8,0.8693615322086723,gate_r20_g0.5,11
3000,29.805,1.29435,29.55,0.8899290332439583,gate_r20_g0.5,11
4000,25.995,1.30518,26.05,1.1458736037580557,gate_r20_g0.5,11
5000,28.87,1.84666,24.75,1.0830633941692764,gate_r20_g0.5,11
6000,28.375,1.56416,23.15,1.0241170780109488,gate_r20_g0.5,11
7000,22.825,0.406449,22.0,1.1401754250991378,gate_r20_g0.5,11
8000,23.79,0.507135,21.0,0.7469235147202858,gate_r20_g0.5,11
9000,23.38,0.865648,19.9,0.8792939751509968,gate_r20_g0.5,11
10000,22.87,0.797672,19.8,0.9586174254732973,gate_r20_g0.5,11
11000,19.84,2.33057,19.3,0.879892337911741,gate_r20_g0.5,11
12000,22.05,1.5096,18.75,0.9287087810503355,gate_r20_g0.5,11
13000,17.865,1.06416,17.4,1.044786555889968,gate_r20_g0.5,11
14000,14.48,0.633726,17.55,0.7896534882965739,gate_r20_g0.5,11
15000,16.21,1.19711,16.85,0.9040115276395888,gate_r20_g0.5,11
16000,16.58,0.660136,17.15,0.7923150622667328,gate_r20_g0.5,11
17000,19.415,2.07952,16.8,0.7419746058925963,gate_r20_g0.5,11
18000,17.63,1.04814,16.45,0.7795916609961504,gate_r20_g0.5,11
19000,17.17,0.568079,17.25,0.9621111654776917,gate_r20_g0.5,11
20000,19.99,0.567016,16.3,0.8947213620951908,gate_r20_g0.5,11
1,53.98,0.140351,54.0,0.0,gate_r20_g0.5,12
1000,42.915,1.19789,45.2,0.8162816851269443,gate_r20_g0.5,12
2000,31.59,1.33823,38.95,1.1412712210513327,gate_r20_g0.5,12
3000,25.61,1.19795,34.05,1.1250146197880462,gate_r20_g0.5,12
4000,20.855,1.75768,30.95,0.9826789377700339,gate_r20_g0.5,12
5000,27.44,0.95444,28.6,0.8091581069885312,gate_r20_g0.5,12
6000,26.22,1.83807,26.3,1.2032849774023215,gate_r20_g0.5,12
7000,20.905,0.767411,24.1,1.130672831826952,gate_r20_g0.5,12
8000,25.055,0.930756,22.45,1.238579406969299,gate_r20_g0.5,12
9000,24.81,3.23205,21.3,1.031350672916984,gate_r20_g0.5,12
10000,24.4,1.15615,20.65,0.8437853306443093,gate_r20_g0.5,12
11000,21.725,1.32596,19.65,0.6459387293739731,gate_r20_g0.5,12
12000,18.91,1.2529,19.4,0.6704279858497304,gate_r20_g0.5,12
13000,16.22,0.993244,19.3,0.8243019375268544,gate_r20_g0.5,12
14000,16.95,1.0739,18.75,0.9538702328160951,gate_r20_g0.5,12
15000,16.025,1.3354,17.7,1.073851896090351,gate_r20_g0.5,12
16000,18.905,0.82424,18.7,1.1789826122551594,gate_r20_g0.5,12
17000,16.45,0.546804,18.65,1.1926860441876561,gate_r20_g0.5,12
18000,17.295,0.591374,18.75,0.9810708435174292,gate_r20_g0.5,12
19000,17.37,0.60409,18.95,0.969196628792712,gate_r20_g0.5,12
20000,15.915,1.00139,18.55,0.9637508959651783,gate_r20_g0.5,12
1,72.985,0.157796,73.0,0.0,gate_r20_g0.5,13
1000,59.735,3.22284,60.55,0.7450715260613364,gate_r20_g0.5,13
2000,46.415,1.58599,50.25,1.0101458987899248,gate_r20_g0.5,13
3000,38.155,1.20759,41.55,1.05997765616967,gate_r20_g0.5,13
4000,32.385,1.16773,36.3,1.0338991094014216,gate_r20_g0.5,13
5000,26.35,1.60949,33.05,0.9959787569072578,gate_r20_g0.5,13
6000,27.39,1.46239,30.15,1.0937020666188373,gate_r20_g0.5,13
7000,29.45,0.781379,27.25,1.1559343452490352,gate_r20_g0.5,13
8000,25.97,0.671831,24.45,0.969196628792712,gate_r20_g0.5,13
9000,27.33,1.17388,22.5,0.9907466615479565,gate_r20_g0.5,13
10000,28.31,0.904428,20.85,1.100896763647948,gate_r20_g0.5,13
11000,22.625,0.553086,20.45,0.9719080528310765,gate_r20_g0.5,13
12000,21.61,0.74206,19.9,0.8999999999999999,gate_r20_g0.5,13
13000,20.005,1.2134,19.5,0.8810878443570108,gate_r20_g0.5,13
14000,19.69,1.39774,18.85,0.788986691902975,gate_r20_g0.5,13
15000,18.15,1.02113,17.6,0.7518398485679891,gate_r20_g0.5,13
16000,15.64,0.770303,18.35,0.7006575858660055,gate_r20_g0.5,13
17000,14.855,1.51508,18.25,0.7943053900305467,gate_r20_g0.5,13
18000,16.31,2.02346,17.45,0.8987564508223218,gate_r20_g0.5,13
19000,15.015,0.882422,17.85,1.088879191984511,gate_r20_g0.5,13
20000,15.815,0.97237,17.3,1.0107318869850803,gate_r20_g0.5,13
1,57.995,0.122679,58.0,0.0,gate_r20_g0.5,14
1000,43.75,1.87217,48.7,0.6328714844180244,gate_r20_g0.5,14
2000,37.685,1.42334,42.15,0.9155814948349548,gate_r20_g0.5,14
3000,36.095,0.995454,37.7,1.026234814619365,gate_r20_g0.5,14
4000,32.425,1.06303,33.05,1.0091033017903621,gate_r20_g0.5,14
5000,31.34,2.76998,28.35,0.85,gate_r20_g0.5,14
6000,22.96,1.97431,26.5,1.0323708024175278,gate_r20_g0.5,14
7000,24.73,1.57783,24.35,0.8054910238318513,gate_r20_g0.5,14
8000,21.015,1.26601,23.5,1.0091684956594607,gate_r20_g0.5,14
9000,21.74,0.681706,22.9,1.3216815445723518,gate_r20_g0.5,14
10000,18.405,1.09406,21.4,1.3580171303469588,gate_r20_g0.5,14
11000,18.28,0.702901,20.2,1.2021909822880628,gate_r20_g0.5,14
12000,16.615,0.793678,19.0,0.9403246919632545,gate_r20_g0.5,14
13000,19.815,1.38578,18.55,0.796290742988025,gate_r20_g0.5,14
14000,15.475,1.23978,18.55,0.8598500481265078,gate_r20_g0.5,14
15000,16.24,0.925572,18.05,1.0194812922575667,gate_r20_g0.5,14
16000,16.61,0.762105,18.95,0.9610164574964091,gate_r20_g0.5,14
17000,20.265,0.766625,17.9,0.732335844728144,gate_r20_g0.5,14
18000,20.115,0.7712,18.25,0.7775636714494155,gate_r20_g0.5,14
19000,21.11,1.49636,18.55,0.7625269624223479,gate_r20_g0.5,14
20000,21.925,1.06539,18.4,0.8657214818927196,gate_r20_g0.5,14
1,60.98,0.140351,61.0,0.0,gate_r20_g0.5,15
1000,51.42,1.52157,51.85,0.7118360248791777,gate_r20_g0.5,15
2000,43.165,1.54912,44.85,0.7155233638467203,gate_r20_g0.5,15
3000,38.565,0.877282,38.95,0.8286799902952824,gate_r20_g0.5,15
4000,32.06,1.70025,34.15,0.9577248258791577,gate_r20_g0.5,15
5000,29.55,0.89527,29.8,0.7933937762615272,gate_r20_g0.5,15
6000,24.285,1.83044,26.2,0.6553424175273003,gate_r20_g0.5,15
7000,24.715,0.984184,23.7,0.6370160701930608,gate_r20_g0.5,15
8000,21.205,0.533289,21.65,0.7721296591417245,gate_r20_g0.5,15
9000,18.35,1.14194,20.05,0.6976464192668013,gate_r20_g0.5,15
10000,19.92,0.504851,18.45,0.638563354644421,gate_r20_g0.5,15
11000,17.345,0.888777,18.05,0.7271972149793233,gate_r20_g0.5,15
12000,18.525,1.32216,18.2,0.8258966419340223,gate_r20_g0.5,15
13000,13.965,0.864588,18.4,0.8252591299579469,gate_r20_g0.5,15
14000,17.11,0.889865,19.1,0.9087295932697529,gate_r20_g0.5,15
15000,21.03,1.45246,17.75,0.8456545269478359,gate_r20_g0.5,15
16000,24.66,0.725972,16.65,0.8804155717315364,gate_r20_g0.5,15
17000,18.94,0.911347,17.1,0.9372411923467613,gate_r20_g0.5,15
18000,18.57,0.766838,15.65,0.7989302057653163,gate_r20_g0.5,15
19000,20.5,1.05144,16.3,0.8947213620951908,gate_r20_g0.5,15
20000,20.415,1.62665,16.75,0.9287087810503355,gate_r20_g0.5,15
1,62.98,0.140351,62.95,0.05,gate_r20_g0.5,16
1000,49.135,0.677547,53.2,0.7999999999999998,gate_r20_g0.5,16
2000,36.725,1.36333,45.6,1.0794735559034025,gate_r20_g0.5,16
3000,34.93,0.859531,39.85,1.0937020666188373,gate_r20_g0.5,16
4000,33.965,1.85228,35.4,1.150286005625054,gate_r20_g0.5,16
5000,30.52,1.53995,32.0,0.7711918322345375,gate_r20_g0.5,16
6000,25.3,0.902258,28.85,0.8952359289154187,gate_r20_g0.5,16
7000,26.02,2.30568,27.2,0.7056165650281357,gate_r20_g0.5,16
8000,23.955,0.942026,25.25,0.9258708560621525,gate_r20_g0.5,16
9000,20.995,1.09589,23.4,0.9662733622150184,gate_r20_g0.5,16
10000,25.325,1.15588,22.5,0.8599265574515804,gate_r20_g0.5,16
11000,20.525,0.923928,21.95,1.016896724042526,gate_r20_g0.5,16
12000,18.825,0.887872,19.75,1.0205132867440054,gate_r20_g0.5,16
13000,20.425,1.91119,18.75,0.8999268976159293,gate_r20_g0.5,16
14000,17.455,0.685804,18.55,1.117975143307145,gate_r20_g0.5,16
15000,17.21,0.8363,19.05,1.0941831848942218,gate_r20_g0.5,16
16000,17.645,0.855943,18.05,1.1435747277264992,gate_r20_g0.5,16
17000,15.445,0.498213,17.75,0.8969979170309677,gate_r20_g0.5,16
18000,14.155,1.12575,17.85,0.856169560186225,gate_r20_g0.5,16
19000,11.675,1.04635,17.55,0.8899290332439583,gate_r20_g0.5,16
20000,11.535,0.728994,17.65,0.7006575858660055,gate_r20_g0.5,16
1,61.005,0.0707107,61.0,0.0,gate_r20_g0.5,17
1000,50.64,1.5725,53.15,0.802217321914048,gate_r20_g0.5,17
2000,45.445,1.48594,44.2,1.0094292290304716,gate_r20_g0.5,17
3000,42.23,2.61559,37.7,1.1147338601421275,gate_r20_g0.5,17
4000,35.26,1.02354,33.85,0.97946010907191,gate_r20_g0.5,17
5000,33.89,1.58444,30.55,1.1550233536030434,gate_r20_g0.5,17
6000,25.64,1.25229,26.85,1.2253356146056689,gate_r20_g0.5,17
7000,23.835,0.970818,25.9,1.1445523142259595,gate_r20_g0.5,17
8000,16.6,0.530478,23.9,1.0635095822694534,gate_r20_g0.5,17
9000,18.26,1.37545,22.4,1.2148207578421644,gate_r20_g0.5,17
10000,19.925,1.56577,20.8,1.0300740903347425,gate_r20_g0.5,17
11000,21.335,2.66237,20.2,1.0578030858439826,gate_r20_g0.5,17
12000,21.61,1.5749,18.8,0.9049571086084979,gate_r20_g0.5,17
13000,20.875,0.500628,18.5,0.7930620205387802,gate_r20_g0.5,17
14000,20.84,1.96819,18.2,0.6513144603920517,gate_r20_g0.5,17
15000,20.02,0.776282,18.0,0.760885910252682,gate_r20_g0.5,17
16000,20.21,0.865822,17.85,0.8343765400143485,gate_r20_g0.5,17
17000,21.04,0.509606,17.85,0.8312166099348465,gate_r20_g0.5,17
18000,22.745,1.03699,17.6,0.8717797887081347,gate_r20_g0.5,17
19000,16.855,0.463735,17.55,0.8190977064011221,gate_r20_g0.5,17
20000,17.215,0.529316,18.8,0.9020444615019348,gate_r20_g0.5,17
1,47.995,0.158431,48.05,0.049999999999999996,gate_r20_g0.5,18
1000,38.52,1.79603,40.9,0.8642002691871589,gate_r20_g0.5,18
2000,36.53,1.21923,36.2,1.0701696864959018,gate_r20_g0.5,18
3000,29.83,0.90842,32.3,0.9093085863793203,gate_r20_g0.5,18
4000,25.2,1.13863,30.2,1.2087401009228358,gate_r20_g0.5,18
5000,22.22,0.863323,28.85,1.147709389220661,gate_r20_g0.5,18
6000,17.09,0.771281,26.65,1.044471661957173,gate_r20_g0.5,18
7000,14.725,0.649217,24.2,1.0872466432037833,gate_r20_g0.5,18
8000,16.72,1.675,23.45,0.9045935405939015,gate_r20_g0.5,18
9000,14.7,0.918815,21.4,0.8188567126118426,gate_r20_g0.5,18
10000,18.55,0.573712,19.95,0.8350070910508862,gate_r20_g0.5,18
11000,15.465,1.08381,19.2,0.9020444615019347,gate_r20_g0.5,18
12000,14.275,0.782584,19.65,0.8893374233841612,gate_r20_g0.5,18
13000,18.13,1.19593,18.9,0.959440626505608,gate_r20_g0.5,18
14000,19.265,1.18821,18.25,0.8762209526681822,gate_r20_g0.5,18
15000,18.995,0.773282,18.75,0.839407685905898,gate_r20_g0.5,18
16000,18.375,0.645335,18.6,0.8503869088461099,gate_r20_g0.5,18
17000,17.41,0.771281,17.85,0.9326673689223995,gate_r20_g0.5,18
18000,17.215,0.884697,18.5,0.9880869341680844,gate_r20_g0.5,18
19000,15.995,1.0297,18.1,0.7976940450283455,gate_r20_g0.5,18
20000,16.65,1.08322,18.65,0.6210136026987187,gate_r20_g0.5,18
1,47.015,0.121857,47.0,0.0,gate_r20_g0.5,19
1000,38.565,0.726923,39.95,0.7162585537286612,gate_r20_g0.5,19
2000,31.02,1.59131,34.95,0.9880203492470768,gate_r20_g0.5,19
3000,29.875,2.13828,31.1,1.2709300365853098,gate_r20_g0.5,19
4000,25.875,0.923928,27.3,1.1812125794685462,gate_r20_g0.5,19
5000,26.135,1.03058,24.7,1.1518863248008275,gate_r20_g0.5,19
6000,24.09,1.08062,23.6,0.9744094027720207,gate_r20_g0.5,19
7000,24.3,1.48358,22.25,0.7177266742621236,gate_r20_g0.5,19
8000,23.65,1.14633,21.1,0.9864876556434156,gate_r20_g0.5,19
9000,21.99,2.33176,19.5,1.1227316312411768,gate_r20_g0.5,19
10000,18.255,0.808233,19.05,1.0820910556101917,gate_r20_g0.5,19
11000,18.24,0.857951,18.8,0.8961907691651606,gate_r20_g0.5,19
12000,15.755,1.76082,18.3,0.7681145747868607,gate_r20_g0.5,19
13000,19.255,0.593071,18.45,0.8381527307120104,gate_r20_g0.5,19
14000,17.48,0.950853,17.5,1.0039396081648067,gate_r20_g0.5,19
15000,16.96,0.423434,17.05,0.9103932059685441,gate_r20_g0.5,19
16000,16.17,0.998038,17.15,0.8216639087530668,gate_r20_g0.5,19
17000,12.695,1.86531,17.35,0.6931051412607653,gate_r20_g0.5,19
18000,15.0,0.425329,17.0,0.7574194416083573,gate_r20_g0.5,19
19000,14.45,0.860933,17.05,0.7271972149793234,gate_r20_g0.5,19
20000,13.225,0.515464,18.15,0.7118360248791777,gate_r20_g0.5,19
1,57.01,0.141421,57.0,0.0,gate_r20_g0.5,20
1000,48.965,0.441303,48.3,0.7749363301520157,gate_r20_g0.5,20
2000,45.075,0.801616,41.4,0.9851529403039274,gate_r20_g0.5,20
3000,39.21,1.30938,35.4,1.0397368088025678,gate_r20_g0.5,20
4000,28.93,1.2421,30.85,1.0961055462048592,gate_r20_g0.5,20
5000,24.015,0.562456,28.4,1.0867624540712417,gate_r20_g0.5,20
6000,18.775,1.209,26.3,1.056558464768365,gate_r20_g0.5,20
7000,18.145,1.3687,23.9,0.9173761209931405,gate_r20_g0.5,20
8000,17.445,2.05868,21.85,1.0569942488515551,gate_r20_g0.5,20
9000,14.62,1.13669,21.3,1.1194453513847122,gate_r20_g0.5,20
10000,15.02,0.736418,21.05,1.0038740747199006,gate_r20_g0.5,20
11000,17.505,1.18617,19.85,0.9549731327165841,gate_r20_g0.5,20
12000,20.39,1.05996,19.35,0.9155814948349548,gate_r20_g0.5,20
13000,22.72,0.771086,19.65,0.8744170990768046,gate_r20_g0.5,20
14000,17.475,0.776136,19.95,0.9906802553907352,gate_r20_g0.5,20
15000,23.68,1.78424,19.25,0.9258708560621525,gate_r20_g0.5,20
16000,21.87,1.47103,18.3,0.9627263916934852,gate_r20_g0.5,20
17000,24.61,1.29471,18.2,0.9722464491551188,gate_r20_g0.5,20
18000,25.375,0.759777,18.9,0.8140218540969083,gate_r20_g0.5,20
19000,24.97,0.801443,17.8,0.8723833054219615,gate_r20_g0.5,20
20000,20.875,0.890697,17.6,0.7341303483857976,gate_r20_g0.5,20
1,59.975,0.156517,60.0,0.0,gate_r20_g0.5,21
1000,49.82,1.94332,51.4,0.8985368223131602,gate_r20_g0.5,21
2000,42.22,2.8989,44.15,0.9466700642390229,gate_r20_g0.5,21
3000,31.555,0.754867,37.3,1.0490597293717234,gate_r20_g0.5,21
4000,26.545,0.608132,32.6,1.0295630140987,gate_r20_g0.5,21
5000,19.38,1.29382,29.5,0.7694837640638656,gate_r20_g0.5,21
6000,15.945,1.1395,27.4,0.7960428446549318,gate_r20_g0.5,21
7000,16.83,1.15228,24.85,0.8592377282709428,gate_r20_g0.5,21
8000,17.265,1.01485,23.4,1.0218661978536083,gate_r20_g0.5,21
9000,20.735,1.16687,20.4,1.10358268237686,gate_r20_g0.5,21
10000,21.085,0.721372,20.05,0.9719080528310767,gate_r20_g0.5,21
11000,18.175,1.93471,19.5,0.910465468000326,gate_r20_g0.5,21
12000,18.95,2.23213,19.45,1.103761511235199,gate_r20_g0.5,21
13000,15.145,0.474448,18.0,0.9787209698591859,gate_r20_g0.5,21
14000,19.52,0.934864,18.1,0.8457323204742364,gate_r20_g0.5,21
15000,19.615,0.61536,17.85,0.9632046292946981,gate_r20_g0.5,21
16000,18.41,1.32312,17.75,0.648378544402963,gate_r20_g0.5,21
17000,16.535,0.788596,17.85,0.7081294856317258,gate_r20_g0.5,21
18000,19.915,0.445835,18.05,0.919024081924894,gate_r20_g0.5,21
19000,21.39,1.5717,18.2,0.916515138991168,gate_r20_g0.5,21
20000,20.17,0.438247,16.95,0.8126467478813321,gate_r20_g0.5,21
1,71.995,0.0707107,72.0,0.0,gate_r20_g0.5,22
1000,64.475,2.67303,58.9,0.8172482712383704,gate_r20_g0.5,22
2000,54.675,1.66228,51.25,0.8762209526681822,gate_r20_g0.5,22
3000,40.225,1.49181,43.85,0.8216639087530668,gate_r20_g0.5,22
4000,31.765,1.21539,38.4,0.8807891198716129,gate_r20_g0.5,22
5000,29.32,0.678159,33.3,1.2651190915441415,gate_r20_g0.5,22
6000,26.17,0.576857,30.9,1.1874342087037917,gate_r20_g0.5,22
7000,20.38,2.05101,27.65,1.1080447454388909,gate_r20_g0.5,22
8000,26.35,0.980975,26.7,1.1495994725853091,gate_r20_g0.5,22
9000,22.905,1.08715,23.5,1.1997806817125063,gate_r20_g0.5,22
10000,22.655,0.720117,21.7,0.9735988582789654,gate_r20_g0.5,22
11000,23.3,1.18194,21.9,0.8822817308726157,gate_r20_g0.5,22
12000,23.2,0.862391,21.2,0.8290768487013924,gate_r20_g0.5,22
13000,20.445,0.949464,20.05,0.9610164574964092,gate_r20_g0.5,22
14000,16.415,0.886966,19.7,1.1170920896873744,gate_r20_g0.5,22
15000,14.905,0.581088,19.4,0.9717049584703114,gate_r20_g0.5,22
16000,15.745,1.38911,19.0,1.025978352085154,gate_r20_g0.5,22
17000,13.93,0.98486,18.15,0.9098149030955344,gate_r20_g0.5,22
18000,13.115,1.49094,17.4,0.9525588806224169,gate_r20_g0.5,22
19000,12.055,0.287031,17.4,0.8284417839979369,gate_r20_g0.5,22
20000,12.31,0.864661,16.55,0.7088723439378912,gate_r20_g0.5,22
1,44.005,0.122679,44.0,0.07254762501100116,gate_r20_g0.5,23
1000,39.93,1.06337,37.7,0.7074788447646146,gate_r20_g0.5,23
2000,33.63,0.696798,33.3,0.9208119986414736,gate_r20_g0.5,23
3000,28.385,1.17631,30.75,1.1467918638302979,gate_r20_g0.5,23
4000,26.865,1.49934,27.2,0.8873378280297937,gate_r20_g0.5,23
5000,24.4,1.57557,24.95,0.8810131727314388,gate_r20_g0.5,23
6000,28.115,1.02324,23.4,0.9497922210451581,gate_r20_g0.5,23
7000,29.84,2.00862,23.1,1.010211025375131,gate_r20_g0.5,23
8000,26.76,1.21233,22.65,0.8280446212233022,gate_r20_g0.5,23
9000,28.395,1.04134,22.25,0.8969979170309677,gate_r20_g0.5,23
10000,24.125,1.04154,20.35,0.8022173219140479,gate_r20_g0.5,23
11000,26.785,0.907133,19.5,0.8629813683419029,gate_r20_g0.5,23
12000,27.625,2.07022,18.65,0.669937153376109,gate_r20_g0.5,23
13000,22.745,1.28383,18.85,0.5861336294557302,gate_r20_g0.5,23
14000,28.1,0.708881,17.3,0.6847973192274138,gate_r20_g0.5,23
15000,28.41,1.28849,18.05,0.9190240819248943,gate_r20_g0.5,23
16000,25.185,1.48722,17.95,0.7379737550603644,gate_r20_g0.5,23
17000,22.825,0.893514,17.1,0.6954740904780823,gate_r20_g0.5,23
18000,23.895,0.887646,17.35,0.8054910238318513,gate_r20_g0.5,23
19000,21.95,1.39903,17.2,0.8227041419995149,gate_r20_g0.5,23
20000,17.33,0.919416,17.9,0.7976940450283455,gate_r20_g0.5,23
1,67.975,0.156517,68.0,0.0,gate_r20_g0.5,24
1000,59.885,2.72376,56.8,0.6828731869634976,gate_r20_g0.5,24
2000,50.815,1.48045,46.8,1.1206201290732782,gate_r20_g0.5,24
3000,45.68,1.37369,38.8,1.3130919717657974,gate_r20_g0.5,24
4000,36.72,1.11256,34.4,1.0321158645688655,gate_r20_g0.5,24
5000,32.61,1.36279,32.25,1.1650050824375244,gate_r20_g0.5,24
6000,25.215,1.80139,28.9,1.142250778990876,gate_r20_g0.5,24
7000,20.835,1.33291,27.45,1.1931272486951872,gate_r20_g0.5,24
8000,19.83,0.521979,25.35,0.9326673689223995,gate_r20_g0.5,24
9000,24.97,2.53203,23.85,0.8714023785044186,gate_r20_g0.5,24
10000,20.425,0.792157,22.4,0.9470174788583146,gate_r20_g0.5,24
11000,21.575,1.14496,21.55,0.8839951178717291,gate_r20_g0.5,24
12000,21.055,0.287031,21.2,0.8510055971119046,gate_r20_g0.5,24
13000,21.565,1.0252,20.0,0.8303455209793849,gate_r20_g0.5,24
14000,19.315,0.786682,19.5,1.027260024480042,gate_r20_g0.5,24
15000,15.805,1.02088,19.7,0.9179496603558216,gate_r20_g0.5,24
16000,13.735,0.876709,18.5,0.9361174015441034,gate_r20_g0.5,24
17000,14.845,1.42518,17.85,0.788986691902975,gate_r20_g0.5,24
18000,13.01,0.601422,18.1,0.7570719217728539,gate_r20_g0.5,24
19000,14.16,0.553109,18.65,0.9326673689223994,gate_r20_g0.5,24
20000,14.51,0.584472,18.65,1.044471661957173,gate_r20_g0.5,24
1,66.985,0.157796,67.0,0.0,gate_r20_g0.5,25
1000,58.375,3.04973,55.55,0.9332315107365262,gate_r20_g0.5,25
2000,49.475,1.70997,48.6,1.1341586262395944,gate_r20_g0.5,25
3000,43.735,2.55291,41.35,1.0033496530700496,gate_r20_g0.5,25
4000,38.45,0.72118,36.7,0.9923390761757107,gate_r20_g0.5,25
5000,35.57,1.16269,32.4,0.8252591299579468,gate_r20_g0.5,25
6000,32.575,1.22961,29.45,0.9074980063773955,gate_r20_g0.5,25
7000,28.25,1.53927,25.5,0.8062257748298549,gate_r20_g0.5,25
8000,28.215,1.49665,24.7,1.1587198017412874,gate_r20_g0.5,25
9000,22.695,0.941492,23.25,1.2330428771304367,gate_r20_g0.5,25
10000,25.79,1.43744,21.2,1.0896643616511608,gate_r20_g0.5,25
11000,25.085,0.965628,19.9,1.1329978863732781,gate_r20_g0.5,25
12000,23.605,1.0652,18.55,1.159571154849022,gate_r20_g0.5,25
13000,22.065,0.414286,19.2,1.0701696864959018,gate_r20_g0.5,25
14000,22.405,0.634815,19.9,1.0384705352736683,gate_r20_g0.5,25
15000,23.455,0.768719,19.2,0.936398475683914,gate_r20_g0.5,25
16000,19.185,0.695119,18.25,1.0049220970068433,gate_r20_g0.5,25
17000,16.29,0.661884,17.55,0.9472258664675829,gate_r20_g0.5,25
18000,17.445,0.781041,16.85,0.7721296591417245,gate_r20_g0.5,25
19000,18.115,0.930648,17.15,0.8683771918748332,gate_r20_g0.5,25
20000,19.745,1.40708,17.05,0.8987564508223219,gate_r20_g0.5,25
1,55.995,0.122679,56.0,0.0,gate_r20_g0.5,26
1000,49.61,1.40634,47.6,0.6505058760202262,gate_r20_g0.5,26
2000,40.58,1.46091,40.55,0.8158786029409292,gate_r20_g0.5,26
3000,37.965,2.48286,34.75,0.882207160299785,gate_r20_g0.5,26
4000,38.26,1.65107,30.25,0.6761929030278735,gate_r20_g0.5,26
5000,38.145,0.772632,28.15,0.7789162511565602,gate_r20_g0.5,26
6000,35.695,1.47064,24.9,0.6992477160642374,gate_r20_g0.5,26
7000,35.385,1.45512,23.7,0.7715329920973807,gate_r20_g0.5,26
8000,31.26,0.988578,21.6,1.0192876769690942,gate_r20_g0.5,26
9000,30.13,1.66944,21.85,0.8744170990768048,gate_r20_g0.5,26
10000,25.935,0.626689,20.45,0.6785239397708126,gate_r20_g0.5,26
11000,22.53,0.575112,18.75,0.6319352065387384,gate_r20_g0.5,26
12000,21.88,1.30926,17.85,0.7687138951726961,gate_r20_g0.5,26
13000,12.765,1.44228,18.15,0.9928030493188678,gate_r20_g0.5,26
14000,14.365,0.983162,17.9,1.041001542038395,gate_r20_g0.5,26
15000,12.67,0.815121,17.85,0.8499999999999999,gate_r20_g0.5,26
16000,11.495,0.672485,17.8,0.9475730773096633,gate_r20_g0.5,26
17000,15.685,1.6612,16.45,1.0271959788411207,gate_r20_g0.5,26
18000,16.89,1.58127,17.25,1.1259498913782695,gate_r20_g0.5,26
19000,14.675,0.814057,16.6,0.9525588806224169,gate_r20_g0.5,26
20000,12.73,1.58736,16.35,0.7372602197182127,gate_r20_g0.5,26
1,56.98,0.140351,57.0,0.0,gate_r20_g0.5,27
1000,44.495,2.08367,47.8,0.8632862548973756,gate_r20_g0.5,27
2000,38.245,1.50876,40.15,0.9713663735063857,gate_r20_g0.5,27
3000,32.32,1.4554,34.0,1.1584926685818493,gate_r20_g0.5,27
4000,34.035,2.39005,30.9,1.0535653752852738,gate_r20_g0.5,27
5000,30.115,0.941385,26.9,1.0758105879069193,gate_r20_g0.5,27
6000,27.19,0.452686,24.7,0.852550353505972,gate_r20_g0.5,27
7000,27.185,0.924689,23.15,0.6816195883026651,gate_r20_g0.5,27
8000,24.08,1.4261,21.0,0.8795932074125605,gate_r20_g0.5,27
9000,20.455,1.20217,19.5,0.8599265574515804,gate_r20_g0.5,27
10000,19.49,0.617907,18.75,1.0484951622507173,gate_r20_g0.5,27
11000,23.25,1.48273,18.05,0.8381527307120105,gate_r20_g0.5,27
12000,22.625,0.937427,18.25,0.833114006225091,gate_r20_g0.5,27
13000,20.705,1.40637,18.75,0.8267724182499966,gate_r20_g0.5,27
14000,20.325,2.52413,18.7,0.8243019375268544,gate_r20_g0.5,27
15000,18.09,2.74583,17.5,0.7308970695766877,gate_r20_g0.5,27
16000,13.595,1.02284,17.4,0.9245197900019573,gate_r20_g0.5,27
17000,17.435,1.42687,17.1,0.9997368074701091,gate_r20_g0.5,27
18000,16.95,0.933734,17.55,0.9959787569072576,gate_r20_g0.5,27
19000,17.705,1.55889,16.75,0.9057564445490328,gate_r20_g0.5,27
20000,18.87,1.19593,17.2,1.065240274353755,gate_r20_g0.5,27
1,58.99,0.141421,59.0,0.0,gate_r20_g0.5,28
1000,51.205,1.13109,49.55,0.8598500481265079,gate_r20_g0.5,28
2000,42.335,1.0335,42.35,1.546260344389514,gate_r20_g0.5,28
3000,34.595,0.642682,36.5,1.6327245553626646,gate_r20_g0.5,28
4000,35.145,0.898897,30.5,1.6551355485912704,gate_r20_g0.5,28
5000,29.955,1.43991,28.1,1.4919079977278122,gate_r20_g0.5,28
6000,24.095,3.52107,25.1,1.1896483337082167,gate_r20_g0.5,28
7000,23.53,1.97194,23.15,0.9980902817512631,gate_r20_g0.5,28
8000,23.365,1.12611,21.6,0.9851529403039276,gate_r20_g0.5,28
9000,22.945,0.764787,20.45,0.9773083336119509,gate_r20_g0.5,28
10000,20.66,2.41736,19.45,0.9444435844509328,gate_r20_g0.5,28
11000,18.725,0.782584,18.7,0.8858537362935618,gate_r20_g0.5,28
12000,17.36,1.00271,18.8,0.9049571086084981,gate_r20_g0.5,28
13000,19.625,1.51521,18.65,0.8406607676796802,gate_r20_g0.5,28
14000,23.0,1.11184,17.5,0.8382312204561272,gate_r20_g0.5,28
15000,22.425,0.668287,17.65,0.8981706554523974,gate_r20_g0.5,28
16000,21.68,0.906481,17.6,0.9273618495495702,gate_r20_g0.5,28
17000,21.395,1.10684,17.25,0.9230242056471359,gate_r20_g0.5,28
18000,21.69,1.03889,16.9,0.7877349273641951,gate_r20_g0.5,28
19000,22.3,1.47338,16.85,0.8280446212233022,gate_r20_g0.5,28
20000,28.365,1.83264,16.1,0.7776482766040589,gate_r20_g0.5,28
1,70.995,0.158431,71.0,0.0,gate_r20_g0.5,29
1000,60.65,1.76439,58.35,0.8280446212233022,gate_r20_g0.5,29
2000,48.875,2.54198,49.9,1.010211025375131,gate_r20_g0.5,29
3000,44.205,0.620403,41.95,1.3425721582097552,gate_r20_g0.5,29
4000,36.2,0.763488,36.65,1.4766159747348344,gate_r20_g0.5,29
5000,31.925,0.686829,33.05,1.4662429611263719,gate_r20_g0.5,29
6000,26.76,1.02354,30.65,1.384643218343723,gate_r20_g0.5,29
7000,27.465,2.24365,28.3,1.4957835475270582,gate_r20_g0.5,29
8000,21.83,1.08025,25.35,1.4783970693750856,gate_r20_g0.5,29
9000,25.18,1.94848,24.55,1.282421640162819,gate_r20_g0.5,29
10000,25.335,0.998881,22.0,1.010471489740778,gate_r20_g0.5,29
11000,22.975,0.89912,20.15,0.9382935238197614,gate_r20_g0.5,29
12000,20.305,0.919895,20.2,0.8723833054219616,gate_r20_g0.5,29
13000,19.925,0.633547,18.8,0.9936641389587488,gate_r20_g0.5,29
14000,17.43,2.33503,17.95,0.7728110002486139,gate_r20_g0.5,29
15000,11.595,0.815044,17.05,0.9304073810631782,gate_r20_g0.5,29
16000,14.24,2.13664,17.4,0.9553175278133279,gate_r20_g0.5,29
17000,12.885,1.08982,16.2,0.7595012213704186,gate_r20_g0.5,29
18000,12.34,1.19648,16.0,0.7469235147202858,gate_r20_g0.5,29
19000,12.805,0.787449,16.4,0.6505058760202264,gate_r20_g0.5,29
20000,12.03,0.923779,16.55,0.7014083576708552,gate_r20_g0.5,29
